endpoint,track,seed,allocation,population,true_class,n,assumed_rate,successes_rounded,cp95_lower,cp95_upper,cp95_width
Tox21_NR_AhR,random_grouped,101,50_20_15_15,full_conformal,0,838,0.8,670,0.770786436432277,0.8261339175234663,0.055347481091189366
Tox21_NR_AhR,random_grouped,101,50_20_15_15,full_conformal,0,838,0.9,754,0.8774039667039973,0.9192566299201808,0.04185266321618342
Tox21_NR_AhR,random_grouped,101,50_20_15_15,full_conformal,0,838,0.95,796,0.9328540763809976,0.9636430384152233,0.030788962034225653
Tox21_NR_AhR,random_grouped,101,50_20_15_15,full_conformal,1,105,0.8,84,0.7106742035065267,0.8717261000275283,0.1610518965210016
Tox21_NR_AhR,random_grouped,101,50_20_15_15,full_conformal,1,105,0.9,94,0.8202800534020037,0.9465308834198186,0.1262508300178149
Tox21_NR_AhR,random_grouped,101,50_20_15_15,full_conformal,1,105,0.95,100,0.8923654342139387,0.9843597078608258,0.09199427364688717
Tox21_NR_AhR,random_grouped,101,50_20_15_15,test,0,838,0.8,670,0.770786436432277,0.8261339175234663,0.055347481091189366
Tox21_NR_AhR,random_grouped,101,50_20_15_15,test,0,838,0.9,754,0.8774039667039973,0.9192566299201808,0.04185266321618342
Tox21_NR_AhR,random_grouped,101,50_20_15_15,test,0,838,0.95,796,0.9328540763809976,0.9636430384152233,0.030788962034225653
Tox21_NR_AhR,random_grouped,101,50_20_15_15,test,1,105,0.8,84,0.7106742035065267,0.8717261000275283,0.1610518965210016
Tox21_NR_AhR,random_grouped,101,50_20_15_15,test,1,105,0.9,94,0.8202800534020037,0.9465308834198186,0.1262508300178149
Tox21_NR_AhR,random_grouped,101,50_20_15_15,test,1,105,0.95,100,0.8923654342139387,0.9843597078608258,0.09199427364688717
Tox21_NR_AhR,random_grouped,102,50_20_15_15,full_conformal,0,838,0.8,670,0.770786436432277,0.8261339175234663,0.055347481091189366
Tox21_NR_AhR,random_grouped,102,50_20_15_15,full_conformal,0,838,0.9,754,0.8774039667039973,0.9192566299201808,0.04185266321618342
Tox21_NR_AhR,random_grouped,102,50_20_15_15,full_conformal,0,838,0.95,796,0.9328540763809976,0.9636430384152233,0.030788962034225653
Tox21_NR_AhR,random_grouped,102,50_20_15_15,full_conformal,1,105,0.8,84,0.7106742035065267,0.8717261000275283,0.1610518965210016
Tox21_NR_AhR,random_grouped,102,50_20_15_15,full_conformal,1,105,0.9,94,0.8202800534020037,0.9465308834198186,0.1262508300178149
Tox21_NR_AhR,random_grouped,102,50_20_15_15,full_conformal,1,105,0.95,100,0.8923654342139387,0.9843597078608258,0.09199427364688717
Tox21_NR_AhR,random_grouped,102,50_20_15_15,test,0,838,0.8,670,0.770786436432277,0.8261339175234663,0.055347481091189366
Tox21_NR_AhR,random_grouped,102,50_20_15_15,test,0,838,0.9,754,0.8774039667039973,0.9192566299201808,0.04185266321618342
Tox21_NR_AhR,random_grouped,102,50_20_15_15,test,0,838,0.95,796,0.9328540763809976,0.9636430384152233,0.030788962034225653
Tox21_NR_AhR,random_grouped,102,50_20_15_15,test,1,105,0.8,84,0.7106742035065267,0.8717261000275283,0.1610518965210016
Tox21_NR_AhR,random_grouped,102,50_20_15_15,test,1,105,0.9,94,0.8202800534020037,0.9465308834198186,0.1262508300178149
Tox21_NR_AhR,random_grouped,102,50_20_15_15,test,1,105,0.95,100,0.8923654342139387,0.9843597078608258,0.09199427364688717
Tox21_NR_AhR,random_grouped,103,50_20_15_15,full_conformal,0,838,0.8,670,0.770786436432277,0.8261339175234663,0.055347481091189366
Tox21_NR_AhR,random_grouped,103,50_20_15_15,full_conformal,0,838,0.9,754,0.8774039667039973,0.9192566299201808,0.04185266321618342
Tox21_NR_AhR,random_grouped,103,50_20_15_15,full_conformal,0,838,0.95,796,0.9328540763809976,0.9636430384152233,0.030788962034225653
Tox21_NR_AhR,random_grouped,103,50_20_15_15,full_conformal,1,105,0.8,84,0.7106742035065267,0.8717261000275283,0.1610518965210016
Tox21_NR_AhR,random_grouped,103,50_20_15_15,full_conformal,1,105,0.9,94,0.8202800534020037,0.9465308834198186,0.1262508300178149
Tox21_NR_AhR,random_grouped,103,50_20_15_15,full_conformal,1,105,0.95,100,0.8923654342139387,0.9843597078608258,0.09199427364688717
Tox21_NR_AhR,random_grouped,103,50_20_15_15,test,0,838,0.8,670,0.770786436432277,0.8261339175234663,0.055347481091189366
Tox21_NR_AhR,random_grouped,103,50_20_15_15,test,0,838,0.9,754,0.8774039667039973,0.9192566299201808,0.04185266321618342
Tox21_NR_AhR,random_grouped,103,50_20_15_15,test,0,838,0.95,796,0.9328540763809976,0.9636430384152233,0.030788962034225653
Tox21_NR_AhR,random_grouped,103,50_20_15_15,test,1,105,0.8,84,0.7106742035065267,0.8717261000275283,0.1610518965210016
Tox21_NR_AhR,random_grouped,103,50_20_15_15,test,1,105,0.9,94,0.8202800534020037,0.9465308834198186,0.1262508300178149
Tox21_NR_AhR,random_grouped,103,50_20_15_15,test,1,105,0.95,100,0.8923654342139387,0.9843597078608258,0.09199427364688717
Tox21_NR_AhR,random_grouped,104,50_20_15_15,full_conformal,0,838,0.8,670,0.770786436432277,0.8261339175234663,0.055347481091189366
Tox21_NR_AhR,random_grouped,104,50_20_15_15,full_conformal,0,838,0.9,754,0.8774039667039973,0.9192566299201808,0.04185266321618342
Tox21_NR_AhR,random_grouped,104,50_20_15_15,full_conformal,0,838,0.95,796,0.9328540763809976,0.9636430384152233,0.030788962034225653
Tox21_NR_AhR,random_grouped,104,50_20_15_15,full_conformal,1,105,0.8,84,0.7106742035065267,0.8717261000275283,0.1610518965210016
Tox21_NR_AhR,random_grouped,104,50_20_15_15,full_conformal,1,105,0.9,94,0.8202800534020037,0.9465308834198186,0.1262508300178149
Tox21_NR_AhR,random_grouped,104,50_20_15_15,full_conformal,1,105,0.95,100,0.8923654342139387,0.9843597078608258,0.09199427364688717
Tox21_NR_AhR,random_grouped,104,50_20_15_15,test,0,838,0.8,670,0.770786436432277,0.8261339175234663,0.055347481091189366
Tox21_NR_AhR,random_grouped,104,50_20_15_15,test,0,838,0.9,754,0.8774039667039973,0.9192566299201808,0.04185266321618342
Tox21_NR_AhR,random_grouped,104,50_20_15_15,test,0,838,0.95,796,0.9328540763809976,0.9636430384152233,0.030788962034225653
Tox21_NR_AhR,random_grouped,104,50_20_15_15,test,1,105,0.8,84,0.7106742035065267,0.8717261000275283,0.1610518965210016
Tox21_NR_AhR,random_grouped,104,50_20_15_15,test,1,105,0.9,94,0.8202800534020037,0.9465308834198186,0.1262508300178149
Tox21_NR_AhR,random_grouped,104,50_20_15_15,test,1,105,0.95,100,0.8923654342139387,0.9843597078608258,0.09199427364688717
Tox21_NR_AhR,random_grouped,105,50_20_15_15,full_conformal,0,838,0.8,670,0.770786436432277,0.8261339175234663,0.055347481091189366
Tox21_NR_AhR,random_grouped,105,50_20_15_15,full_conformal,0,838,0.9,754,0.8774039667039973,0.9192566299201808,0.04185266321618342
Tox21_NR_AhR,random_grouped,105,50_20_15_15,full_conformal,0,838,0.95,796,0.9328540763809976,0.9636430384152233,0.030788962034225653
Tox21_NR_AhR,random_grouped,105,50_20_15_15,full_conformal,1,105,0.8,84,0.7106742035065267,0.8717261000275283,0.1610518965210016
Tox21_NR_AhR,random_grouped,105,50_20_15_15,full_conformal,1,105,0.9,94,0.8202800534020037,0.9465308834198186,0.1262508300178149
Tox21_NR_AhR,random_grouped,105,50_20_15_15,full_conformal,1,105,0.95,100,0.8923654342139387,0.9843597078608258,0.09199427364688717
Tox21_NR_AhR,random_grouped,105,50_20_15_15,test,0,838,0.8,670,0.770786436432277,0.8261339175234663,0.055347481091189366
Tox21_NR_AhR,random_grouped,105,50_20_15_15,test,0,838,0.9,754,0.8774039667039973,0.9192566299201808,0.04185266321618342
Tox21_NR_AhR,random_grouped,105,50_20_15_15,test,0,838,0.95,796,0.9328540763809976,0.9636430384152233,0.030788962034225653
Tox21_NR_AhR,random_grouped,105,50_20_15_15,test,1,105,0.8,84,0.7106742035065267,0.8717261000275283,0.1610518965210016
Tox21_NR_AhR,random_grouped,105,50_20_15_15,test,1,105,0.9,94,0.8202800534020037,0.9465308834198186,0.1262508300178149
Tox21_NR_AhR,random_grouped,105,50_20_15_15,test,1,105,0.95,100,0.8923654342139387,0.9843597078608258,0.09199427364688717
Tox21_NR_AhR,strict_scaffold,101,50_20_15_15,full_conformal,0,823,0.8,658,0.7705017704152204,0.826362043846187,0.05586027343096667
Tox21_NR_AhR,strict_scaffold,101,50_20_15_15,full_conformal,0,823,0.9,741,0.8778378064464596,0.9199714479557949,0.042133641509335296
Tox21_NR_AhR,strict_scaffold,101,50_20_15_15,full_conformal,0,823,0.95,782,0.9330206373432024,0.964016132547547,0.030995495204344636
Tox21_NR_AhR,strict_scaffold,101,50_20_15_15,full_conformal,1,120,0.8,96,0.7171901091020599,0.8674524324552813,0.15026232335322132
Tox21_NR_AhR,strict_scaffold,101,50_20_15_15,full_conformal,1,120,0.9,108,0.8318347872973342,0.9472522136099402,0.11541742631260599
Tox21_NR_AhR,strict_scaffold,101,50_20_15_15,full_conformal,1,120,0.95,114,0.8943461454812877,0.9814324132173309,0.08708626773604322
Tox21_NR_AhR,strict_scaffold,101,50_20_15_15,test,0,805,0.8,644,0.7706698817620525,0.8271133494173363,0.05644346765528374
Tox21_NR_AhR,strict_scaffold,101,50_20_15_15,test,0,805,0.9,724,0.8764916493339159,0.9192877799200274,0.042796130586111536
Tox21_NR_AhR,strict_scaffold,101,50_20_15_15,test,0,805,0.95,765,0.9329488306783262,0.9642672510460192,0.031318420367692945
Tox21_NR_AhR,strict_scaffold,101,50_20_15_15,test,1,138,0.8,110,0.7202807036933885,0.8607390460598197,0.14045834236643118
Tox21_NR_AhR,strict_scaffold,101,50_20_15_15,test,1,138,0.9,124,0.8356450671899761,0.943417694161388,0.10777262697141188
Tox21_NR_AhR,strict_scaffold,101,50_20_15_15,test,1,138,0.95,131,0.898281031948686,0.9793656359310434,0.0810846039823574
Tox21_NR_AhR,strict_scaffold,102,50_20_15_15,full_conformal,0,831,0.8,665,0.7714106619232252,0.8269223586753114,0.055511696752086226
Tox21_NR_AhR,strict_scaffold,102,50_20_15_15,full_conformal,0,831,0.9,748,0.8776912931202944,0.9196600408476968,0.041968747727402445
Tox21_NR_AhR,strict_scaffold,102,50_20_15_15,full_conformal,0,831,0.95,789,0.9322936040618816,0.9633347471308281,0.031041143068946564
Tox21_NR_AhR,strict_scaffold,102,50_20_15_15,full_conformal,1,112,0.8,90,0.7178475142630776,0.8726137634371466,0.154766249174069
Tox21_NR_AhR,strict_scaffold,102,50_20_15_15,full_conformal,1,112,0.9,101,0.8310606742334967,0.949944265542584,0.11888359130908732
Tox21_NR_AhR,strict_scaffold,102,50_20_15_15,full_conformal,1,112,0.95,106,0.8870403407956796,0.9800890546058889,0.0930487138102093
Tox21_NR_AhR,strict_scaffold,102,50_20_15_15,test,0,794,0.8,635,0.7701916370697801,0.8270586413041756,0.0568670042343955
Tox21_NR_AhR,strict_scaffold,102,50_20_15_15,test,0,794,0.9,715,0.8775428836778167,0.920435320862159,0.042892437184342214
Tox21_NR_AhR,strict_scaffold,102,50_20_15_15,test,0,794,0.95,754,0.9320285567603882,0.963768868521044,0.03174031176065584
Tox21_NR_AhR,strict_scaffold,102,50_20_15_15,test,1,149,0.8,119,0.7252177478506054,0.8598406600545994,0.13462291220399392
Tox21_NR_AhR,strict_scaffold,102,50_20_15_15,test,1,149,0.9,134,0.8393975542918672,0.9425519710020638,0.10315441671019654
Tox21_NR_AhR,strict_scaffold,102,50_20_15_15,test,1,149,0.95,142,0.905600589601554,0.980905744792941,0.07530515519138703
Tox21_NR_AhR,strict_scaffold,103,50_20_15_15,full_conformal,0,823,0.8,658,0.7705017704152204,0.826362043846187,0.05586027343096667
Tox21_NR_AhR,strict_scaffold,103,50_20_15_15,full_conformal,0,823,0.9,741,0.8778378064464596,0.9199714479557949,0.042133641509335296
Tox21_NR_AhR,strict_scaffold,103,50_20_15_15,full_conformal,0,823,0.95,782,0.9330206373432024,0.964016132547547,0.030995495204344636
Tox21_NR_AhR,strict_scaffold,103,50_20_15_15,full_conformal,1,120,0.8,96,0.7171901091020599,0.8674524324552813,0.15026232335322132
Tox21_NR_AhR,strict_scaffold,103,50_20_15_15,full_conformal,1,120,0.9,108,0.8318347872973342,0.9472522136099402,0.11541742631260599
Tox21_NR_AhR,strict_scaffold,103,50_20_15_15,full_conformal,1,120,0.95,114,0.8943461454812877,0.9814324132173309,0.08708626773604322
Tox21_NR_AhR,strict_scaffold,103,50_20_15_15,test,0,807,0.8,646,0.7712277418256965,0.8275486651010262,0.05632092327532967
Tox21_NR_AhR,strict_scaffold,103,50_20_15_15,test,0,807,0.9,726,0.8767938306387031,0.9194898683087896,0.04269603767008656
Tox21_NR_AhR,strict_scaffold,103,50_20_15_15,test,0,807,0.95,767,0.9331134828779131,0.9643563965187456,0.031242913640832537
Tox21_NR_AhR,strict_scaffold,103,50_20_15_15,test,1,136,0.8,109,0.7244529685881866,0.864903593023121,0.1404506244349344
Tox21_NR_AhR,strict_scaffold,103,50_20_15_15,test,1,136,0.9,122,0.8333156885173162,0.9425681862159124,0.10925249769859624
Tox21_NR_AhR,strict_scaffold,103,50_20_15_15,test,1,136,0.95,129,0.8968265853978337,0.9790585232740772,0.0822319378762435
Tox21_NR_AhR,strict_scaffold,104,50_20_15_15,full_conformal,0,830,0.8,664,0.7711402675811673,0.826710536595634,0.05557026901446671
Tox21_NR_AhR,strict_scaffold,104,50_20_15_15,full_conformal,0,830,0.9,747,0.8775457836484921,0.9195622643668834,0.04201648071839126
Tox21_NR_AhR,strict_scaffold,104,50_20_15_15,full_conformal,0,830,0.95,788,0.932212771982347,0.9632902781643499,0.03107750618200289
Tox21_NR_AhR,strict_scaffold,104,50_20_15_15,full_conformal,1,113,0.8,90,0.7104100697676028,0.8663810280647427,0.15597095829713992
Tox21_NR_AhR,strict_scaffold,104,50_20_15_15,full_conformal,1,113,0.9,102,0.832496253088374,0.9503966219121548,0.11790036882378074
Tox21_NR_AhR,strict_scaffold,104,50_20_15_15,full_conformal,1,113,0.95,107,0.8880083046051744,0.9802675107996484,0.09225920619447392
Tox21_NR_AhR,strict_scaffold,104,50_20_15_15,test,0,795,0.8,636,0.7704753176100266,0.8272796841028545,0.05680436649282783
Tox21_NR_AhR,strict_scaffold,104,50_20_15_15,test,0,795,0.9,716,0.8776949431703068,0.9205364322629058,0.042841489092598994
Tox21_NR_AhR,strict_scaffold,104,50_20_15_15,test,0,795,0.95,755,0.9321132604299162,0.9638147498181245,0.03170148938820838
Tox21_NR_AhR,strict_scaffold,104,50_20_15_15,test,1,148,0.8,118,0.7234493281452231,0.8588618132469688,0.13541248510174564
Tox21_NR_AhR,strict_scaffold,104,50_20_15_15,test,1,148,0.9,133,0.838349509650521,0.9421559899165515,0.10380648026603045
Tox21_NR_AhR,strict_scaffold,104,50_20_15_15,test,1,148,0.95,141,0.9049789679958706,0.9807753007977708,0.07579633280190012
Tox21_NR_AhR,strict_scaffold,105,50_20_15_15,full_conformal,0,815,0.8,652,0.7708607253894862,0.8269500366827205,0.056089311293234245
Tox21_NR_AhR,strict_scaffold,105,50_20_15_15,full_conformal,0,815,0.9,734,0.8779879184298957,0.9202881998825954,0.042300281452699706
Tox21_NR_AhR,strict_scaffold,105,50_20_15_15,full_conformal,0,815,0.95,774,0.9323691966916458,0.9636605575064517,0.03129136081480599
Tox21_NR_AhR,strict_scaffold,105,50_20_15_15,full_conformal,1,128,0.8,102,0.7167127633951633,0.8628136845472302,0.14610092115206685
Tox21_NR_AhR,strict_scaffold,105,50_20_15_15,full_conformal,1,128,0.9,115,0.8325876836313582,0.944804504418533,0.11221682078717488
Tox21_NR_AhR,strict_scaffold,105,50_20_15_15,full_conformal,1,128,0.95,122,0.9007648763061088,0.9826059438597275,0.08184106755361875
Tox21_NR_AhR,strict_scaffold,105,50_20_15_15,test,0,805,0.8,644,0.7706698817620525,0.8271133494173363,0.05644346765528374
Tox21_NR_AhR,strict_scaffold,105,50_20_15_15,test,0,805,0.9,724,0.8764916493339159,0.9192877799200274,0.042796130586111536
Tox21_NR_AhR,strict_scaffold,105,50_20_15_15,test,0,805,0.95,765,0.9329488306783262,0.9642672510460192,0.031318420367692945
Tox21_NR_AhR,strict_scaffold,105,50_20_15_15,test,1,138,0.8,110,0.7202807036933885,0.8607390460598197,0.14045834236643118
Tox21_NR_AhR,strict_scaffold,105,50_20_15_15,test,1,138,0.9,124,0.8356450671899761,0.943417694161388,0.10777262697141188
Tox21_NR_AhR,strict_scaffold,105,50_20_15_15,test,1,138,0.95,131,0.898281031948686,0.9793656359310434,0.0810846039823574
Tox21_NR_AhR,similarity_cluster,101,50_20_15_15,full_conformal,0,839,0.8,671,0.7710546850168363,0.8263444087905356,0.05528972377369934
Tox21_NR_AhR,similarity_cluster,101,50_20_15_15,full_conformal,0,839,0.9,755,0.8775482630833804,0.9193538394053524,0.041805576321972016
Tox21_NR_AhR,similarity_cluster,101,50_20_15_15,full_conformal,0,839,0.95,797,0.9329333873755782,0.9636866572879818,0.03075326991240357
Tox21_NR_AhR,similarity_cluster,101,50_20_15_15,full_conformal,1,104,0.8,83,0.7080542006112113,0.8704455125788895,0.1623913119676782
Tox21_NR_AhR,similarity_cluster,101,50_20_15_15,full_conformal,1,104,0.9,94,0.8302722009962493,0.9529205666855987,0.12264836568934934
Tox21_NR_AhR,similarity_cluster,101,50_20_15_15,full_conformal,1,104,0.95,99,0.8913640399850995,0.9842075518460147,0.09284351186091522
Tox21_NR_AhR,similarity_cluster,101,50_20_15_15,test,0,873,0.8,698,0.7714206101922294,0.8256240796190588,0.05420346942682941
Tox21_NR_AhR,similarity_cluster,101,50_20_15_15,test,0,873,0.9,786,0.8785291656200727,0.9194083544232476,0.04087918880317498
Tox21_NR_AhR,similarity_cluster,101,50_20_15_15,test,0,873,0.95,829,0.9329268231669203,0.9631431765478059,0.030216353380885574
Tox21_NR_AhR,similarity_cluster,101,50_20_15_15,test,1,70,0.8,56,0.6872643461041652,0.8861196379677923,0.19885529186362705
Tox21_NR_AhR,similarity_cluster,101,50_20_15_15,test,1,70,0.9,63,0.8047543474583375,0.9588402984164153,0.15408595095807776
Tox21_NR_AhR,similarity_cluster,101,50_20_15_15,test,1,70,0.95,66,0.8601058259020212,0.9842129178467568,0.12410709194473557
Tox21_NR_AhR,similarity_cluster,102,50_20_15_15,full_conformal,0,858,0.8,686,0.7711537908370667,0.8258388600818454,0.05468506924477867
Tox21_NR_AhR,similarity_cluster,102,50_20_15_15,full_conformal,0,858,0.9,772,0.8776960348927612,0.919043431711272,0.04134739681851085
Tox21_NR_AhR,similarity_cluster,102,50_20_15_15,full_conformal,0,858,0.95,815,0.9330840483004847,0.9634963641536431,0.0304123158531584
Tox21_NR_AhR,similarity_cluster,102,50_20_15_15,full_conformal,1,85,0.8,68,0.6992068789457568,0.878958154920497,0.17975127597474017
Tox21_NR_AhR,similarity_cluster,102,50_20_15_15,full_conformal,1,85,0.9,76,0.8084961024821846,0.9504273419757547,0.14193123949357012
Tox21_NR_AhR,similarity_cluster,102,50_20_15_15,full_conformal,1,85,0.95,81,0.8838736573144156,0.9870311248132784,0.10315746749886279
Tox21_NR_AhR,similarity_cluster,102,50_20_15_15,test,0,860,0.8,688,0.7716764808445293,0.8262501828905715,0.05457370204604217
Tox21_NR_AhR,similarity_cluster,102,50_20_15_15,test,0,860,0.9,774,0.877976959795951,0.9192335821359914,0.04125662234004035
Tox21_NR_AhR,similarity_cluster,102,50_20_15_15,test,0,860,0.95,817,0.9332382873106534,0.9635818090031318,0.030343521692478448
Tox21_NR_AhR,similarity_cluster,102,50_20_15_15,test,1,83,0.8,66,0.6924442079335851,0.875919457400359,0.18347524946677396
Tox21_NR_AhR,similarity_cluster,102,50_20_15_15,test,1,83,0.9,75,0.8188869719415928,0.9574618267384848,0.13857485479689202
Tox21_NR_AhR,similarity_cluster,102,50_20_15_15,test,1,83,0.95,79,0.8811815827730807,0.9867149219216153,0.10553333914853458
Tox21_NR_AhR,similarity_cluster,103,50_20_15_15,full_conformal,0,860,0.8,688,0.7716764808445293,0.8262501828905715,0.05457370204604217
Tox21_NR_AhR,similarity_cluster,103,50_20_15_15,full_conformal,0,860,0.9,774,0.877976959795951,0.9192335821359914,0.04125662234004035
Tox21_NR_AhR,similarity_cluster,103,50_20_15_15,full_conformal,0,860,0.95,817,0.9332382873106534,0.9635818090031318,0.030343521692478448
Tox21_NR_AhR,similarity_cluster,103,50_20_15_15,full_conformal,1,83,0.8,66,0.6924442079335851,0.875919457400359,0.18347524946677396
Tox21_NR_AhR,similarity_cluster,103,50_20_15_15,full_conformal,1,83,0.9,75,0.8188869719415928,0.9574618267384848,0.13857485479689202
Tox21_NR_AhR,similarity_cluster,103,50_20_15_15,full_conformal,1,83,0.95,79,0.8811815827730807,0.9867149219216153,0.10553333914853458
Tox21_NR_AhR,similarity_cluster,103,50_20_15_15,test,0,878,0.8,702,0.7715079587461775,0.8255536804090949,0.054045721662917434
Tox21_NR_AhR,similarity_cluster,103,50_20_15_15,test,0,878,0.9,790,0.8779774407788519,0.918837270563001,0.04085982978414915
Tox21_NR_AhR,similarity_cluster,103,50_20_15_15,test,0,878,0.95,834,0.9333054391049962,0.9633544241973907,0.03004898509239451
Tox21_NR_AhR,similarity_cluster,103,50_20_15_15,test,1,65,0.8,52,0.6823120281183095,0.8889841651132548,0.20667213699494535
Tox21_NR_AhR,similarity_cluster,103,50_20_15_15,test,1,65,0.9,58,0.7906184007420958,0.9555913430791529,0.16497294233705717
Tox21_NR_AhR,similarity_cluster,103,50_20_15_15,test,1,65,0.95,62,0.8709887201017411,0.9903789211596614,0.11939020105792031
Tox21_NR_AhR,similarity_cluster,104,50_20_15_15,full_conformal,0,856,0.8,685,0.7718512031384148,0.8265312980880121,0.05468009494959725
Tox21_NR_AhR,similarity_cluster,104,50_20_15_15,full_conformal,0,856,0.9,770,0.8774138140107819,0.9188523835984856,0.041438569587703755
Tox21_NR_AhR,similarity_cluster,104,50_20_15_15,full_conformal,0,856,0.95,813,0.9329290950670273,0.9634105173877118,0.030481422320684515
Tox21_NR_AhR,similarity_cluster,104,50_20_15_15,full_conformal,1,87,0.8,70,0.705680229197672,0.8818513142363641,0.17617108503869205
Tox21_NR_AhR,similarity_cluster,104,50_20_15_15,full_conformal,1,87,0.9,78,0.8126865619808874,0.9515940833086394,0.13890752132775197
Tox21_NR_AhR,similarity_cluster,104,50_20_15_15,full_conformal,1,87,0.95,83,0.8864465520333394,0.9873326241793586,0.10088607214601919
Tox21_NR_AhR,similarity_cluster,104,50_20_15_15,test,0,863,0.8,690,0.7712435381503118,0.8257666610043992,0.05452312285408745
Tox21_NR_AhR,similarity_cluster,104,50_20_15_15,test,0,863,0.9,777,0.8783959366428531,0.9195171384032256,0.04112120176037248
Tox21_NR_AhR,similarity_cluster,104,50_20_15_15,test,0,863,0.95,820,0.9334683174205357,0.9637092288371769,0.030240911416641203
Tox21_NR_AhR,similarity_cluster,104,50_20_15_15,test,1,80,0.8,64,0.6956311329945355,0.8811409135950147,0.18550978060047918
Tox21_NR_AhR,similarity_cluster,104,50_20_15_15,test,1,80,0.9,72,0.8124348925365683,0.955829059846371,0.1433941673098027
Tox21_NR_AhR,similarity_cluster,104,50_20_15_15,test,1,80,0.95,76,0.876901263556847,0.9862106060235382,0.1093093424666911
Tox21_NR_AhR,similarity_cluster,105,50_20_15_15,full_conformal,0,868,0.8,694,0.7713324739233132,0.8256950703616606,0.0543625964383474
Tox21_NR_AhR,similarity_cluster,105,50_20_15_15,full_conformal,0,868,0.9,781,0.8778380303364646,0.918939496020242,0.04110146568377748
Tox21_NR_AhR,similarity_cluster,105,50_20_15_15,full_conformal,0,868,0.95,825,0.9338481989640746,0.9639196251677332,0.030071426203658658
Tox21_NR_AhR,similarity_cluster,105,50_20_15_15,full_conformal,1,75,0.8,60,0.6916739106298713,0.8835178514092479,0.1918439407793766
Tox21_NR_AhR,similarity_cluster,105,50_20_15_15,full_conformal,1,75,0.9,68,0.8171064734437357,0.9616460934582725,0.1445396200145368
Tox21_NR_AhR,similarity_cluster,105,50_20_15_15,full_conformal,1,75,0.95,71,0.8690391927215253,0.9852792353408218,0.11624004261929655
Tox21_NR_AhR,similarity_cluster,105,50_20_15_15,test,0,868,0.8,694,0.7713324739233132,0.8256950703616606,0.0543625964383474
Tox21_NR_AhR,similarity_cluster,105,50_20_15_15,test,0,868,0.9,781,0.8778380303364646,0.918939496020242,0.04110146568377748
Tox21_NR_AhR,similarity_cluster,105,50_20_15_15,test,0,868,0.95,825,0.9338481989640746,0.9639196251677332,0.030071426203658658
Tox21_NR_AhR,similarity_cluster,105,50_20_15_15,test,1,75,0.8,60,0.6916739106298713,0.8835178514092479,0.1918439407793766
Tox21_NR_AhR,similarity_cluster,105,50_20_15_15,test,1,75,0.9,68,0.8171064734437357,0.9616460934582725,0.1445396200145368
Tox21_NR_AhR,similarity_cluster,105,50_20_15_15,test,1,75,0.95,71,0.8690391927215253,0.9852792353408218,0.11624004261929655
Tox21_NR_ER,random_grouped,101,50_20_15_15,full_conformal,0,784,0.8,627,0.7699894014328001,0.8272254719186977,0.05723607048589752
Tox21_NR_ER,random_grouped,101,50_20_15_15,full_conformal,0,784,0.9,706,0.8773899296537176,0.92056178246456,0.04317185281084235
Tox21_NR_ER,random_grouped,101,50_20_15_15,full_conformal,0,784,0.95,745,0.9326215852560097,0.9643907848808354,0.03176919962482572
Tox21_NR_ER,random_grouped,101,50_20_15_15,full_conformal,1,94,0.8,75,0.7024886843707917,0.8736973258777191,0.17120864150692738
Tox21_NR_ER,random_grouped,101,50_20_15_15,full_conformal,1,94,0.9,85,0.8260143127147285,0.9552779254780787,0.1292636127633502
Tox21_NR_ER,random_grouped,101,50_20_15_15,full_conformal,1,94,0.95,89,0.8802212027226479,0.9825055945918003,0.10228439186915239
Tox21_NR_ER,random_grouped,101,50_20_15_15,test,0,784,0.8,627,0.7699894014328001,0.8272254719186977,0.05723607048589752
Tox21_NR_ER,random_grouped,101,50_20_15_15,test,0,784,0.9,706,0.8773899296537176,0.92056178246456,0.04317185281084235
Tox21_NR_ER,random_grouped,101,50_20_15_15,test,0,784,0.95,745,0.9326215852560097,0.9643907848808354,0.03176919962482572
Tox21_NR_ER,random_grouped,101,50_20_15_15,test,1,94,0.8,75,0.7024886843707917,0.8736973258777191,0.17120864150692738
Tox21_NR_ER,random_grouped,101,50_20_15_15,test,1,94,0.9,85,0.8260143127147285,0.9552779254780787,0.1292636127633502
Tox21_NR_ER,random_grouped,101,50_20_15_15,test,1,94,0.95,89,0.8802212027226479,0.9825055945918003,0.10228439186915239
Tox21_NR_ER,random_grouped,102,50_20_15_15,full_conformal,0,784,0.8,627,0.7699894014328001,0.8272254719186977,0.05723607048589752
Tox21_NR_ER,random_grouped,102,50_20_15_15,full_conformal,0,784,0.9,706,0.8773899296537176,0.92056178246456,0.04317185281084235
Tox21_NR_ER,random_grouped,102,50_20_15_15,full_conformal,0,784,0.95,745,0.9326215852560097,0.9643907848808354,0.03176919962482572
Tox21_NR_ER,random_grouped,102,50_20_15_15,full_conformal,1,94,0.8,75,0.7024886843707917,0.8736973258777191,0.17120864150692738
Tox21_NR_ER,random_grouped,102,50_20_15_15,full_conformal,1,94,0.9,85,0.8260143127147285,0.9552779254780787,0.1292636127633502
Tox21_NR_ER,random_grouped,102,50_20_15_15,full_conformal,1,94,0.95,89,0.8802212027226479,0.9825055945918003,0.10228439186915239
Tox21_NR_ER,random_grouped,102,50_20_15_15,test,0,784,0.8,627,0.7699894014328001,0.8272254719186977,0.05723607048589752
Tox21_NR_ER,random_grouped,102,50_20_15_15,test,0,784,0.9,706,0.8773899296537176,0.92056178246456,0.04317185281084235
Tox21_NR_ER,random_grouped,102,50_20_15_15,test,0,784,0.95,745,0.9326215852560097,0.9643907848808354,0.03176919962482572
Tox21_NR_ER,random_grouped,102,50_20_15_15,test,1,94,0.8,75,0.7024886843707917,0.8736973258777191,0.17120864150692738
Tox21_NR_ER,random_grouped,102,50_20_15_15,test,1,94,0.9,85,0.8260143127147285,0.9552779254780787,0.1292636127633502
Tox21_NR_ER,random_grouped,102,50_20_15_15,test,1,94,0.95,89,0.8802212027226479,0.9825055945918003,0.10228439186915239
Tox21_NR_ER,random_grouped,103,50_20_15_15,full_conformal,0,784,0.8,627,0.7699894014328001,0.8272254719186977,0.05723607048589752
Tox21_NR_ER,random_grouped,103,50_20_15_15,full_conformal,0,784,0.9,706,0.8773899296537176,0.92056178246456,0.04317185281084235
Tox21_NR_ER,random_grouped,103,50_20_15_15,full_conformal,0,784,0.95,745,0.9326215852560097,0.9643907848808354,0.03176919962482572
Tox21_NR_ER,random_grouped,103,50_20_15_15,full_conformal,1,94,0.8,75,0.7024886843707917,0.8736973258777191,0.17120864150692738
Tox21_NR_ER,random_grouped,103,50_20_15_15,full_conformal,1,94,0.9,85,0.8260143127147285,0.9552779254780787,0.1292636127633502
Tox21_NR_ER,random_grouped,103,50_20_15_15,full_conformal,1,94,0.95,89,0.8802212027226479,0.9825055945918003,0.10228439186915239
Tox21_NR_ER,random_grouped,103,50_20_15_15,test,0,784,0.8,627,0.7699894014328001,0.8272254719186977,0.05723607048589752
Tox21_NR_ER,random_grouped,103,50_20_15_15,test,0,784,0.9,706,0.8773899296537176,0.92056178246456,0.04317185281084235
Tox21_NR_ER,random_grouped,103,50_20_15_15,test,0,784,0.95,745,0.9326215852560097,0.9643907848808354,0.03176919962482572
Tox21_NR_ER,random_grouped,103,50_20_15_15,test,1,94,0.8,75,0.7024886843707917,0.8736973258777191,0.17120864150692738
Tox21_NR_ER,random_grouped,103,50_20_15_15,test,1,94,0.9,85,0.8260143127147285,0.9552779254780787,0.1292636127633502
Tox21_NR_ER,random_grouped,103,50_20_15_15,test,1,94,0.95,89,0.8802212027226479,0.9825055945918003,0.10228439186915239
Tox21_NR_ER,random_grouped,104,50_20_15_15,full_conformal,0,784,0.8,627,0.7699894014328001,0.8272254719186977,0.05723607048589752
Tox21_NR_ER,random_grouped,104,50_20_15_15,full_conformal,0,784,0.9,706,0.8773899296537176,0.92056178246456,0.04317185281084235
Tox21_NR_ER,random_grouped,104,50_20_15_15,full_conformal,0,784,0.95,745,0.9326215852560097,0.9643907848808354,0.03176919962482572
Tox21_NR_ER,random_grouped,104,50_20_15_15,full_conformal,1,94,0.8,75,0.7024886843707917,0.8736973258777191,0.17120864150692738
Tox21_NR_ER,random_grouped,104,50_20_15_15,full_conformal,1,94,0.9,85,0.8260143127147285,0.9552779254780787,0.1292636127633502
Tox21_NR_ER,random_grouped,104,50_20_15_15,full_conformal,1,94,0.95,89,0.8802212027226479,0.9825055945918003,0.10228439186915239
Tox21_NR_ER,random_grouped,104,50_20_15_15,test,0,784,0.8,627,0.7699894014328001,0.8272254719186977,0.05723607048589752
Tox21_NR_ER,random_grouped,104,50_20_15_15,test,0,784,0.9,706,0.8773899296537176,0.92056178246456,0.04317185281084235
Tox21_NR_ER,random_grouped,104,50_20_15_15,test,0,784,0.95,745,0.9326215852560097,0.9643907848808354,0.03176919962482572
Tox21_NR_ER,random_grouped,104,50_20_15_15,test,1,94,0.8,75,0.7024886843707917,0.8736973258777191,0.17120864150692738
Tox21_NR_ER,random_grouped,104,50_20_15_15,test,1,94,0.9,85,0.8260143127147285,0.9552779254780787,0.1292636127633502
Tox21_NR_ER,random_grouped,104,50_20_15_15,test,1,94,0.95,89,0.8802212027226479,0.9825055945918003,0.10228439186915239
Tox21_NR_ER,random_grouped,105,50_20_15_15,full_conformal,0,784,0.8,627,0.7699894014328001,0.8272254719186977,0.05723607048589752
Tox21_NR_ER,random_grouped,105,50_20_15_15,full_conformal,0,784,0.9,706,0.8773899296537176,0.92056178246456,0.04317185281084235
Tox21_NR_ER,random_grouped,105,50_20_15_15,full_conformal,0,784,0.95,745,0.9326215852560097,0.9643907848808354,0.03176919962482572
Tox21_NR_ER,random_grouped,105,50_20_15_15,full_conformal,1,94,0.8,75,0.7024886843707917,0.8736973258777191,0.17120864150692738
Tox21_NR_ER,random_grouped,105,50_20_15_15,full_conformal,1,94,0.9,85,0.8260143127147285,0.9552779254780787,0.1292636127633502
Tox21_NR_ER,random_grouped,105,50_20_15_15,full_conformal,1,94,0.95,89,0.8802212027226479,0.9825055945918003,0.10228439186915239
Tox21_NR_ER,random_grouped,105,50_20_15_15,test,0,784,0.8,627,0.7699894014328001,0.8272254719186977,0.05723607048589752
Tox21_NR_ER,random_grouped,105,50_20_15_15,test,0,784,0.9,706,0.8773899296537176,0.92056178246456,0.04317185281084235
Tox21_NR_ER,random_grouped,105,50_20_15_15,test,0,784,0.95,745,0.9326215852560097,0.9643907848808354,0.03176919962482572
Tox21_NR_ER,random_grouped,105,50_20_15_15,test,1,94,0.8,75,0.7024886843707917,0.8736973258777191,0.17120864150692738
Tox21_NR_ER,random_grouped,105,50_20_15_15,test,1,94,0.9,85,0.8260143127147285,0.9552779254780787,0.1292636127633502
Tox21_NR_ER,random_grouped,105,50_20_15_15,test,1,94,0.95,89,0.8802212027226479,0.9825055945918003,0.10228439186915239
Tox21_NR_ER,strict_scaffold,101,50_20_15_15,full_conformal,0,761,0.8,609,0.7700600174761381,0.82811694035356,0.058056922877421924
Tox21_NR_ER,strict_scaffold,101,50_20_15_15,full_conformal,0,761,0.9,685,0.8765964411114303,0.9205065305048603,0.043910089393429996
Tox21_NR_ER,strict_scaffold,101,50_20_15_15,full_conformal,0,761,0.95,723,0.932102588150108,0.9644246302298186,0.03232204207971057
Tox21_NR_ER,strict_scaffold,101,50_20_15_15,full_conformal,1,117,0.8,94,0.7197781835676144,0.8711135402188734,0.15133535665125908
Tox21_NR_ER,strict_scaffold,101,50_20_15_15,full_conformal,1,117,0.9,105,0.8276940767293133,0.9458701728136145,0.11817609608430124
Tox21_NR_ER,strict_scaffold,101,50_20_15_15,full_conformal,1,117,0.95,111,0.8917198834624995,0.9809504500633843,0.0892305666008848
Tox21_NR_ER,strict_scaffold,101,50_20_15_15,test,0,748,0.8,598,0.7689460480610902,0.8276008809032989,0.058654832842208626
Tox21_NR_ER,strict_scaffold,101,50_20_15_15,test,0,748,0.9,673,0.87593793295186,0.9203150279553556,0.044377095003495626
Tox21_NR_ER,strict_scaffold,101,50_20_15_15,test,0,748,0.95,711,0.9324603757267642,0.9649361887565937,0.03247581302982949
Tox21_NR_ER,strict_scaffold,101,50_20_15_15,test,1,130,0.8,104,0.7208490031734837,0.8649981322011324,0.14414912902764876
Tox21_NR_ER,strict_scaffold,101,50_20_15_15,test,1,130,0.9,117,0.8350683267206863,0.9456713071727957,0.11060298045210937
Tox21_NR_ER,strict_scaffold,101,50_20_15_15,test,1,130,0.95,124,0.9022495921928114,0.9828765065172156,0.08062691432440416
Tox21_NR_ER,strict_scaffold,102,50_20_15_15,full_conformal,0,764,0.8,611,0.7695725764754784,0.8275686883496955,0.05799611187421716
Tox21_NR_ER,strict_scaffold,102,50_20_15_15,full_conformal,0,764,0.9,688,0.8770746564299708,0.9208219489925105,0.04374729256253962
Tox21_NR_ER,strict_scaffold,102,50_20_15_15,full_conformal,0,764,0.95,726,0.9323666775802787,0.9645652752072398,0.03219859762696109
Tox21_NR_ER,strict_scaffold,102,50_20_15_15,full_conformal,1,114,0.8,91,0.7128100528038779,0.867596499905319,0.15478644710144107
Tox21_NR_ER,strict_scaffold,102,50_20_15_15,full_conformal,1,114,0.9,103,0.833907678769974,0.9508408722199401,0.11693319344996611
Tox21_NR_ER,strict_scaffold,102,50_20_15_15,full_conformal,1,114,0.95,108,0.8889598328917169,0.9804427961144567,0.09148296322273985
Tox21_NR_ER,strict_scaffold,102,50_20_15_15,test,0,747,0.8,598,0.7700476499822971,0.8286278469497652,0.05858019696746808
Tox21_NR_ER,strict_scaffold,102,50_20_15_15,test,0,747,0.9,672,0.8757740672204994,0.9202072192562539,0.044433152035754486
Tox21_NR_ER,strict_scaffold,102,50_20_15_15,test,0,747,0.95,710,0.9323708264768433,0.9648889276191238,0.03251810114228049
Tox21_NR_ER,strict_scaffold,102,50_20_15_15,test,1,131,0.8,105,0.722872348349924,0.8660644308269101,0.14319208247698612
Tox21_NR_ER,strict_scaffold,102,50_20_15_15,test,1,131,0.9,118,0.8362813240506076,0.9460945744138071,0.10981325036319944
Tox21_NR_ER,strict_scaffold,102,50_20_15_15,test,1,131,0.95,124,0.8930018807994318,0.9782491950727933,0.08524731427336152
Tox21_NR_ER,strict_scaffold,103,50_20_15_15,full_conformal,0,755,0.8,604,0.7696573408378169,0.8279771982289537,0.058319857391136765
Tox21_NR_ER,strict_scaffold,103,50_20_15_15,full_conformal,0,755,0.9,680,0.8770730042255385,0.9210616061755676,0.04398860195002918
Tox21_NR_ER,strict_scaffold,103,50_20_15_15,full_conformal,0,755,0.95,717,0.9315681743773107,0.964139963783651,0.03257178940634031
Tox21_NR_ER,strict_scaffold,103,50_20_15_15,full_conformal,1,123,0.8,98,0.714752329089047,0.8639364124161034,0.14918408332705646
Tox21_NR_ER,strict_scaffold,103,50_20_15_15,full_conformal,1,123,0.9,111,0.8357814565494646,0.9485654102087216,0.11278395365925709
Tox21_NR_ER,strict_scaffold,103,50_20_15_15,full_conformal,1,123,0.95,117,0.896848109840565,0.9818905878470316,0.08504247800646669
Tox21_NR_ER,strict_scaffold,103,50_20_15_15,test,0,752,0.8,602,0.7701514951412383,0.8285330376985224,0.058381542557284116
Tox21_NR_ER,strict_scaffold,103,50_20_15_15,test,0,752,0.9,677,0.876589097306341,0.9207433644388188,0.04415426713247772
Tox21_NR_ER,strict_scaffold,103,50_20_15_15,test,0,752,0.95,714,0.9312978007819275,0.963995915184168,0.032698114402240575
Tox21_NR_ER,strict_scaffold,103,50_20_15_15,test,1,126,0.8,101,0.7211928232373706,0.8672901409024637,0.14609731766509315
Tox21_NR_ER,strict_scaffold,103,50_20_15_15,test,1,126,0.9,113,0.8300314035936289,0.9439095808965882,0.11387817730295924
Tox21_NR_ER,strict_scaffold,103,50_20_15_15,test,1,126,0.95,120,0.8992343910861718,0.9823266929237294,0.08309230183755767
Tox21_NR_ER,strict_scaffold,104,50_20_15_15,full_conformal,0,746,0.8,597,0.7697453400418759,0.8283943169302603,0.05864897688838444
Tox21_NR_ER,strict_scaffold,104,50_20_15_15,full_conformal,0,746,0.9,671,0.8756097682239468,0.9200991183686728,0.04448935014472599
Tox21_NR_ER,strict_scaffold,104,50_20_15_15,full_conformal,0,746,0.95,709,0.9322810394853516,0.96484153889714,0.0325604994117884
Tox21_NR_ER,strict_scaffold,104,50_20_15_15,full_conformal,1,132,0.8,106,0.7248666949080165,0.8671139896514544,0.1422472947434379
Tox21_NR_ER,strict_scaffold,104,50_20_15_15,full_conformal,1,132,0.9,119,0.8374766355451342,0.9465112946603765,0.10903465911524235
Tox21_NR_ER,strict_scaffold,104,50_20_15_15,full_conformal,1,132,0.95,125,0.8937893250914356,0.9784160274597722,0.08462670236833658
Tox21_NR_ER,strict_scaffold,104,50_20_15_15,test,0,756,0.8,605,0.7699561988937129,0.8282084918054502,0.05825229291173728
Tox21_NR_ER,strict_scaffold,104,50_20_15_15,test,0,756,0.9,680,0.875791096748414,0.9199752096984507,0.04418411295003666
Tox21_NR_ER,strict_scaffold,104,50_20_15_15,test,0,756,0.95,718,0.9316578266948903,0.9641877241610566,0.0325298974661663
Tox21_NR_ER,strict_scaffold,104,50_20_15_15,test,1,122,0.8,98,0.721583316322068,0.8697022802023995,0.14811896388033152
Tox21_NR_ER,strict_scaffold,104,50_20_15_15,test,1,122,0.9,110,0.8344866131622102,0.9481350070324889,0.1136483938702787
Tox21_NR_ER,strict_scaffold,104,50_20_15_15,test,1,122,0.95,116,0.8960273839222657,0.9817403965092455,0.08571301258697983
Tox21_NR_ER,strict_scaffold,105,50_20_15_15,full_conformal,0,746,0.8,597,0.7697453400418759,0.8283943169302603,0.05864897688838444
Tox21_NR_ER,strict_scaffold,105,50_20_15_15,full_conformal,0,746,0.9,671,0.8756097682239468,0.9200991183686728,0.04448935014472599
Tox21_NR_ER,strict_scaffold,105,50_20_15_15,full_conformal,0,746,0.95,709,0.9322810394853516,0.96484153889714,0.0325604994117884
Tox21_NR_ER,strict_scaffold,105,50_20_15_15,full_conformal,1,132,0.8,106,0.7248666949080165,0.8671139896514544,0.1422472947434379
Tox21_NR_ER,strict_scaffold,105,50_20_15_15,full_conformal,1,132,0.9,119,0.8374766355451342,0.9465112946603765,0.10903465911524235
Tox21_NR_ER,strict_scaffold,105,50_20_15_15,full_conformal,1,132,0.95,125,0.8937893250914356,0.9784160274597722,0.08462670236833658
Tox21_NR_ER,strict_scaffold,105,50_20_15_15,test,0,763,0.8,610,0.7692763349917513,0.8273389789284056,0.05806264393665428
Tox21_NR_ER,strict_scaffold,105,50_20_15_15,test,0,763,0.9,687,0.8769156635028055,0.9207170880550295,0.04380142455222402
Tox21_NR_ER,strict_scaffold,105,50_20_15_15,test,0,763,0.95,725,0.9322788762953866,0.9645185172829959,0.03223964098760923
Tox21_NR_ER,strict_scaffold,105,50_20_15_15,test,1,115,0.8,92,0.7151707709013174,0.8687900190420839,0.15361924814076644
Tox21_NR_ER,strict_scaffold,105,50_20_15_15,test,1,115,0.9,104,0.8352955546874501,0.9512772325074579,0.11598167782000779
Tox21_NR_ER,strict_scaffold,105,50_20_15_15,test,1,115,0.95,109,0.8898953403962239,0.9806149943284383,0.09071965393221448
Tox21_NR_ER,similarity_cluster,101,50_20_15_15,full_conformal,0,779,0.8,623,0.7698867649741197,0.8273100628239397,0.05742329784982003
Tox21_NR_ER,similarity_cluster,101,50_20_15_15,full_conformal,0,779,0.9,701,0.8766131971466203,0.9200465908257177,0.043433393679097376
Tox21_NR_ER,similarity_cluster,101,50_20_15_15,full_conformal,0,779,0.95,740,0.9321931767938172,0.9641606775108046,0.031967500716987396
Tox21_NR_ER,similarity_cluster,101,50_20_15_15,full_conformal,1,99,0.8,79,0.7053861421139338,0.8720152673907363,0.16662912527680251
Tox21_NR_ER,similarity_cluster,101,50_20_15_15,full_conformal,1,99,0.9,89,0.8220754385811502,0.9504891277913371,0.12841368921018692
Tox21_NR_ER,similarity_cluster,101,50_20_15_15,full_conformal,1,99,0.95,94,0.8860641822085105,0.9834000886701565,0.09733590646164603
Tox21_NR_ER,similarity_cluster,101,50_20_15_15,test,0,798,0.8,638,0.7700087735605765,0.826756061591825,0.05674728803124851
Tox21_NR_ER,similarity_cluster,101,50_20_15_15,test,0,798,0.9,718,0.8767850603284212,0.9197058221504488,0.04292076182202764
Tox21_NR_ER,similarity_cluster,101,50_20_15_15,test,0,798,0.95,758,0.9323661096856223,0.9639516990741183,0.03158558938849598
Tox21_NR_ER,similarity_cluster,101,50_20_15_15,test,1,80,0.8,64,0.6956311329945355,0.8811409135950147,0.18550978060047918
Tox21_NR_ER,similarity_cluster,101,50_20_15_15,test,1,80,0.9,72,0.8124348925365683,0.955829059846371,0.1433941673098027
Tox21_NR_ER,similarity_cluster,101,50_20_15_15,test,1,80,0.95,76,0.876901263556847,0.9862106060235382,0.1093093424666911
Tox21_NR_ER,similarity_cluster,102,50_20_15_15,full_conformal,0,786,0.8,629,0.7705637046097006,0.827672219837218,0.057108515227517365
Tox21_NR_ER,similarity_cluster,102,50_20_15_15,full_conformal,0,786,0.9,707,0.8763126649361881,0.9196170687093352,0.04330440377314715
Tox21_NR_ER,similarity_cluster,102,50_20_15_15,full_conformal,0,786,0.95,747,0.9327914369240113,0.964482002536489,0.03169056561247763
Tox21_NR_ER,similarity_cluster,102,50_20_15_15,full_conformal,1,92,0.8,74,0.7085262787942339,0.8797239824931542,0.1711977036989203
Tox21_NR_ER,similarity_cluster,102,50_20_15_15,full_conformal,1,92,0.9,83,0.822403534376511,0.9542839110785178,0.1318803767020068
Tox21_NR_ER,similarity_cluster,102,50_20_15_15,full_conformal,1,92,0.95,87,0.8777128644005314,0.9821202066076392,0.10440734220710779
Tox21_NR_ER,similarity_cluster,102,50_20_15_15,test,0,802,0.8,642,0.7711346121256543,0.8276339727356967,0.05649936061004246
Tox21_NR_ER,similarity_cluster,102,50_20_15_15,test,0,802,0.9,722,0.8773917428789121,0.9201104078635808,0.0427186649846687
Tox21_NR_ER,similarity_cluster,102,50_20_15_15,test,0,802,0.95,762,0.93270032702458,0.9641326935448834,0.031432366520303456
Tox21_NR_ER,similarity_cluster,102,50_20_15_15,test,1,76,0.8,61,0.6954487493074043,0.8851146956511898,0.18966594634378553
Tox21_NR_ER,similarity_cluster,102,50_20_15_15,test,1,76,0.9,68,0.8030833008083137,0.9534464372425235,0.15036313643420984
Tox21_NR_ER,similarity_cluster,102,50_20_15_15,test,1,76,0.95,72,0.8706908415470151,0.9854754416608436,0.1147846001138284
Tox21_NR_ER,similarity_cluster,103,50_20_15_15,full_conformal,0,783,0.8,626,0.7697011717618095,0.8270012274097731,0.05730005564796359
Tox21_NR_ER,similarity_cluster,103,50_20_15_15,full_conformal,0,783,0.9,705,0.8772353661527399,0.9204592761112304,0.04322390995849046
Tox21_NR_ER,similarity_cluster,103,50_20_15_15,full_conformal,0,783,0.95,744,0.9325363371215926,0.9643450001143198,0.03180866299272722
Tox21_NR_ER,similarity_cluster,103,50_20_15_15,full_conformal,1,95,0.8,76,0.7054286448370288,0.8750790131240109,0.1696503682869821
Tox21_NR_ER,similarity_cluster,103,50_20_15_15,full_conformal,1,95,0.9,86,0.8277652986819433,0.9557588906706195,0.12799359198867621
Tox21_NR_ER,similarity_cluster,103,50_20_15_15,full_conformal,1,95,0.95,90,0.8814372111951138,0.98269212415356,0.10125491295844624
Tox21_NR_ER,similarity_cluster,103,50_20_15_15,test,0,796,0.8,637,0.770758299559593,0.8275001620645741,0.056741862504981144
Tox21_NR_ER,similarity_cluster,103,50_20_15_15,test,0,796,0.9,716,0.8764794629416361,0.9195019882878819,0.04302252534624573
Tox21_NR_ER,similarity_cluster,103,50_20_15_15,test,0,796,0.95,756,0.9321977532839909,0.9638605150497725,0.031662761765781644
Tox21_NR_ER,similarity_cluster,103,50_20_15_15,test,1,82,0.8,66,0.7025640011918589,0.8841573092049496,0.1815933080130907
Tox21_NR_ER,similarity_cluster,103,50_20_15_15,test,1,82,0.9,74,0.8167860616005723,0.9569311565598961,0.1401450949593238
Tox21_NR_ER,similarity_cluster,103,50_20_15_15,test,1,82,0.95,78,0.8797882377855503,0.9865509663471719,0.10676272856162161
Tox21_NR_ER,similarity_cluster,104,50_20_15_15,full_conformal,0,780,0.8,624,0.7701762282115173,0.8275350603012688,0.057358832089751455
Tox21_NR_ER,similarity_cluster,104,50_20_15_15,full_conformal,0,780,0.9,702,0.8767693296183359,0.9201501631963733,0.04338083357803746
Tox21_NR_ER,similarity_cluster,104,50_20_15_15,full_conformal,0,780,0.95,741,0.9322792936956744,0.9642069366090218,0.031927642913347376
Tox21_NR_ER,similarity_cluster,104,50_20_15_15,full_conformal,1,98,0.8,78,0.702562135549818,0.8706578390561335,0.16809570350631553
Tox21_NR_ER,similarity_cluster,104,50_20_15_15,full_conformal,1,98,0.9,88,0.82034034493393,0.949972373679884,0.12963202874595392
Tox21_NR_ER,similarity_cluster,104,50_20_15_15,full_conformal,1,98,0.95,93,0.8849416000694784,0.9832285840290199,0.0982869839595415
Tox21_NR_ER,similarity_cluster,104,50_20_15_15,test,0,781,0.8,625,0.7704649650784918,0.827759471708152,0.05729450662966018
Tox21_NR_ER,similarity_cluster,104,50_20_15_15,test,0,781,0.9,703,0.8769250676162279,0.9202534675086831,0.04332839989245518
Tox21_NR_ER,similarity_cluster,104,50_20_15_15,test,0,781,0.95,742,0.9323651921650299,0.9642530764355912,0.03188788427056133
Tox21_NR_ER,similarity_cluster,104,50_20_15_15,test,1,97,0.8,78,0.7111385348798072,0.8777534824503661,0.16661494757055895
Tox21_NR_ER,similarity_cluster,104,50_20_15_15,test,1,97,0.9,87,0.8185711466630368,0.9494447136336441,0.13087356697060737
Tox21_NR_ER,similarity_cluster,104,50_20_15_15,test,1,97,0.95,92,0.883796696580968,0.9830534981158062,0.09925680153483818
Tox21_NR_ER,similarity_cluster,105,50_20_15_15,full_conformal,0,780,0.8,624,0.7701762282115173,0.8275350603012688,0.057358832089751455
Tox21_NR_ER,similarity_cluster,105,50_20_15_15,full_conformal,0,780,0.9,702,0.8767693296183359,0.9201501631963733,0.04338083357803746
Tox21_NR_ER,similarity_cluster,105,50_20_15_15,full_conformal,0,780,0.95,741,0.9322792936956744,0.9642069366090218,0.031927642913347376
Tox21_NR_ER,similarity_cluster,105,50_20_15_15,full_conformal,1,98,0.8,78,0.702562135549818,0.8706578390561335,0.16809570350631553
Tox21_NR_ER,similarity_cluster,105,50_20_15_15,full_conformal,1,98,0.9,88,0.82034034493393,0.949972373679884,0.12963202874595392
Tox21_NR_ER,similarity_cluster,105,50_20_15_15,full_conformal,1,98,0.95,93,0.8849416000694784,0.9832285840290199,0.0982869839595415
Tox21_NR_ER,similarity_cluster,105,50_20_15_15,test,0,787,0.8,630,0.7708497834773992,0.8278947277516407,0.05704494427424156
Tox21_NR_ER,similarity_cluster,105,50_20_15_15,test,0,787,0.9,708,0.8764677917789677,0.9197202696728378,0.0432524778938701
Tox21_NR_ER,similarity_cluster,105,50_20_15_15,test,0,787,0.95,748,0.9328760420800125,0.9645274363259896,0.03165139424597707
Tox21_NR_ER,similarity_cluster,105,50_20_15_15,test,1,91,0.8,73,0.7055230027082506,0.8783501222220114,0.17282711951376073
Tox21_NR_ER,similarity_cluster,105,50_20_15_15,test,1,91,0.9,82,0.8205414698041453,0.9537701401060871,0.13322867030194174
Tox21_NR_ER,similarity_cluster,105,50_20_15_15,test,1,91,0.95,86,0.8764189226816125,0.9819210734930212,0.10550215081140868
Tox21_SR_ARE,random_grouped,101,50_20_15_15,full_conformal,0,713,0.8,570,0.7681332417229142,0.8282428769731096,0.060109635250195415
Tox21_SR_ARE,random_grouped,101,50_20_15_15,full_conformal,0,713,0.9,642,0.8760553878835464,0.9214071719901644,0.045351784106618
Tox21_SR_ARE,random_grouped,101,50_20_15_15,full_conformal,0,713,0.95,677,0.9307816026457745,0.964389716060936,0.03360811341516157
Tox21_SR_ARE,random_grouped,101,50_20_15_15,full_conformal,1,127,0.8,102,0.7232757838362941,0.8683715494350203,0.14509576559872617
Tox21_SR_ARE,random_grouped,101,50_20_15_15,full_conformal,1,127,0.9,114,0.831319212428303,0.9443606426325984,0.11304143020429547
Tox21_SR_ARE,random_grouped,101,50_20_15_15,full_conformal,1,127,0.95,121,0.9000054860409307,0.982467430376787,0.0824619443358563
Tox21_SR_ARE,random_grouped,101,50_20_15_15,test,0,713,0.8,570,0.7681332417229142,0.8282428769731096,0.060109635250195415
Tox21_SR_ARE,random_grouped,101,50_20_15_15,test,0,713,0.9,642,0.8760553878835464,0.9214071719901644,0.045351784106618
Tox21_SR_ARE,random_grouped,101,50_20_15_15,test,0,713,0.95,677,0.9307816026457745,0.964389716060936,0.03360811341516157
Tox21_SR_ARE,random_grouped,101,50_20_15_15,test,1,127,0.8,102,0.7232757838362941,0.8683715494350203,0.14509576559872617
Tox21_SR_ARE,random_grouped,101,50_20_15_15,test,1,127,0.9,114,0.831319212428303,0.9443606426325984,0.11304143020429547
Tox21_SR_ARE,random_grouped,101,50_20_15_15,test,1,127,0.95,121,0.9000054860409307,0.982467430376787,0.0824619443358563
Tox21_SR_ARE,random_grouped,102,50_20_15_15,full_conformal,0,713,0.8,570,0.7681332417229142,0.8282428769731096,0.060109635250195415
Tox21_SR_ARE,random_grouped,102,50_20_15_15,full_conformal,0,713,0.9,642,0.8760553878835464,0.9214071719901644,0.045351784106618
Tox21_SR_ARE,random_grouped,102,50_20_15_15,full_conformal,0,713,0.95,677,0.9307816026457745,0.964389716060936,0.03360811341516157
Tox21_SR_ARE,random_grouped,102,50_20_15_15,full_conformal,1,127,0.8,102,0.7232757838362941,0.8683715494350203,0.14509576559872617
Tox21_SR_ARE,random_grouped,102,50_20_15_15,full_conformal,1,127,0.9,114,0.831319212428303,0.9443606426325984,0.11304143020429547
Tox21_SR_ARE,random_grouped,102,50_20_15_15,full_conformal,1,127,0.95,121,0.9000054860409307,0.982467430376787,0.0824619443358563
Tox21_SR_ARE,random_grouped,102,50_20_15_15,test,0,713,0.8,570,0.7681332417229142,0.8282428769731096,0.060109635250195415
Tox21_SR_ARE,random_grouped,102,50_20_15_15,test,0,713,0.9,642,0.8760553878835464,0.9214071719901644,0.045351784106618
Tox21_SR_ARE,random_grouped,102,50_20_15_15,test,0,713,0.95,677,0.9307816026457745,0.964389716060936,0.03360811341516157
Tox21_SR_ARE,random_grouped,102,50_20_15_15,test,1,127,0.8,102,0.7232757838362941,0.8683715494350203,0.14509576559872617
Tox21_SR_ARE,random_grouped,102,50_20_15_15,test,1,127,0.9,114,0.831319212428303,0.9443606426325984,0.11304143020429547
Tox21_SR_ARE,random_grouped,102,50_20_15_15,test,1,127,0.95,121,0.9000054860409307,0.982467430376787,0.0824619443358563
Tox21_SR_ARE,random_grouped,103,50_20_15_15,full_conformal,0,713,0.8,570,0.7681332417229142,0.8282428769731096,0.060109635250195415
Tox21_SR_ARE,random_grouped,103,50_20_15_15,full_conformal,0,713,0.9,642,0.8760553878835464,0.9214071719901644,0.045351784106618
Tox21_SR_ARE,random_grouped,103,50_20_15_15,full_conformal,0,713,0.95,677,0.9307816026457745,0.964389716060936,0.03360811341516157
Tox21_SR_ARE,random_grouped,103,50_20_15_15,full_conformal,1,127,0.8,102,0.7232757838362941,0.8683715494350203,0.14509576559872617
Tox21_SR_ARE,random_grouped,103,50_20_15_15,full_conformal,1,127,0.9,114,0.831319212428303,0.9443606426325984,0.11304143020429547
Tox21_SR_ARE,random_grouped,103,50_20_15_15,full_conformal,1,127,0.95,121,0.9000054860409307,0.982467430376787,0.0824619443358563
Tox21_SR_ARE,random_grouped,103,50_20_15_15,test,0,713,0.8,570,0.7681332417229142,0.8282428769731096,0.060109635250195415
Tox21_SR_ARE,random_grouped,103,50_20_15_15,test,0,713,0.9,642,0.8760553878835464,0.9214071719901644,0.045351784106618
Tox21_SR_ARE,random_grouped,103,50_20_15_15,test,0,713,0.95,677,0.9307816026457745,0.964389716060936,0.03360811341516157
Tox21_SR_ARE,random_grouped,103,50_20_15_15,test,1,127,0.8,102,0.7232757838362941,0.8683715494350203,0.14509576559872617
Tox21_SR_ARE,random_grouped,103,50_20_15_15,test,1,127,0.9,114,0.831319212428303,0.9443606426325984,0.11304143020429547
Tox21_SR_ARE,random_grouped,103,50_20_15_15,test,1,127,0.95,121,0.9000054860409307,0.982467430376787,0.0824619443358563
Tox21_SR_ARE,random_grouped,104,50_20_15_15,full_conformal,0,713,0.8,570,0.7681332417229142,0.8282428769731096,0.060109635250195415
Tox21_SR_ARE,random_grouped,104,50_20_15_15,full_conformal,0,713,0.9,642,0.8760553878835464,0.9214071719901644,0.045351784106618
Tox21_SR_ARE,random_grouped,104,50_20_15_15,full_conformal,0,713,0.95,677,0.9307816026457745,0.964389716060936,0.03360811341516157
Tox21_SR_ARE,random_grouped,104,50_20_15_15,full_conformal,1,127,0.8,102,0.7232757838362941,0.8683715494350203,0.14509576559872617
Tox21_SR_ARE,random_grouped,104,50_20_15_15,full_conformal,1,127,0.9,114,0.831319212428303,0.9443606426325984,0.11304143020429547
Tox21_SR_ARE,random_grouped,104,50_20_15_15,full_conformal,1,127,0.95,121,0.9000054860409307,0.982467430376787,0.0824619443358563
Tox21_SR_ARE,random_grouped,104,50_20_15_15,test,0,713,0.8,570,0.7681332417229142,0.8282428769731096,0.060109635250195415
Tox21_SR_ARE,random_grouped,104,50_20_15_15,test,0,713,0.9,642,0.8760553878835464,0.9214071719901644,0.045351784106618
Tox21_SR_ARE,random_grouped,104,50_20_15_15,test,0,713,0.95,677,0.9307816026457745,0.964389716060936,0.03360811341516157
Tox21_SR_ARE,random_grouped,104,50_20_15_15,test,1,127,0.8,102,0.7232757838362941,0.8683715494350203,0.14509576559872617
Tox21_SR_ARE,random_grouped,104,50_20_15_15,test,1,127,0.9,114,0.831319212428303,0.9443606426325984,0.11304143020429547
Tox21_SR_ARE,random_grouped,104,50_20_15_15,test,1,127,0.95,121,0.9000054860409307,0.982467430376787,0.0824619443358563
Tox21_SR_ARE,random_grouped,105,50_20_15_15,full_conformal,0,713,0.8,570,0.7681332417229142,0.8282428769731096,0.060109635250195415
Tox21_SR_ARE,random_grouped,105,50_20_15_15,full_conformal,0,713,0.9,642,0.8760553878835464,0.9214071719901644,0.045351784106618
Tox21_SR_ARE,random_grouped,105,50_20_15_15,full_conformal,0,713,0.95,677,0.9307816026457745,0.964389716060936,0.03360811341516157
Tox21_SR_ARE,random_grouped,105,50_20_15_15,full_conformal,1,127,0.8,102,0.7232757838362941,0.8683715494350203,0.14509576559872617
Tox21_SR_ARE,random_grouped,105,50_20_15_15,full_conformal,1,127,0.9,114,0.831319212428303,0.9443606426325984,0.11304143020429547
Tox21_SR_ARE,random_grouped,105,50_20_15_15,full_conformal,1,127,0.95,121,0.9000054860409307,0.982467430376787,0.0824619443358563
Tox21_SR_ARE,random_grouped,105,50_20_15_15,test,0,713,0.8,570,0.7681332417229142,0.8282428769731096,0.060109635250195415
Tox21_SR_ARE,random_grouped,105,50_20_15_15,test,0,713,0.9,642,0.8760553878835464,0.9214071719901644,0.045351784106618
Tox21_SR_ARE,random_grouped,105,50_20_15_15,test,0,713,0.95,677,0.9307816026457745,0.964389716060936,0.03360811341516157
Tox21_SR_ARE,random_grouped,105,50_20_15_15,test,1,127,0.8,102,0.7232757838362941,0.8683715494350203,0.14509576559872617
Tox21_SR_ARE,random_grouped,105,50_20_15_15,test,1,127,0.9,114,0.831319212428303,0.9443606426325984,0.11304143020429547
Tox21_SR_ARE,random_grouped,105,50_20_15_15,test,1,127,0.95,121,0.9000054860409307,0.982467430376787,0.0824619443358563
Tox21_SR_ARE,strict_scaffold,101,50_20_15_15,full_conformal,0,702,0.8,562,0.7690623456834738,0.8295259207167176,0.060463575033243844
Tox21_SR_ARE,strict_scaffold,101,50_20_15_15,full_conformal,0,702,0.9,632,0.8756974615921859,0.9214407506530549,0.045743289060869
Tox21_SR_ARE,strict_scaffold,101,50_20_15_15,full_conformal,0,702,0.95,667,0.93133941011265,0.9650301319561012,0.03369072184345123
Tox21_SR_ARE,strict_scaffold,101,50_20_15_15,full_conformal,1,132,0.8,106,0.7248666949080165,0.8671139896514544,0.1422472947434379
Tox21_SR_ARE,strict_scaffold,101,50_20_15_15,full_conformal,1,132,0.9,119,0.8374766355451342,0.9465112946603765,0.10903465911524235
Tox21_SR_ARE,strict_scaffold,101,50_20_15_15,full_conformal,1,132,0.95,125,0.8937893250914356,0.9784160274597722,0.08462670236833658
Tox21_SR_ARE,strict_scaffold,101,50_20_15_15,test,0,692,0.8,554,0.768830089197944,0.8297372213918643,0.0609071321939203
Tox21_SR_ARE,strict_scaffold,101,50_20_15_15,test,0,692,0.9,623,0.8755069955788508,0.9215889450519128,0.04608194947306199
Tox21_SR_ARE,strict_scaffold,101,50_20_15_15,test,0,692,0.95,657,0.9303572194457372,0.9645211702512009,0.03416395080546364
Tox21_SR_ARE,strict_scaffold,101,50_20_15_15,test,1,142,0.8,114,0.7277811953652291,0.8647933413576327,0.13701214599240363
Tox21_SR_ARE,strict_scaffold,101,50_20_15_15,test,1,142,0.9,128,0.8401140834061851,0.9450434524513922,0.10492936904520711
Tox21_SR_ARE,strict_scaffold,101,50_20_15_15,test,1,142,0.95,135,0.9010703468643168,0.9799536050998462,0.07888325823552944
Tox21_SR_ARE,strict_scaffold,102,50_20_15_15,full_conformal,0,690,0.8,552,0.7681734980517708,0.82923521966752,0.06106172161574919
Tox21_SR_ARE,strict_scaffold,102,50_20_15_15,full_conformal,0,690,0.9,621,0.8751511642660168,0.921359169124034,0.04620800485801724
Tox21_SR_ARE,strict_scaffold,102,50_20_15_15,full_conformal,0,690,0.95,656,0.9318204175112277,0.9656374337669162,0.03381701625568856
Tox21_SR_ARE,strict_scaffold,102,50_20_15_15,full_conformal,1,144,0.8,115,0.7237484563836598,0.860784470232041,0.13703601384838116
Tox21_SR_ARE,strict_scaffold,102,50_20_15_15,full_conformal,1,144,0.9,130,0.8422587962485422,0.9458217796194528,0.10356298337091063
Tox21_SR_ARE,strict_scaffold,102,50_20_15_15,full_conformal,1,144,0.95,137,0.9024084460714822,0.9802351994207933,0.0778267533493111
Tox21_SR_ARE,strict_scaffold,102,50_20_15_15,test,0,699,0.8,559,0.7680909931195292,0.828781754121274,0.06069076100174475
Tox21_SR_ARE,strict_scaffold,102,50_20_15_15,test,0,699,0.9,629,0.8751713447227627,0.9210998990277929,0.04592855430503018
Tox21_SR_ARE,strict_scaffold,102,50_20_15_15,test,0,699,0.95,664,0.9310476737396391,0.9648789834688748,0.03383130972923565
Tox21_SR_ARE,strict_scaffold,102,50_20_15_15,test,1,135,0.8,108,0.7225134281192837,0.8638683863344647,0.14135495821518107
Tox21_SR_ARE,strict_scaffold,102,50_20_15_15,test,1,135,0.9,122,0.8409602343647753,0.9477236586104413,0.10676342424566598
Tox21_SR_ARE,strict_scaffold,102,50_20_15_15,test,1,135,0.95,128,0.8960836623896011,0.9789015126372593,0.0828178502476582
Tox21_SR_ARE,strict_scaffold,103,50_20_15_15,full_conformal,0,691,0.8,553,0.7685022585342989,0.8294865903645993,0.06098433183030039
Tox21_SR_ARE,strict_scaffold,103,50_20_15_15,full_conformal,0,691,0.9,622,0.87532933370883,0.9214742252205014,0.04614489151167134
Tox21_SR_ARE,strict_scaffold,103,50_20_15_15,full_conformal,0,691,0.95,656,0.9302574528939722,0.964469457993613,0.03421200509964084
Tox21_SR_ARE,strict_scaffold,103,50_20_15_15,full_conformal,1,143,0.8,114,0.7219102752627559,0.8597777682815191,0.13786749301876322
Tox21_SR_ARE,strict_scaffold,103,50_20_15_15,full_conformal,1,143,0.9,129,0.8411936708640895,0.9454353926059927,0.10424172174190327
Tox21_SR_ARE,strict_scaffold,103,50_20_15_15,full_conformal,1,143,0.95,136,0.9017439493878099,0.9800953982579949,0.07835144887018497
Tox21_SR_ARE,strict_scaffold,103,50_20_15_15,test,0,689,0.8,551,0.7678438037953956,0.8289831060178923,0.06113930222249664
Tox21_SR_ARE,strict_scaffold,103,50_20_15_15,test,0,689,0.9,620,0.87497248507318,0.9212437752814439,0.046271290208263816
Tox21_SR_ARE,strict_scaffold,103,50_20_15_15,test,0,689,0.95,655,0.9317224537188621,0.965587208590717,0.03386475487185492
Tox21_SR_ARE,strict_scaffold,103,50_20_15_15,test,1,145,0.8,116,0.7255625925883493,0.8617767964094222,0.13621420382107285
Tox21_SR_ARE,strict_scaffold,103,50_20_15_15,test,1,145,0.9,130,0.835121786858308,0.9409345866294466,0.10581279977113867
Tox21_SR_ARE,strict_scaffold,103,50_20_15_15,test,1,145,0.95,138,0.9030640202093628,0.9803730502768695,0.07730903006750667
Tox21_SR_ARE,strict_scaffold,104,50_20_15_15,full_conformal,0,713,0.8,570,0.7681332417229142,0.8282428769731096,0.060109635250195415
Tox21_SR_ARE,strict_scaffold,104,50_20_15_15,full_conformal,0,713,0.9,642,0.8760553878835464,0.9214071719901644,0.045351784106618
Tox21_SR_ARE,strict_scaffold,104,50_20_15_15,full_conformal,0,713,0.95,677,0.9307816026457745,0.964389716060936,0.03360811341516157
Tox21_SR_ARE,strict_scaffold,104,50_20_15_15,full_conformal,1,121,0.8,97,0.719403830151604,0.8685870017440465,0.14918317159244243
Tox21_SR_ARE,strict_scaffold,104,50_20_15_15,full_conformal,1,121,0.9,109,0.8331712208108932,0.9476973367338392,0.11452611592294593
Tox21_SR_ARE,strict_scaffold,104,50_20_15_15,full_conformal,1,121,0.95,115,0.8951935020198841,0.981587692825085,0.08639419080520083
Tox21_SR_ARE,strict_scaffold,104,50_20_15_15,test,0,688,0.8,550,0.7675131717877898,0.8287302461135044,0.06121707432571466
Tox21_SR_ARE,strict_scaffold,104,50_20_15_15,test,0,688,0.9,619,0.8747932939406255,0.9211280422029507,0.0463347482623252
Tox21_SR_ARE,strict_scaffold,104,50_20_15_15,test,0,688,0.95,654,0.9316242080482959,0.9655368363675011,0.03391262831920516
Tox21_SR_ARE,strict_scaffold,104,50_20_15_15,test,1,146,0.8,117,0.7273531503971049,0.8627550531025312,0.1354019027054263
Tox21_SR_ARE,strict_scaffold,104,50_20_15_15,test,1,146,0.9,131,0.8362119014509107,0.9413474147662219,0.10513551331531112
Tox21_SR_ARE,strict_scaffold,104,50_20_15_15,test,1,146,0.95,139,0.9037108502118045,0.9805089913595076,0.07679814114770311
Tox21_SR_ARE,strict_scaffold,105,50_20_15_15,full_conformal,0,717,0.8,574,0.7694013395717915,0.829217243720992,0.05981590414920057
Tox21_SR_ARE,strict_scaffold,105,50_20_15_15,full_conformal,0,717,0.9,645,0.8752133496994046,0.9205975788780376,0.04538422917863305
Tox21_SR_ARE,strict_scaffold,105,50_20_15_15,full_conformal,0,717,0.95,681,0.9311639510895704,0.9645897744740555,0.033425823384485076
Tox21_SR_ARE,strict_scaffold,105,50_20_15_15,full_conformal,1,117,0.8,94,0.7197781835676144,0.8711135402188734,0.15133535665125908
Tox21_SR_ARE,strict_scaffold,105,50_20_15_15,full_conformal,1,117,0.9,105,0.8276940767293133,0.9458701728136145,0.11817609608430124
Tox21_SR_ARE,strict_scaffold,105,50_20_15_15,full_conformal,1,117,0.95,111,0.8917198834624995,0.9809504500633843,0.0892305666008848
Tox21_SR_ARE,strict_scaffold,105,50_20_15_15,test,0,678,0.8,542,0.7672551104972023,0.8289324734126239,0.061677362915421585
Tox21_SR_ARE,strict_scaffold,105,50_20_15_15,test,0,678,0.9,610,0.8745868466305089,0.9212734547741457,0.04668660814363679
Tox21_SR_ARE,strict_scaffold,105,50_20_15_15,test,0,678,0.95,644,0.9306259765288106,0.9650248823562445,0.03439890582743388
Tox21_SR_ARE,strict_scaffold,105,50_20_15_15,test,1,156,0.8,125,0.7299542479926227,0.8608074038097377,0.1308531558171151
Tox21_SR_ARE,strict_scaffold,105,50_20_15_15,test,1,156,0.9,140,0.8387887939469902,0.9402299867744026,0.10144119282741237
Tox21_SR_ARE,strict_scaffold,105,50_20_15_15,test,1,156,0.95,148,0.9014562548318532,0.9776030034433255,0.0761467486114723
Tox21_SR_ARE,similarity_cluster,101,50_20_15_15,full_conformal,0,764,0.8,611,0.7695725764754784,0.8275686883496955,0.05799611187421716
Tox21_SR_ARE,similarity_cluster,101,50_20_15_15,full_conformal,0,764,0.9,688,0.8770746564299708,0.9208219489925105,0.04374729256253962
Tox21_SR_ARE,similarity_cluster,101,50_20_15_15,full_conformal,0,764,0.95,726,0.9323666775802787,0.9645652752072398,0.03219859762696109
Tox21_SR_ARE,similarity_cluster,101,50_20_15_15,full_conformal,1,76,0.8,61,0.6954487493074043,0.8851146956511898,0.18966594634378553
Tox21_SR_ARE,similarity_cluster,101,50_20_15_15,full_conformal,1,76,0.9,68,0.8030833008083137,0.9534464372425235,0.15036313643420984
Tox21_SR_ARE,similarity_cluster,101,50_20_15_15,full_conformal,1,76,0.95,72,0.8706908415470151,0.9854754416608436,0.1147846001138284
Tox21_SR_ARE,similarity_cluster,101,50_20_15_15,test,0,724,0.8,579,0.7686854343461115,0.8282963317289882,0.059610897382876726
Tox21_SR_ARE,similarity_cluster,101,50_20_15_15,test,0,724,0.9,652,0.8764035526161502,0.9213735177901912,0.04496996517404095
Tox21_SR_ARE,similarity_cluster,101,50_20_15_15,test,0,724,0.95,688,0.9318229956800141,0.9649345200441266,0.033111524364112466
Tox21_SR_ARE,similarity_cluster,101,50_20_15_15,test,1,116,0.8,93,0.7174931744366801,0.8699621759867504,0.15246900155007026
Tox21_SR_ARE,similarity_cluster,101,50_20_15_15,test,1,116,0.9,104,0.8262682305368847,0.9453932494269208,0.11912501889003613
Tox21_SR_ARE,similarity_cluster,101,50_20_15_15,test,1,116,0.95,110,0.8908152280333745,0.980784186293782,0.0899689582604074
Tox21_SR_ARE,similarity_cluster,102,50_20_15_15,full_conformal,0,724,0.8,579,0.7686854343461115,0.8282963317289882,0.059610897382876726
Tox21_SR_ARE,similarity_cluster,102,50_20_15_15,full_conformal,0,724,0.9,652,0.8764035526161502,0.9213735177901912,0.04496996517404095
Tox21_SR_ARE,similarity_cluster,102,50_20_15_15,full_conformal,0,724,0.95,688,0.9318229956800141,0.9649345200441266,0.033111524364112466
Tox21_SR_ARE,similarity_cluster,102,50_20_15_15,full_conformal,1,116,0.8,93,0.7174931744366801,0.8699621759867504,0.15246900155007026
Tox21_SR_ARE,similarity_cluster,102,50_20_15_15,full_conformal,1,116,0.9,104,0.8262682305368847,0.9453932494269208,0.11912501889003613
Tox21_SR_ARE,similarity_cluster,102,50_20_15_15,full_conformal,1,116,0.95,110,0.8908152280333745,0.980784186293782,0.0899689582604074
Tox21_SR_ARE,similarity_cluster,102,50_20_15_15,test,0,745,0.8,596,0.7694422352605494,0.828160148981072,0.058717913720522596
Tox21_SR_ARE,similarity_cluster,102,50_20_15_15,test,0,745,0.9,670,0.875445034242379,0.9199907241028183,0.044545689860439386
Tox21_SR_ARE,similarity_cluster,102,50_20_15_15,test,0,745,0.95,708,0.9321910138044216,0.9647940220732696,0.03260300826884799
Tox21_SR_ARE,similarity_cluster,102,50_20_15_15,test,1,95,0.8,76,0.7054286448370288,0.8750790131240109,0.1696503682869821
Tox21_SR_ARE,similarity_cluster,102,50_20_15_15,test,1,95,0.9,86,0.8277652986819433,0.9557588906706195,0.12799359198867621
Tox21_SR_ARE,similarity_cluster,102,50_20_15_15,test,1,95,0.95,90,0.8814372111951138,0.98269212415356,0.10125491295844624
Tox21_SR_ARE,similarity_cluster,103,50_20_15_15,full_conformal,0,732,0.8,586,0.7697295901616272,0.8289180441761914,0.059188454014564185
Tox21_SR_ARE,similarity_cluster,103,50_20_15_15,full_conformal,0,732,0.9,659,0.8762440050590926,0.9210139894075774,0.04476998434848478
Tox21_SR_ARE,similarity_cluster,103,50_20_15_15,full_conformal,0,732,0.95,695,0.9309985186036025,0.9641644055041524,0.03316588690054989
Tox21_SR_ARE,similarity_cluster,103,50_20_15_15,full_conformal,1,108,0.8,86,0.7079939436666076,0.8677167437462294,0.1597228000796218
Tox21_SR_ARE,similarity_cluster,103,50_20_15_15,full_conformal,1,108,0.9,97,0.8250640135083365,0.9480491719565877,0.1229851584482512
Tox21_SR_ARE,similarity_cluster,103,50_20_15_15,full_conformal,1,108,0.95,103,0.8952619054516794,0.9847990766945507,0.0895371712428713
Tox21_SR_ARE,similarity_cluster,103,50_20_15_15,test,0,749,0.8,599,0.7692485920532386,0.8278348698635963,0.058586277810357745
Tox21_SR_ARE,similarity_cluster,103,50_20_15_15,test,0,749,0.9,674,0.8761013671288016,0.9204225456493452,0.044321178520543625
Tox21_SR_ARE,similarity_cluster,103,50_20_15_15,test,0,749,0.95,712,0.93254968817797,0.9649833228241393,0.03243363464616933
Tox21_SR_ARE,similarity_cluster,103,50_20_15_15,test,1,91,0.8,73,0.7055230027082506,0.8783501222220114,0.17282711951376073
Tox21_SR_ARE,similarity_cluster,103,50_20_15_15,test,1,91,0.9,82,0.8205414698041453,0.9537701401060871,0.13322867030194174
Tox21_SR_ARE,similarity_cluster,103,50_20_15_15,test,1,91,0.95,86,0.8764189226816125,0.9819210734930212,0.10550215081140868
Tox21_SR_ARE,similarity_cluster,104,50_20_15_15,full_conformal,0,736,0.8,589,0.7695300614198843,0.828583873023321,0.0590538116034367
Tox21_SR_ARE,similarity_cluster,104,50_20_15_15,full_conformal,0,736,0.9,662,0.8754244808598324,0.9202254132150096,0.044800932355177236
Tox21_SR_ARE,similarity_cluster,104,50_20_15_15,full_conformal,0,736,0.95,699,0.9313698827292647,0.9643605193052353,0.03299063657597057
Tox21_SR_ARE,similarity_cluster,104,50_20_15_15,full_conformal,1,104,0.8,83,0.7080542006112113,0.8704455125788895,0.1623913119676782
Tox21_SR_ARE,similarity_cluster,104,50_20_15_15,full_conformal,1,104,0.9,94,0.8302722009962493,0.9529205666855987,0.12264836568934934
Tox21_SR_ARE,similarity_cluster,104,50_20_15_15,full_conformal,1,104,0.95,99,0.8913640399850995,0.9842075518460147,0.09284351186091522
Tox21_SR_ARE,similarity_cluster,104,50_20_15_15,test,0,737,0.8,590,0.7698367162781554,0.8288203340029636,0.0589836177248082
Tox21_SR_ARE,similarity_cluster,104,50_20_15_15,test,0,737,0.9,663,0.8755912402801154,0.9203348145089983,0.044743574228882976
Tox21_SR_ARE,similarity_cluster,104,50_20_15_15,test,0,737,0.95,700,0.9314621001127492,0.9644092127964066,0.032947112683657354
Tox21_SR_ARE,similarity_cluster,104,50_20_15_15,test,1,103,0.8,82,0.705386566992918,0.8691390497891107,0.1637524827961927
Tox21_SR_ARE,similarity_cluster,104,50_20_15_15,test,1,103,0.9,93,0.828693719645652,0.9524535815607881,0.1237598619151361
Tox21_SR_ARE,similarity_cluster,104,50_20_15_15,test,1,103,0.95,98,0.8903438522405104,0.9840524059481867,0.09370855370767628
Tox21_SR_ARE,similarity_cluster,105,50_20_15_15,full_conformal,0,737,0.8,590,0.7698367162781554,0.8288203340029636,0.0589836177248082
Tox21_SR_ARE,similarity_cluster,105,50_20_15_15,full_conformal,0,737,0.9,663,0.8755912402801154,0.9203348145089983,0.044743574228882976
Tox21_SR_ARE,similarity_cluster,105,50_20_15_15,full_conformal,0,737,0.95,700,0.9314621001127492,0.9644092127964066,0.032947112683657354
Tox21_SR_ARE,similarity_cluster,105,50_20_15_15,full_conformal,1,103,0.8,82,0.705386566992918,0.8691390497891107,0.1637524827961927
Tox21_SR_ARE,similarity_cluster,105,50_20_15_15,full_conformal,1,103,0.9,93,0.828693719645652,0.9524535815607881,0.1237598619151361
Tox21_SR_ARE,similarity_cluster,105,50_20_15_15,full_conformal,1,103,0.95,98,0.8903438522405104,0.9840524059481867,0.09370855370767628
Tox21_SR_ARE,similarity_cluster,105,50_20_15_15,test,0,758,0.8,606,0.7691673813656121,0.8274254397268425,0.058258058361230325
Tox21_SR_ARE,similarity_cluster,105,50_20_15_15,test,0,758,0.9,682,0.8761144920565632,0.920188588270953,0.044074096214389735
Tox21_SR_ARE,similarity_cluster,105,50_20_15_15,test,0,758,0.95,720,0.9318364285602515,0.9642828642410317,0.032446435680780206
Tox21_SR_ARE,similarity_cluster,105,50_20_15_15,test,1,82,0.8,66,0.7025640011918589,0.8841573092049496,0.1815933080130907
Tox21_SR_ARE,similarity_cluster,105,50_20_15_15,test,1,82,0.9,74,0.8167860616005723,0.9569311565598961,0.1401450949593238
Tox21_SR_ARE,similarity_cluster,105,50_20_15_15,test,1,82,0.95,78,0.8797882377855503,0.9865509663471719,0.10676272856162161
Tox21_SR_MMP,random_grouped,101,50_20_15_15,full_conformal,0,710,0.8,568,0.7686525377757183,0.8288301067107157,0.06017756893499737
Tox21_SR_MMP,random_grouped,101,50_20_15_15,full_conformal,0,710,0.9,639,0.8755388461718728,0.921071485461179,0.045532639289306176
Tox21_SR_MMP,random_grouped,101,50_20_15_15,full_conformal,0,710,0.95,674,0.9304920426908591,0.964238182330135,0.033746139639275974
Tox21_SR_MMP,random_grouped,101,50_20_15_15,full_conformal,1,128,0.8,102,0.7167127633951633,0.8628136845472302,0.14610092115206685
Tox21_SR_MMP,random_grouped,101,50_20_15_15,full_conformal,1,128,0.9,115,0.8325876836313582,0.944804504418533,0.11221682078717488
Tox21_SR_MMP,random_grouped,101,50_20_15_15,full_conformal,1,128,0.95,122,0.9007648763061088,0.9826059438597275,0.08184106755361875
Tox21_SR_MMP,random_grouped,101,50_20_15_15,test,0,710,0.8,568,0.7686525377757183,0.8288301067107157,0.06017756893499737
Tox21_SR_MMP,random_grouped,101,50_20_15_15,test,0,710,0.9,639,0.8755388461718728,0.921071485461179,0.045532639289306176
Tox21_SR_MMP,random_grouped,101,50_20_15_15,test,0,710,0.95,674,0.9304920426908591,0.964238182330135,0.033746139639275974
Tox21_SR_MMP,random_grouped,101,50_20_15_15,test,1,128,0.8,102,0.7167127633951633,0.8628136845472302,0.14610092115206685
Tox21_SR_MMP,random_grouped,101,50_20_15_15,test,1,128,0.9,115,0.8325876836313582,0.944804504418533,0.11221682078717488
Tox21_SR_MMP,random_grouped,101,50_20_15_15,test,1,128,0.95,122,0.9007648763061088,0.9826059438597275,0.08184106755361875
Tox21_SR_MMP,random_grouped,102,50_20_15_15,full_conformal,0,710,0.8,568,0.7686525377757183,0.8288301067107157,0.06017756893499737
Tox21_SR_MMP,random_grouped,102,50_20_15_15,full_conformal,0,710,0.9,639,0.8755388461718728,0.921071485461179,0.045532639289306176
Tox21_SR_MMP,random_grouped,102,50_20_15_15,full_conformal,0,710,0.95,674,0.9304920426908591,0.964238182330135,0.033746139639275974
Tox21_SR_MMP,random_grouped,102,50_20_15_15,full_conformal,1,128,0.8,102,0.7167127633951633,0.8628136845472302,0.14610092115206685
Tox21_SR_MMP,random_grouped,102,50_20_15_15,full_conformal,1,128,0.9,115,0.8325876836313582,0.944804504418533,0.11221682078717488
Tox21_SR_MMP,random_grouped,102,50_20_15_15,full_conformal,1,128,0.95,122,0.9007648763061088,0.9826059438597275,0.08184106755361875
Tox21_SR_MMP,random_grouped,102,50_20_15_15,test,0,710,0.8,568,0.7686525377757183,0.8288301067107157,0.06017756893499737
Tox21_SR_MMP,random_grouped,102,50_20_15_15,test,0,710,0.9,639,0.8755388461718728,0.921071485461179,0.045532639289306176
Tox21_SR_MMP,random_grouped,102,50_20_15_15,test,0,710,0.95,674,0.9304920426908591,0.964238182330135,0.033746139639275974
Tox21_SR_MMP,random_grouped,102,50_20_15_15,test,1,128,0.8,102,0.7167127633951633,0.8628136845472302,0.14610092115206685
Tox21_SR_MMP,random_grouped,102,50_20_15_15,test,1,128,0.9,115,0.8325876836313582,0.944804504418533,0.11221682078717488
Tox21_SR_MMP,random_grouped,102,50_20_15_15,test,1,128,0.95,122,0.9007648763061088,0.9826059438597275,0.08184106755361875
Tox21_SR_MMP,random_grouped,103,50_20_15_15,full_conformal,0,710,0.8,568,0.7686525377757183,0.8288301067107157,0.06017756893499737
Tox21_SR_MMP,random_grouped,103,50_20_15_15,full_conformal,0,710,0.9,639,0.8755388461718728,0.921071485461179,0.045532639289306176
Tox21_SR_MMP,random_grouped,103,50_20_15_15,full_conformal,0,710,0.95,674,0.9304920426908591,0.964238182330135,0.033746139639275974
Tox21_SR_MMP,random_grouped,103,50_20_15_15,full_conformal,1,128,0.8,102,0.7167127633951633,0.8628136845472302,0.14610092115206685
Tox21_SR_MMP,random_grouped,103,50_20_15_15,full_conformal,1,128,0.9,115,0.8325876836313582,0.944804504418533,0.11221682078717488
Tox21_SR_MMP,random_grouped,103,50_20_15_15,full_conformal,1,128,0.95,122,0.9007648763061088,0.9826059438597275,0.08184106755361875
Tox21_SR_MMP,random_grouped,103,50_20_15_15,test,0,710,0.8,568,0.7686525377757183,0.8288301067107157,0.06017756893499737
Tox21_SR_MMP,random_grouped,103,50_20_15_15,test,0,710,0.9,639,0.8755388461718728,0.921071485461179,0.045532639289306176
Tox21_SR_MMP,random_grouped,103,50_20_15_15,test,0,710,0.95,674,0.9304920426908591,0.964238182330135,0.033746139639275974
Tox21_SR_MMP,random_grouped,103,50_20_15_15,test,1,128,0.8,102,0.7167127633951633,0.8628136845472302,0.14610092115206685
Tox21_SR_MMP,random_grouped,103,50_20_15_15,test,1,128,0.9,115,0.8325876836313582,0.944804504418533,0.11221682078717488
Tox21_SR_MMP,random_grouped,103,50_20_15_15,test,1,128,0.95,122,0.9007648763061088,0.9826059438597275,0.08184106755361875
Tox21_SR_MMP,random_grouped,104,50_20_15_15,full_conformal,0,710,0.8,568,0.7686525377757183,0.8288301067107157,0.06017756893499737
Tox21_SR_MMP,random_grouped,104,50_20_15_15,full_conformal,0,710,0.9,639,0.8755388461718728,0.921071485461179,0.045532639289306176
Tox21_SR_MMP,random_grouped,104,50_20_15_15,full_conformal,0,710,0.95,674,0.9304920426908591,0.964238182330135,0.033746139639275974
Tox21_SR_MMP,random_grouped,104,50_20_15_15,full_conformal,1,128,0.8,102,0.7167127633951633,0.8628136845472302,0.14610092115206685
Tox21_SR_MMP,random_grouped,104,50_20_15_15,full_conformal,1,128,0.9,115,0.8325876836313582,0.944804504418533,0.11221682078717488
Tox21_SR_MMP,random_grouped,104,50_20_15_15,full_conformal,1,128,0.95,122,0.9007648763061088,0.9826059438597275,0.08184106755361875
Tox21_SR_MMP,random_grouped,104,50_20_15_15,test,0,710,0.8,568,0.7686525377757183,0.8288301067107157,0.06017756893499737
Tox21_SR_MMP,random_grouped,104,50_20_15_15,test,0,710,0.9,639,0.8755388461718728,0.921071485461179,0.045532639289306176
Tox21_SR_MMP,random_grouped,104,50_20_15_15,test,0,710,0.95,674,0.9304920426908591,0.964238182330135,0.033746139639275974
Tox21_SR_MMP,random_grouped,104,50_20_15_15,test,1,128,0.8,102,0.7167127633951633,0.8628136845472302,0.14610092115206685
Tox21_SR_MMP,random_grouped,104,50_20_15_15,test,1,128,0.9,115,0.8325876836313582,0.944804504418533,0.11221682078717488
Tox21_SR_MMP,random_grouped,104,50_20_15_15,test,1,128,0.95,122,0.9007648763061088,0.9826059438597275,0.08184106755361875
Tox21_SR_MMP,random_grouped,105,50_20_15_15,full_conformal,0,710,0.8,568,0.7686525377757183,0.8288301067107157,0.06017756893499737
Tox21_SR_MMP,random_grouped,105,50_20_15_15,full_conformal,0,710,0.9,639,0.8755388461718728,0.921071485461179,0.045532639289306176
Tox21_SR_MMP,random_grouped,105,50_20_15_15,full_conformal,0,710,0.95,674,0.9304920426908591,0.964238182330135,0.033746139639275974
Tox21_SR_MMP,random_grouped,105,50_20_15_15,full_conformal,1,128,0.8,102,0.7167127633951633,0.8628136845472302,0.14610092115206685
Tox21_SR_MMP,random_grouped,105,50_20_15_15,full_conformal,1,128,0.9,115,0.8325876836313582,0.944804504418533,0.11221682078717488
Tox21_SR_MMP,random_grouped,105,50_20_15_15,full_conformal,1,128,0.95,122,0.9007648763061088,0.9826059438597275,0.08184106755361875
Tox21_SR_MMP,random_grouped,105,50_20_15_15,test,0,710,0.8,568,0.7686525377757183,0.8288301067107157,0.06017756893499737
Tox21_SR_MMP,random_grouped,105,50_20_15_15,test,0,710,0.9,639,0.8755388461718728,0.921071485461179,0.045532639289306176
Tox21_SR_MMP,random_grouped,105,50_20_15_15,test,0,710,0.95,674,0.9304920426908591,0.964238182330135,0.033746139639275974
Tox21_SR_MMP,random_grouped,105,50_20_15_15,test,1,128,0.8,102,0.7167127633951633,0.8628136845472302,0.14610092115206685
Tox21_SR_MMP,random_grouped,105,50_20_15_15,test,1,128,0.9,115,0.8325876836313582,0.944804504418533,0.11221682078717488
Tox21_SR_MMP,random_grouped,105,50_20_15_15,test,1,128,0.95,122,0.9007648763061088,0.9826059438597275,0.08184106755361875
Tox21_SR_MMP,strict_scaffold,101,50_20_15_15,full_conformal,0,691,0.8,553,0.7685022585342989,0.8294865903645993,0.06098433183030039
Tox21_SR_MMP,strict_scaffold,101,50_20_15_15,full_conformal,0,691,0.9,622,0.87532933370883,0.9214742252205014,0.04614489151167134
Tox21_SR_MMP,strict_scaffold,101,50_20_15_15,full_conformal,0,691,0.95,656,0.9302574528939722,0.964469457993613,0.03421200509964084
Tox21_SR_MMP,strict_scaffold,101,50_20_15_15,full_conformal,1,147,0.8,118,0.7291205844063895,0.8637195379443425,0.13459895353795304
Tox21_SR_MMP,strict_scaffold,101,50_20_15_15,full_conformal,1,147,0.9,132,0.837287716008396,0.94175450964098,0.10446679363258393
Tox21_SR_MMP,strict_scaffold,101,50_20_15_15,full_conformal,1,147,0.95,140,0.9043491097669554,0.9806430620864004,0.07629395231944502
Tox21_SR_MMP,strict_scaffold,101,50_20_15_15,test,0,691,0.8,553,0.7685022585342989,0.8294865903645993,0.06098433183030039
Tox21_SR_MMP,strict_scaffold,101,50_20_15_15,test,0,691,0.9,622,0.87532933370883,0.9214742252205014,0.04614489151167134
Tox21_SR_MMP,strict_scaffold,101,50_20_15_15,test,0,691,0.95,656,0.9302574528939722,0.964469457993613,0.03421200509964084
Tox21_SR_MMP,strict_scaffold,101,50_20_15_15,test,1,146,0.8,117,0.7273531503971049,0.8627550531025312,0.1354019027054263
Tox21_SR_MMP,strict_scaffold,101,50_20_15_15,test,1,146,0.9,131,0.8362119014509107,0.9413474147662219,0.10513551331531112
Tox21_SR_MMP,strict_scaffold,101,50_20_15_15,test,1,146,0.95,139,0.9037108502118045,0.9805089913595076,0.07679814114770311
Tox21_SR_MMP,strict_scaffold,102,50_20_15_15,full_conformal,0,704,0.8,563,0.7682125213918467,0.8286826530875238,0.060470131695677054
Tox21_SR_MMP,strict_scaffold,102,50_20_15_15,full_conformal,0,704,0.9,634,0.8760457503453132,0.9216663532361461,0.04562060289083292
Tox21_SR_MMP,strict_scaffold,102,50_20_15_15,full_conformal,0,704,0.95,669,0.931532533623063,0.9651301768594822,0.03359764323641923
Tox21_SR_MMP,strict_scaffold,102,50_20_15_15,full_conformal,1,134,0.8,107,0.7205465067131072,0.8628171645852571,0.14227065787214999
Tox21_SR_MMP,strict_scaffold,102,50_20_15_15,full_conformal,1,134,0.9,121,0.8398157235942475,0.9473256927693035,0.10750996917505595
Tox21_SR_MMP,strict_scaffold,102,50_20_15_15,full_conformal,1,134,0.95,127,0.8953299696424617,0.9787421295259169,0.08341215988345518
Tox21_SR_MMP,strict_scaffold,102,50_20_15_15,test,0,673,0.8,538,0.7671238196526291,0.8290352219941567,0.06191140234152759
Tox21_SR_MMP,strict_scaffold,102,50_20_15_15,test,0,673,0.9,606,0.8752956352797608,0.9220122256476828,0.04671659036792197
Tox21_SR_MMP,strict_scaffold,102,50_20_15_15,test,0,673,0.95,639,0.9301158522165336,0.9647631583532988,0.034647306136765255
Tox21_SR_MMP,strict_scaffold,102,50_20_15_15,test,1,164,0.8,131,0.7291847524090487,0.8572568587314701,0.1280721063224214
Tox21_SR_MMP,strict_scaffold,102,50_20_15_15,test,1,164,0.9,148,0.8464037683952108,0.9432008894428702,0.09679712104765936
Tox21_SR_MMP,strict_scaffold,102,50_20_15_15,test,1,164,0.95,156,0.9061476657173161,0.9787077119588172,0.07256004624150114
Tox21_SR_MMP,strict_scaffold,103,50_20_15_15,full_conformal,0,700,0.8,560,0.7684156826799978,0.8290305311822513,0.060614848502253516
Tox21_SR_MMP,strict_scaffold,103,50_20_15_15,full_conformal,0,700,0.9,630,0.8753472109432582,0.9212138444893054,0.04586663354604725
Tox21_SR_MMP,strict_scaffold,103,50_20_15_15,full_conformal,0,700,0.95,665,0.9311451942249442,0.9649295112785822,0.033784317053637936
Tox21_SR_MMP,strict_scaffold,103,50_20_15_15,full_conformal,1,138,0.8,110,0.7202807036933885,0.8607390460598197,0.14045834236643118
Tox21_SR_MMP,strict_scaffold,103,50_20_15_15,full_conformal,1,138,0.9,124,0.8356450671899761,0.943417694161388,0.10777262697141188
Tox21_SR_MMP,strict_scaffold,103,50_20_15_15,full_conformal,1,138,0.95,131,0.898281031948686,0.9793656359310434,0.0810846039823574
Tox21_SR_MMP,strict_scaffold,103,50_20_15_15,test,0,670,0.8,536,0.7676723251837886,0.8296580114875979,0.061985686303809295
Tox21_SR_MMP,strict_scaffold,103,50_20_15_15,test,0,670,0.9,603,0.8747451498325975,0.9216591404620943,0.04691399062949675
Tox21_SR_MMP,strict_scaffold,103,50_20_15_15,test,0,670,0.95,636,0.9298061612582844,0.9646042351383499,0.034798073880065505
Tox21_SR_MMP,strict_scaffold,103,50_20_15_15,test,1,167,0.8,134,0.7338365307056454,0.8599018380818727,0.12606530737622734
Tox21_SR_MMP,strict_scaffold,103,50_20_15_15,test,1,167,0.9,150,0.8420206363609616,0.9395730508747462,0.0975524145137846
Tox21_SR_MMP,strict_scaffold,103,50_20_15_15,test,1,167,0.95,159,0.9077938564735027,0.9790943894482236,0.07130053297472083
Tox21_SR_MMP,strict_scaffold,104,50_20_15_15,full_conformal,0,702,0.8,562,0.7690623456834738,0.8295259207167176,0.060463575033243844
Tox21_SR_MMP,strict_scaffold,104,50_20_15_15,full_conformal,0,702,0.9,632,0.8756974615921859,0.9214407506530549,0.045743289060869
Tox21_SR_MMP,strict_scaffold,104,50_20_15_15,full_conformal,0,702,0.95,667,0.93133941011265,0.9650301319561012,0.03369072184345123
Tox21_SR_MMP,strict_scaffold,104,50_20_15_15,full_conformal,1,136,0.8,109,0.7244529685881866,0.864903593023121,0.1404506244349344
Tox21_SR_MMP,strict_scaffold,104,50_20_15_15,full_conformal,1,136,0.9,122,0.8333156885173162,0.9425681862159124,0.10925249769859624
Tox21_SR_MMP,strict_scaffold,104,50_20_15_15,full_conformal,1,136,0.95,129,0.8968265853978337,0.9790585232740772,0.0822319378762435
Tox21_SR_MMP,strict_scaffold,104,50_20_15_15,test,0,668,0.8,534,0.7669909830462454,0.829139086968804,0.06214810392255865
Tox21_SR_MMP,strict_scaffold,104,50_20_15_15,test,0,668,0.9,601,0.8743754527906137,0.9214219682840563,0.04704651549344263
Tox21_SR_MMP,strict_scaffold,104,50_20_15_15,test,0,668,0.95,635,0.9313189496638999,0.9657539357594459,0.03443498609554596
Tox21_SR_MMP,strict_scaffold,104,50_20_15_15,test,1,169,0.8,135,0.7303794302928226,0.8564683825545747,0.1260889522617521
Tox21_SR_MMP,strict_scaffold,104,50_20_15_15,test,1,169,0.9,152,0.8438313973190569,0.9403018808754955,0.09647048355643861
Tox21_SR_MMP,strict_scaffold,104,50_20_15_15,test,1,169,0.95,161,0.9088596198205845,0.9793444645396451,0.07048484471906058
Tox21_SR_MMP,strict_scaffold,105,50_20_15_15,full_conformal,0,696,0.8,557,0.7686215219088375,0.8293820344038978,0.060760512495060315
Tox21_SR_MMP,strict_scaffold,105,50_20_15_15,full_conformal,0,696,0.9,626,0.874640757306939,0.9207560759501815,0.046115318643242476
Tox21_SR_MMP,strict_scaffold,105,50_20_15_15,full_conformal,0,696,0.95,661,0.930753448039759,0.9647265226024002,0.0339730745626412
Tox21_SR_MMP,strict_scaffold,105,50_20_15_15,full_conformal,1,142,0.8,114,0.7277811953652291,0.8647933413576327,0.13701214599240363
Tox21_SR_MMP,strict_scaffold,105,50_20_15_15,full_conformal,1,142,0.9,128,0.8401140834061851,0.9450434524513922,0.10492936904520711
Tox21_SR_MMP,strict_scaffold,105,50_20_15_15,full_conformal,1,142,0.95,135,0.9010703468643168,0.9799536050998462,0.07888325823552944
Tox21_SR_MMP,strict_scaffold,105,50_20_15_15,test,0,670,0.8,536,0.7676723251837886,0.8296580114875979,0.061985686303809295
Tox21_SR_MMP,strict_scaffold,105,50_20_15_15,test,0,670,0.9,603,0.8747451498325975,0.9216591404620943,0.04691399062949675
Tox21_SR_MMP,strict_scaffold,105,50_20_15_15,test,0,670,0.95,636,0.9298061612582844,0.9646042351383499,0.034798073880065505
Tox21_SR_MMP,strict_scaffold,105,50_20_15_15,test,1,167,0.8,134,0.7338365307056454,0.8599018380818727,0.12606530737622734
Tox21_SR_MMP,strict_scaffold,105,50_20_15_15,test,1,167,0.9,150,0.8420206363609616,0.9395730508747462,0.0975524145137846
Tox21_SR_MMP,strict_scaffold,105,50_20_15_15,test,1,167,0.95,159,0.9077938564735027,0.9790943894482236,0.07130053297472083
Tox21_SR_MMP,similarity_cluster,101,50_20_15_15,full_conformal,0,723,0.8,578,0.7683717787060815,0.8280548385953405,0.05968305988925893
Tox21_SR_MMP,similarity_cluster,101,50_20_15_15,full_conformal,0,723,0.9,651,0.8762349149659872,0.9212635994033986,0.04502868443741148
Tox21_SR_MMP,similarity_cluster,101,50_20_15_15,full_conformal,0,723,0.95,687,0.9317296200146784,0.9648856822641811,0.03315606224950274
Tox21_SR_MMP,similarity_cluster,101,50_20_15_15,full_conformal,1,115,0.8,92,0.7151707709013174,0.8687900190420839,0.15361924814076644
Tox21_SR_MMP,similarity_cluster,101,50_20_15_15,full_conformal,1,115,0.9,104,0.8352955546874501,0.9512772325074579,0.11598167782000779
Tox21_SR_MMP,similarity_cluster,101,50_20_15_15,full_conformal,1,115,0.95,109,0.8898953403962239,0.9806149943284383,0.09071965393221448
Tox21_SR_MMP,similarity_cluster,101,50_20_15_15,test,0,733,0.8,586,0.7686051811158259,0.8278705503988061,0.05926536928298021
Tox21_SR_MMP,similarity_cluster,101,50_20_15_15,test,0,733,0.9,660,0.8764105738216166,0.9211228972130818,0.04471232339146525
Tox21_SR_MMP,similarity_cluster,101,50_20_15_15,test,0,733,0.95,696,0.9310917358451617,0.9642136360344487,0.03312190018928696
Tox21_SR_MMP,similarity_cluster,101,50_20_15_15,test,1,105,0.8,84,0.7106742035065267,0.8717261000275283,0.1610518965210016
Tox21_SR_MMP,similarity_cluster,101,50_20_15_15,test,1,105,0.9,94,0.8202800534020037,0.9465308834198186,0.1262508300178149
Tox21_SR_MMP,similarity_cluster,101,50_20_15_15,test,1,105,0.95,100,0.8923654342139387,0.9843597078608258,0.09199427364688717
Tox21_SR_MMP,similarity_cluster,102,50_20_15_15,full_conformal,0,725,0.8,580,0.7689982428396264,0.8285371468303805,0.05953890399075412
Tox21_SR_MMP,similarity_cluster,102,50_20_15_15,full_conformal,0,725,0.9,652,0.8750653378758798,0.9202431294934268,0.04517779161754698
Tox21_SR_MMP,similarity_cluster,102,50_20_15_15,full_conformal,0,725,0.95,689,0.931916116308042,0.964983222152973,0.033067105844931
Tox21_SR_MMP,similarity_cluster,102,50_20_15_15,full_conformal,1,113,0.8,90,0.7104100697676028,0.8663810280647427,0.15597095829713992
Tox21_SR_MMP,similarity_cluster,102,50_20_15_15,full_conformal,1,113,0.9,102,0.832496253088374,0.9503966219121548,0.11790036882378074
Tox21_SR_MMP,similarity_cluster,102,50_20_15_15,full_conformal,1,113,0.95,107,0.8880083046051744,0.9802675107996484,0.09225920619447392
Tox21_SR_MMP,similarity_cluster,102,50_20_15_15,test,0,742,0.8,594,0.7699427298814556,0.8287236070525694,0.0587808771711138
Tox21_SR_MMP,similarity_cluster,102,50_20_15_15,test,0,742,0.9,668,0.8764183879245993,0.9208773495483518,0.04445896162375251
Tox21_SR_MMP,similarity_cluster,102,50_20_15_15,test,0,742,0.95,705,0.9319194950704589,0.9646506977744806,0.032731202704021745
Tox21_SR_MMP,similarity_cluster,102,50_20_15_15,test,1,96,0.8,77,0.7083113803231609,0.8764307434354551,0.16811936311229425
Tox21_SR_MMP,similarity_cluster,102,50_20_15_15,test,1,96,0.9,86,0.8167668306026107,0.9489057985449494,0.1321389679423387
Tox21_SR_MMP,similarity_cluster,102,50_20_15_15,test,1,96,0.95,91,0.88262879995344,0.9828747175598354,0.10024591760639534
Tox21_SR_MMP,similarity_cluster,103,50_20_15_15,full_conformal,0,731,0.8,585,0.7694207164227729,0.8286800895329323,0.059259373110159386
Tox21_SR_MMP,similarity_cluster,103,50_20_15_15,full_conformal,0,731,0.9,658,0.8760769868960411,0.9209047803635175,0.04482779346747645
Tox21_SR_MMP,similarity_cluster,103,50_20_15_15,full_conformal,0,731,0.95,694,0.9309050488571093,0.9641150393257576,0.033209990468648254
Tox21_SR_MMP,similarity_cluster,103,50_20_15_15,full_conformal,1,107,0.8,86,0.7157763004138495,0.8742126696745967,0.1584363692607471
Tox21_SR_MMP,similarity_cluster,103,50_20_15_15,full_conformal,1,107,0.9,96,0.8234978590221802,0.9475527525073186,0.12405489348513843
Tox21_SR_MMP,similarity_cluster,103,50_20_15_15,full_conformal,1,107,0.95,102,0.8943138802218044,0.9846553894536866,0.09034150923188222
Tox21_SR_MMP,similarity_cluster,103,50_20_15_15,test,0,715,0.8,572,0.7687690268208704,0.8287314474739079,0.059962420653037474
Tox21_SR_MMP,similarity_cluster,103,50_20_15_15,test,0,715,0.9,644,0.8763973746711609,0.9216293807596869,0.04523200608852607
Tox21_SR_MMP,similarity_cluster,103,50_20_15_15,test,0,715,0.95,679,0.9309733062488412,0.9644900270630856,0.033516720814244394
Tox21_SR_MMP,similarity_cluster,103,50_20_15_15,test,1,123,0.8,98,0.714752329089047,0.8639364124161034,0.14918408332705646
Tox21_SR_MMP,similarity_cluster,103,50_20_15_15,test,1,123,0.9,111,0.8357814565494646,0.9485654102087216,0.11278395365925709
Tox21_SR_MMP,similarity_cluster,103,50_20_15_15,test,1,123,0.95,117,0.896848109840565,0.9818905878470316,0.08504247800646669
Tox21_SR_MMP,similarity_cluster,104,50_20_15_15,full_conformal,0,746,0.8,597,0.7697453400418759,0.8283943169302603,0.05864897688838444
Tox21_SR_MMP,similarity_cluster,104,50_20_15_15,full_conformal,0,746,0.9,671,0.8756097682239468,0.9200991183686728,0.04448935014472599
Tox21_SR_MMP,similarity_cluster,104,50_20_15_15,full_conformal,0,746,0.95,709,0.9322810394853516,0.96484153889714,0.0325604994117884
Tox21_SR_MMP,similarity_cluster,104,50_20_15_15,full_conformal,1,92,0.8,74,0.7085262787942339,0.8797239824931542,0.1711977036989203
Tox21_SR_MMP,similarity_cluster,104,50_20_15_15,full_conformal,1,92,0.9,83,0.822403534376511,0.9542839110785178,0.1318803767020068
Tox21_SR_MMP,similarity_cluster,104,50_20_15_15,full_conformal,1,92,0.95,87,0.8777128644005314,0.9821202066076392,0.10440734220710779
Tox21_SR_MMP,similarity_cluster,104,50_20_15_15,test,0,740,0.8,592,0.7693329897393268,0.8282529883238878,0.058919998584560984
Tox21_SR_MMP,similarity_cluster,104,50_20_15_15,test,0,740,0.9,666,0.8760888516721064,0.920661224930603,0.04457237325849661
Tox21_SR_MMP,similarity_cluster,104,50_20_15_15,test,0,740,0.95,703,0.9317372715278306,0.964554498120422,0.03281722659259145
Tox21_SR_MMP,similarity_cluster,104,50_20_15_15,test,1,98,0.8,78,0.702562135549818,0.8706578390561335,0.16809570350631553
Tox21_SR_MMP,similarity_cluster,104,50_20_15_15,test,1,98,0.9,88,0.82034034493393,0.949972373679884,0.12963202874595392
Tox21_SR_MMP,similarity_cluster,104,50_20_15_15,test,1,98,0.95,93,0.8849416000694784,0.9832285840290199,0.0982869839595415
Tox21_SR_MMP,similarity_cluster,105,50_20_15_15,full_conformal,0,738,0.8,590,0.7687200133461805,0.8277797737738167,0.059059760427636276
Tox21_SR_MMP,similarity_cluster,105,50_20_15_15,full_conformal,0,738,0.9,664,0.8757575540349346,0.9204439160737726,0.04468636203883802
Tox21_SR_MMP,similarity_cluster,105,50_20_15_15,full_conformal,0,738,0.95,701,0.9315540700448907,0.9644577734009667,0.032903703356076064
Tox21_SR_MMP,similarity_cluster,105,50_20_15_15,full_conformal,1,100,0.8,80,0.7081573109113719,0.8733444478980441,0.1651871369866722
Tox21_SR_MMP,similarity_cluster,105,50_20_15_15,full_conformal,1,100,0.9,90,0.8237774022599773,0.9509953107785141,0.12721790851853676
Tox21_SR_MMP,similarity_cluster,105,50_20_15_15,full_conformal,1,100,0.95,95,0.8871650888945373,0.9835681208179479,0.0964030319234106
Tox21_SR_MMP,similarity_cluster,105,50_20_15_15,test,0,724,0.8,579,0.7686854343461115,0.8282963317289882,0.059610897382876726
Tox21_SR_MMP,similarity_cluster,105,50_20_15_15,test,0,724,0.9,652,0.8764035526161502,0.9213735177901912,0.04496996517404095
Tox21_SR_MMP,similarity_cluster,105,50_20_15_15,test,0,724,0.95,688,0.9318229956800141,0.9649345200441266,0.033111524364112466
Tox21_SR_MMP,similarity_cluster,105,50_20_15_15,test,1,114,0.8,91,0.7128100528038779,0.867596499905319,0.15478644710144107
Tox21_SR_MMP,similarity_cluster,105,50_20_15_15,test,1,114,0.9,103,0.833907678769974,0.9508408722199401,0.11693319344996611
Tox21_SR_MMP,similarity_cluster,105,50_20_15_15,test,1,114,0.95,108,0.8889598328917169,0.9804427961144567,0.09148296322273985
Tox21_SR_p53,random_grouped,101,50_20_15_15,full_conformal,0,924,0.8,739,0.7725027091897488,0.8251377075179859,0.05263499832823704
Tox21_SR_p53,random_grouped,101,50_20_15_15,full_conformal,0,924,0.9,832,0.8792902856694496,0.9189792523462273,0.03968896667677779
Tox21_SR_p53,random_grouped,101,50_20_15_15,full_conformal,0,924,0.95,878,0.9341511860731276,0.9633249870762945,0.02917380100316691
Tox21_SR_p53,random_grouped,101,50_20_15_15,full_conformal,1,59,0.8,47,0.6716697640662905,0.8902463338684871,0.21857656980219653
Tox21_SR_p53,random_grouped,101,50_20_15_15,full_conformal,1,59,0.9,53,0.7916804508244976,0.9617555070893478,0.1700750562648502
Tox21_SR_p53,random_grouped,101,50_20_15_15,full_conformal,1,59,0.95,56,0.8585127605247451,0.9893887196761202,0.13087595915137507
Tox21_SR_p53,random_grouped,101,50_20_15_15,test,0,924,0.8,739,0.7725027091897488,0.8251377075179859,0.05263499832823704
Tox21_SR_p53,random_grouped,101,50_20_15_15,test,0,924,0.9,832,0.8792902856694496,0.9189792523462273,0.03968896667677779
Tox21_SR_p53,random_grouped,101,50_20_15_15,test,0,924,0.95,878,0.9341511860731276,0.9633249870762945,0.02917380100316691
Tox21_SR_p53,random_grouped,101,50_20_15_15,test,1,58,0.8,46,0.6664823652145677,0.8882645783960563,0.2217822131814886
Tox21_SR_p53,random_grouped,101,50_20_15_15,test,1,58,0.9,52,0.7883135422012025,0.9610791680776357,0.17276562587643318
Tox21_SR_p53,random_grouped,101,50_20_15_15,test,1,58,0.95,55,0.8561953727246554,0.9892035219157053,0.13300814919104986
Tox21_SR_p53,random_grouped,102,50_20_15_15,full_conformal,0,924,0.8,739,0.7725027091897488,0.8251377075179859,0.05263499832823704
Tox21_SR_p53,random_grouped,102,50_20_15_15,full_conformal,0,924,0.9,832,0.8792902856694496,0.9189792523462273,0.03968896667677779
Tox21_SR_p53,random_grouped,102,50_20_15_15,full_conformal,0,924,0.95,878,0.9341511860731276,0.9633249870762945,0.02917380100316691
Tox21_SR_p53,random_grouped,102,50_20_15_15,full_conformal,1,59,0.8,47,0.6716697640662905,0.8902463338684871,0.21857656980219653
Tox21_SR_p53,random_grouped,102,50_20_15_15,full_conformal,1,59,0.9,53,0.7916804508244976,0.9617555070893478,0.1700750562648502
Tox21_SR_p53,random_grouped,102,50_20_15_15,full_conformal,1,59,0.95,56,0.8585127605247451,0.9893887196761202,0.13087595915137507
Tox21_SR_p53,random_grouped,102,50_20_15_15,test,0,924,0.8,739,0.7725027091897488,0.8251377075179859,0.05263499832823704
Tox21_SR_p53,random_grouped,102,50_20_15_15,test,0,924,0.9,832,0.8792902856694496,0.9189792523462273,0.03968896667677779
Tox21_SR_p53,random_grouped,102,50_20_15_15,test,0,924,0.95,878,0.9341511860731276,0.9633249870762945,0.02917380100316691
Tox21_SR_p53,random_grouped,102,50_20_15_15,test,1,58,0.8,46,0.6664823652145677,0.8882645783960563,0.2217822131814886
Tox21_SR_p53,random_grouped,102,50_20_15_15,test,1,58,0.9,52,0.7883135422012025,0.9610791680776357,0.17276562587643318
Tox21_SR_p53,random_grouped,102,50_20_15_15,test,1,58,0.95,55,0.8561953727246554,0.9892035219157053,0.13300814919104986
Tox21_SR_p53,random_grouped,103,50_20_15_15,full_conformal,0,924,0.8,739,0.7725027091897488,0.8251377075179859,0.05263499832823704
Tox21_SR_p53,random_grouped,103,50_20_15_15,full_conformal,0,924,0.9,832,0.8792902856694496,0.9189792523462273,0.03968896667677779
Tox21_SR_p53,random_grouped,103,50_20_15_15,full_conformal,0,924,0.95,878,0.9341511860731276,0.9633249870762945,0.02917380100316691
Tox21_SR_p53,random_grouped,103,50_20_15_15,full_conformal,1,59,0.8,47,0.6716697640662905,0.8902463338684871,0.21857656980219653
Tox21_SR_p53,random_grouped,103,50_20_15_15,full_conformal,1,59,0.9,53,0.7916804508244976,0.9617555070893478,0.1700750562648502
Tox21_SR_p53,random_grouped,103,50_20_15_15,full_conformal,1,59,0.95,56,0.8585127605247451,0.9893887196761202,0.13087595915137507
Tox21_SR_p53,random_grouped,103,50_20_15_15,test,0,924,0.8,739,0.7725027091897488,0.8251377075179859,0.05263499832823704
Tox21_SR_p53,random_grouped,103,50_20_15_15,test,0,924,0.9,832,0.8792902856694496,0.9189792523462273,0.03968896667677779
Tox21_SR_p53,random_grouped,103,50_20_15_15,test,0,924,0.95,878,0.9341511860731276,0.9633249870762945,0.02917380100316691
Tox21_SR_p53,random_grouped,103,50_20_15_15,test,1,58,0.8,46,0.6664823652145677,0.8882645783960563,0.2217822131814886
Tox21_SR_p53,random_grouped,103,50_20_15_15,test,1,58,0.9,52,0.7883135422012025,0.9610791680776357,0.17276562587643318
Tox21_SR_p53,random_grouped,103,50_20_15_15,test,1,58,0.95,55,0.8561953727246554,0.9892035219157053,0.13300814919104986
Tox21_SR_p53,random_grouped,104,50_20_15_15,full_conformal,0,924,0.8,739,0.7725027091897488,0.8251377075179859,0.05263499832823704
Tox21_SR_p53,random_grouped,104,50_20_15_15,full_conformal,0,924,0.9,832,0.8792902856694496,0.9189792523462273,0.03968896667677779
Tox21_SR_p53,random_grouped,104,50_20_15_15,full_conformal,0,924,0.95,878,0.9341511860731276,0.9633249870762945,0.02917380100316691
Tox21_SR_p53,random_grouped,104,50_20_15_15,full_conformal,1,59,0.8,47,0.6716697640662905,0.8902463338684871,0.21857656980219653
Tox21_SR_p53,random_grouped,104,50_20_15_15,full_conformal,1,59,0.9,53,0.7916804508244976,0.9617555070893478,0.1700750562648502
Tox21_SR_p53,random_grouped,104,50_20_15_15,full_conformal,1,59,0.95,56,0.8585127605247451,0.9893887196761202,0.13087595915137507
Tox21_SR_p53,random_grouped,104,50_20_15_15,test,0,924,0.8,739,0.7725027091897488,0.8251377075179859,0.05263499832823704
Tox21_SR_p53,random_grouped,104,50_20_15_15,test,0,924,0.9,832,0.8792902856694496,0.9189792523462273,0.03968896667677779
Tox21_SR_p53,random_grouped,104,50_20_15_15,test,0,924,0.95,878,0.9341511860731276,0.9633249870762945,0.02917380100316691
Tox21_SR_p53,random_grouped,104,50_20_15_15,test,1,58,0.8,46,0.6664823652145677,0.8882645783960563,0.2217822131814886
Tox21_SR_p53,random_grouped,104,50_20_15_15,test,1,58,0.9,52,0.7883135422012025,0.9610791680776357,0.17276562587643318
Tox21_SR_p53,random_grouped,104,50_20_15_15,test,1,58,0.95,55,0.8561953727246554,0.9892035219157053,0.13300814919104986
Tox21_SR_p53,random_grouped,105,50_20_15_15,full_conformal,0,924,0.8,739,0.7725027091897488,0.8251377075179859,0.05263499832823704
Tox21_SR_p53,random_grouped,105,50_20_15_15,full_conformal,0,924,0.9,832,0.8792902856694496,0.9189792523462273,0.03968896667677779
Tox21_SR_p53,random_grouped,105,50_20_15_15,full_conformal,0,924,0.95,878,0.9341511860731276,0.9633249870762945,0.02917380100316691
Tox21_SR_p53,random_grouped,105,50_20_15_15,full_conformal,1,59,0.8,47,0.6716697640662905,0.8902463338684871,0.21857656980219653
Tox21_SR_p53,random_grouped,105,50_20_15_15,full_conformal,1,59,0.9,53,0.7916804508244976,0.9617555070893478,0.1700750562648502
Tox21_SR_p53,random_grouped,105,50_20_15_15,full_conformal,1,59,0.95,56,0.8585127605247451,0.9893887196761202,0.13087595915137507
Tox21_SR_p53,random_grouped,105,50_20_15_15,test,0,924,0.8,739,0.7725027091897488,0.8251377075179859,0.05263499832823704
Tox21_SR_p53,random_grouped,105,50_20_15_15,test,0,924,0.9,832,0.8792902856694496,0.9189792523462273,0.03968896667677779
Tox21_SR_p53,random_grouped,105,50_20_15_15,test,0,924,0.95,878,0.9341511860731276,0.9633249870762945,0.02917380100316691
Tox21_SR_p53,random_grouped,105,50_20_15_15,test,1,58,0.8,46,0.6664823652145677,0.8882645783960563,0.2217822131814886
Tox21_SR_p53,random_grouped,105,50_20_15_15,test,1,58,0.9,52,0.7883135422012025,0.9610791680776357,0.17276562587643318
Tox21_SR_p53,random_grouped,105,50_20_15_15,test,1,58,0.95,55,0.8561953727246554,0.9892035219157053,0.13300814919104986
Tox21_SR_p53,strict_scaffold,101,50_20_15_15,full_conformal,0,930,0.8,744,0.7728217476462684,0.8252627411347607,0.052440993488492293
Tox21_SR_p53,strict_scaffold,101,50_20_15_15,full_conformal,0,930,0.9,837,0.8788962016219896,0.9185275072486611,0.0396313056266715
Tox21_SR_p53,strict_scaffold,101,50_20_15_15,full_conformal,0,930,0.95,884,0.934572432834765,0.9635630818326709,0.028990648997905932
Tox21_SR_p53,strict_scaffold,101,50_20_15_15,full_conformal,1,52,0.8,42,0.6746586852837695,0.9037324284478261,0.2290737431640566
Tox21_SR_p53,strict_scaffold,101,50_20_15_15,full_conformal,1,52,0.9,47,0.7897025280606746,0.9680357636230783,0.17833323556240366
Tox21_SR_p53,strict_scaffold,101,50_20_15_15,full_conformal,1,52,0.95,49,0.840526641361409,0.9879406819732616,0.1474140406118526
Tox21_SR_p53,strict_scaffold,101,50_20_15_15,test,0,903,0.8,722,0.7719332819142732,0.8252102756642109,0.05327699374993766
Tox21_SR_p53,strict_scaffold,101,50_20_15_15,test,0,903,0.9,813,0.8789148871145288,0.9190926685979215,0.04017778148339268
Tox21_SR_p53,strict_scaffold,101,50_20_15_15,test,0,903,0.95,858,0.9338837041100093,0.9634219354574086,0.029538231347399302
Tox21_SR_p53,strict_scaffold,101,50_20_15_15,test,1,79,0.8,63,0.6920428666661058,0.8795729139992208,0.18753004733311496
Tox21_SR_p53,strict_scaffold,101,50_20_15_15,test,1,79,0.9,71,0.8101810619946872,0.9552565758853414,0.1450755138906542
Tox21_SR_p53,strict_scaffold,101,50_20_15_15,test,1,79,0.95,75,0.8754052019863836,0.9860338821107838,0.11062868012440019
Tox21_SR_p53,strict_scaffold,102,50_20_15_15,full_conformal,0,932,0.8,746,0.7733009185164922,0.8256433225672105,0.05234240405071833
Tox21_SR_p53,strict_scaffold,102,50_20_15_15,full_conformal,0,932,0.9,839,0.8791530218246932,0.9187040229372422,0.039551001112548945
Tox21_SR_p53,strict_scaffold,102,50_20_15_15,full_conformal,0,932,0.95,885,0.9335012614054553,0.9627145867575952,0.02921332535213994
Tox21_SR_p53,strict_scaffold,102,50_20_15_15,full_conformal,1,50,0.8,40,0.6628168916165122,0.899697762527429,0.2368808709109167
Tox21_SR_p53,strict_scaffold,102,50_20_15_15,full_conformal,1,50,0.9,45,0.7818646335657977,0.9667249064109775,0.1848602728451798
Tox21_SR_p53,strict_scaffold,102,50_20_15_15,full_conformal,1,50,0.95,48,0.8628623743960326,0.9951185665738356,0.13225619217780293
Tox21_SR_p53,strict_scaffold,102,50_20_15_15,test,0,905,0.8,724,0.7724285314586978,0.8256024167611226,0.05317388530242473
Tox21_SR_p53,strict_scaffold,102,50_20_15_15,test,0,905,0.9,814,0.8779825945295264,0.9182677216819339,0.04028512715240751
Tox21_SR_p53,strict_scaffold,102,50_20_15_15,test,0,905,0.95,860,0.9340285625315216,0.9635032845490221,0.029474722017500565
Tox21_SR_p53,strict_scaffold,102,50_20_15_15,test,1,77,0.8,62,0.6991328530522066,0.8866682708064649,0.1875354177542583
Tox21_SR_p53,strict_scaffold,102,50_20_15_15,test,1,77,0.9,69,0.8055073250433922,0.954065881836084,0.1485585567926918
Tox21_SR_p53,strict_scaffold,102,50_20_15_15,test,1,77,0.95,73,0.872301396247797,0.9856664858835389,0.11336508963574188
Tox21_SR_p53,strict_scaffold,103,50_20_15_15,full_conformal,0,920,0.8,736,0.7726664509749595,0.8253969735940979,0.052730522619138465
Tox21_SR_p53,strict_scaffold,103,50_20_15_15,full_conformal,0,920,0.9,828,0.8787716883248625,0.9186235757325623,0.03985188740769974
Tox21_SR_p53,strict_scaffold,103,50_20_15_15,full_conformal,0,920,0.95,874,0.9338673288229158,0.963164520866812,0.029297192043896247
Tox21_SR_p53,strict_scaffold,103,50_20_15_15,full_conformal,1,62,0.8,50,0.6863140483005372,0.8957903707378236,0.20947632243728642
Tox21_SR_p53,strict_scaffold,103,50_20_15_15,full_conformal,1,62,0.9,56,0.8011696237015412,0.9636504183070248,0.1624807946054836
Tox21_SR_p53,strict_scaffold,103,50_20_15_15,full_conformal,1,62,0.95,59,0.86503805228493,0.9899080536890242,0.12487000140409421
Tox21_SR_p53,strict_scaffold,103,50_20_15_15,test,0,911,0.8,729,0.7727539054603805,0.825727787856624,0.052973882396243566
Tox21_SR_p53,strict_scaffold,103,50_20_15_15,test,0,911,0.9,820,0.8787766365868867,0.9188112596417974,0.04003462305491079
Tox21_SR_p53,strict_scaffold,103,50_20_15_15,test,0,911,0.95,865,0.9332196157747056,0.9627982863883946,0.029578670613689018
Tox21_SR_p53,strict_scaffold,103,50_20_15_15,test,1,71,0.8,57,0.6913500428435166,0.8877921791544382,0.19644213631092156
Tox21_SR_p53,strict_scaffold,103,50_20_15_15,test,1,71,0.9,64,0.8073561322439169,0.9594338399122049,0.152077707668288
Tox21_SR_p53,strict_scaffold,103,50_20_15_15,test,1,71,0.95,67,0.8619885567791707,0.9844383649587586,0.12244980817958784
Tox21_SR_p53,strict_scaffold,104,50_20_15_15,full_conformal,0,935,0.8,748,0.7728984284316059,0.8251964221318842,0.05229799370027821
Tox21_SR_p53,strict_scaffold,104,50_20_15_15,full_conformal,0,935,0.9,842,0.8795362169978395,0.9189673666532772,0.0394311496554377
Tox21_SR_p53,strict_scaffold,104,50_20_15_15,full_conformal,0,935,0.95,888,0.9337128185563721,0.9628349740656458,0.02912215550927366
Tox21_SR_p53,strict_scaffold,104,50_20_15_15,full_conformal,1,47,0.8,38,0.6674026631661145,0.90850843199181,0.24110576882569545
Tox21_SR_p53,strict_scaffold,104,50_20_15_15,full_conformal,1,47,0.9,42,0.7689523732490167,0.9645436991927845,0.19559132594376782
Tox21_SR_p53,strict_scaffold,104,50_20_15_15,full_conformal,1,47,0.95,45,0.854594754511786,0.9948044168232562,0.14020966231147014
Tox21_SR_p53,strict_scaffold,104,50_20_15_15,test,0,903,0.8,722,0.7719332819142732,0.8252102756642109,0.05327699374993766
Tox21_SR_p53,strict_scaffold,104,50_20_15_15,test,0,903,0.9,813,0.8789148871145288,0.9190926685979215,0.04017778148339268
Tox21_SR_p53,strict_scaffold,104,50_20_15_15,test,0,903,0.95,858,0.9338837041100093,0.9634219354574086,0.029538231347399302
Tox21_SR_p53,strict_scaffold,104,50_20_15_15,test,1,79,0.8,63,0.6920428666661058,0.8795729139992208,0.18753004733311496
Tox21_SR_p53,strict_scaffold,104,50_20_15_15,test,1,79,0.9,71,0.8101810619946872,0.9552565758853414,0.1450755138906542
Tox21_SR_p53,strict_scaffold,104,50_20_15_15,test,1,79,0.95,75,0.8754052019863836,0.9860338821107838,0.11062868012440019
Tox21_SR_p53,strict_scaffold,105,50_20_15_15,full_conformal,0,931,0.8,745,0.7730615857188058,0.8254532394819625,0.05239165376315669
Tox21_SR_p53,strict_scaffold,105,50_20_15_15,full_conformal,0,931,0.9,838,0.8790247479743469,0.9186158608277625,0.039591112853415544
Tox21_SR_p53,strict_scaffold,105,50_20_15_15,full_conformal,0,931,0.95,884,0.9334304419917023,0.9626742841366376,0.02924384214493525
Tox21_SR_p53,strict_scaffold,105,50_20_15_15,full_conformal,1,51,0.8,41,0.6688426487470712,0.9017565834884013,0.23291393474133004
Tox21_SR_p53,strict_scaffold,105,50_20_15_15,full_conformal,1,51,0.9,46,0.7858550174543191,0.9673935104481091,0.18153849299379
Tox21_SR_p53,strict_scaffold,105,50_20_15_15,full_conformal,1,51,0.95,48,0.8375777819279495,0.9877009117447599,0.15012312981681042
Tox21_SR_p53,strict_scaffold,105,50_20_15_15,test,0,911,0.8,729,0.7727539054603805,0.825727787856624,0.052973882396243566
Tox21_SR_p53,strict_scaffold,105,50_20_15_15,test,0,911,0.9,820,0.8787766365868867,0.9188112596417974,0.04003462305491079
Tox21_SR_p53,strict_scaffold,105,50_20_15_15,test,0,911,0.95,865,0.9332196157747056,0.9627982863883946,0.029578670613689018
Tox21_SR_p53,strict_scaffold,105,50_20_15_15,test,1,71,0.8,57,0.6913500428435166,0.8877921791544382,0.19644213631092156
Tox21_SR_p53,strict_scaffold,105,50_20_15_15,test,1,71,0.9,64,0.8073561322439169,0.9594338399122049,0.152077707668288
Tox21_SR_p53,strict_scaffold,105,50_20_15_15,test,1,71,0.95,67,0.8619885567791707,0.9844383649587586,0.12244980817958784
Tox21_SR_p53,similarity_cluster,101,50_20_15_15,full_conformal,0,940,0.8,752,0.7729744759343539,0.8251306252937105,0.05215614935935664
Tox21_SR_p53,similarity_cluster,101,50_20_15_15,full_conformal,0,940,0.9,846,0.8790186143354007,0.9184329275789138,0.03941431324351308
Tox21_SR_p53,similarity_cluster,101,50_20_15_15,full_conformal,0,940,0.95,893,0.9340624386815432,0.9630339011164737,0.02897146243493054
Tox21_SR_p53,similarity_cluster,101,50_20_15_15,full_conformal,1,42,0.8,34,0.6588155863958433,0.9139944055440679,0.2551788191482246
Tox21_SR_p53,similarity_cluster,101,50_20_15_15,full_conformal,1,42,0.9,38,0.7737751284472205,0.9734364303592397,0.19966130191201914
Tox21_SR_p53,similarity_cluster,101,50_20_15_15,full_conformal,1,42,0.95,40,0.838358040308346,0.99418017516449,0.15582213485614393
Tox21_SR_p53,similarity_cluster,101,50_20_15_15,test,0,946,0.8,757,0.7732857315793287,0.8252530129349116,0.05196728135558293
Tox21_SR_p53,similarity_cluster,101,50_20_15_15,test,0,946,0.9,851,0.8786339287583081,0.9179911998087912,0.039357271050483034
Tox21_SR_p53,similarity_cluster,101,50_20_15_15,test,0,946,0.95,899,0.9344771458940646,0.9632698203443906,0.02879267445032596
Tox21_SR_p53,similarity_cluster,101,50_20_15_15,test,1,36,0.8,29,0.6397519838249748,0.9180563602347911,0.2783043764098163
Tox21_SR_p53,similarity_cluster,101,50_20_15_15,test,1,36,0.9,32,0.7393890794891708,0.9688838600549847,0.22949478056581396
Tox21_SR_p53,similarity_cluster,101,50_20_15_15,test,1,36,0.95,34,0.813363293542446,0.9931996993459772,0.17983640580353122
Tox21_SR_p53,similarity_cluster,102,50_20_15_15,full_conformal,0,951,0.8,761,0.7733592322430016,0.8251873158230462,0.05182808358004454
Tox21_SR_p53,similarity_cluster,102,50_20_15_15,full_conformal,0,951,0.9,856,0.879264592165161,0.9184264854772611,0.03916189331210018
Tox21_SR_p53,similarity_cluster,102,50_20_15_15,full_conformal,0,951,0.95,903,0.933633936894895,0.962553924833827,0.028919987938931913
Tox21_SR_p53,similarity_cluster,102,50_20_15_15,full_conformal,1,31,0.8,25,0.6252678338934159,0.9254801026888712,0.30021226879545526
Tox21_SR_p53,similarity_cluster,102,50_20_15_15,full_conformal,1,31,0.9,28,0.7424609353722644,0.9795801373122079,0.2371192019399435
Tox21_SR_p53,similarity_cluster,102,50_20_15_15,full_conformal,1,31,0.95,29,0.7857838428365977,0.9920890165381453,0.20630517370154755
Tox21_SR_p53,similarity_cluster,102,50_20_15_15,test,0,930,0.8,744,0.7728217476462684,0.8252627411347607,0.052440993488492293
Tox21_SR_p53,similarity_cluster,102,50_20_15_15,test,0,930,0.9,837,0.8788962016219896,0.9185275072486611,0.0396313056266715
Tox21_SR_p53,similarity_cluster,102,50_20_15_15,test,0,930,0.95,884,0.934572432834765,0.9635630818326709,0.028990648997905932
Tox21_SR_p53,similarity_cluster,102,50_20_15_15,test,1,52,0.8,42,0.6746586852837695,0.9037324284478261,0.2290737431640566
Tox21_SR_p53,similarity_cluster,102,50_20_15_15,test,1,52,0.9,47,0.7897025280606746,0.9680357636230783,0.17833323556240366
Tox21_SR_p53,similarity_cluster,102,50_20_15_15,test,1,52,0.95,49,0.840526641361409,0.9879406819732616,0.1474140406118526
Tox21_SR_p53,similarity_cluster,103,50_20_15_15,full_conformal,0,945,0.8,756,0.7730498987590485,0.8250653437905638,0.05201544503151534
Tox21_SR_p53,similarity_cluster,103,50_20_15_15,full_conformal,0,945,0.9,850,0.8785070049172875,0.9179035844895254,0.039396579572237855
Tox21_SR_p53,similarity_cluster,103,50_20_15_15,full_conformal,0,945,0.95,898,0.9344083906158959,0.9632307098280932,0.028822319212197356
Tox21_SR_p53,similarity_cluster,103,50_20_15_15,full_conformal,1,37,0.8,30,0.6484476216307459,0.9203788791471231,0.27193125751637726
Tox21_SR_p53,similarity_cluster,103,50_20_15_15,full_conformal,1,37,0.9,33,0.7458240639225211,0.9697480349312504,0.2239239710087293
Tox21_SR_p53,similarity_cluster,103,50_20_15_15,full_conformal,1,37,0.95,35,0.8180508816222507,0.9933854295884712,0.1753345479662205
Tox21_SR_p53,similarity_cluster,103,50_20_15_15,test,0,939,0.8,751,0.7727368268537285,0.8249416145363229,0.0522047876825944
Tox21_SR_p53,similarity_cluster,103,50_20_15_15,test,0,939,0.9,845,0.8788912864178666,0.9183452271665885,0.03945394074872188
Tox21_SR_p53,similarity_cluster,103,50_20_15_15,test,0,939,0.95,892,0.9339928099705703,0.9629942862632623,0.029001476292692008
Tox21_SR_p53,similarity_cluster,103,50_20_15_15,test,1,43,0.8,34,0.6395752479058332,0.8995588533220705,0.25998360541623733
Tox21_SR_p53,similarity_cluster,103,50_20_15_15,test,1,43,0.9,39,0.7786465546186137,0.9740687097336765,0.1954221551150629
Tox21_SR_p53,similarity_cluster,103,50_20_15_15,test,1,43,0.95,41,0.8418885416913023,0.9943167430212521,0.15242820132994972
Tox21_SR_p53,similarity_cluster,104,50_20_15_15,full_conformal,0,941,0.8,753,0.7732116290995343,0.8253192279956181,0.05210759889608374
Tox21_SR_p53,similarity_cluster,104,50_20_15_15,full_conformal,0,941,0.9,847,0.8791456749000285,0.9185204397613363,0.039374764861307865
Tox21_SR_p53,similarity_cluster,104,50_20_15_15,full_conformal,0,941,0.95,894,0.9341319206687991,0.9630734312384481,0.028941510569648998
Tox21_SR_p53,similarity_cluster,104,50_20_15_15,full_conformal,1,41,0.8,33,0.6513345325486204,0.9117938983371487,0.26045936578852835
Tox21_SR_p53,similarity_cluster,104,50_20_15_15,full_conformal,1,41,0.9,37,0.7686854506905387,0.9727725332016391,0.20408708251110041
Tox21_SR_p53,similarity_cluster,104,50_20_15_15,full_conformal,1,41,0.95,39,0.8346666465821697,0.9940368817589572,0.1593702351767875
Tox21_SR_p53,similarity_cluster,104,50_20_15_15,test,0,941,0.8,753,0.7732116290995343,0.8253192279956181,0.05210759889608374
Tox21_SR_p53,similarity_cluster,104,50_20_15_15,test,0,941,0.9,847,0.8791456749000285,0.9185204397613363,0.039374764861307865
Tox21_SR_p53,similarity_cluster,104,50_20_15_15,test,0,941,0.95,894,0.9341319206687991,0.9630734312384481,0.028941510569648998
Tox21_SR_p53,similarity_cluster,104,50_20_15_15,test,1,41,0.8,33,0.6513345325486204,0.9117938983371487,0.26045936578852835
Tox21_SR_p53,similarity_cluster,104,50_20_15_15,test,1,41,0.9,37,0.7686854506905387,0.9727725332016391,0.20408708251110041
Tox21_SR_p53,similarity_cluster,104,50_20_15_15,test,1,41,0.95,39,0.8346666465821697,0.9940368817589572,0.1593702351767875
Tox21_SR_p53,similarity_cluster,105,50_20_15_15,full_conformal,0,940,0.8,752,0.7729744759343539,0.8251306252937105,0.05215614935935664
Tox21_SR_p53,similarity_cluster,105,50_20_15_15,full_conformal,0,940,0.9,846,0.8790186143354007,0.9184329275789138,0.03941431324351308
Tox21_SR_p53,similarity_cluster,105,50_20_15_15,full_conformal,0,940,0.95,893,0.9340624386815432,0.9630339011164737,0.02897146243493054
Tox21_SR_p53,similarity_cluster,105,50_20_15_15,full_conformal,1,42,0.8,34,0.6588155863958433,0.9139944055440679,0.2551788191482246
Tox21_SR_p53,similarity_cluster,105,50_20_15_15,full_conformal,1,42,0.9,38,0.7737751284472205,0.9734364303592397,0.19966130191201914
Tox21_SR_p53,similarity_cluster,105,50_20_15_15,full_conformal,1,42,0.95,40,0.838358040308346,0.99418017516449,0.15582213485614393
Tox21_SR_p53,similarity_cluster,105,50_20_15_15,test,0,943,0.8,754,0.7725767598835964,0.824688792586552,0.05211203270295561
Tox21_SR_p53,similarity_cluster,105,50_20_15_15,test,0,943,0.9,849,0.8793989973303806,0.9186949018558466,0.03929590452546594
Tox21_SR_p53,similarity_cluster,105,50_20_15_15,test,0,943,0.95,896,0.9342704463230915,0.9631522383738209,0.028881792050729382
Tox21_SR_p53,similarity_cluster,105,50_20_15_15,test,1,39,0.8,31,0.6353557593048811,0.9070360727170044,0.2716803134121233
Tox21_SR_p53,similarity_cluster,105,50_20_15_15,test,1,39,0.9,35,0.7577902730493822,0.9713398948739037,0.21354962182452153
Tox21_SR_p53,similarity_cluster,105,50_20_15_15,test,1,39,0.95,37,0.8267552186263942,0.9937280279043096,0.16697280927791536
