endpoint,track,seed,allocation,constraint,true_class,n,assumed_retention,assumed_rate,events_rounded,per_test_alpha,simultaneous_bound,certifies_primary_limit
Tox21_NR_AhR,random_grouped,101,50_20_15_15,class_retention_lower,0,1118,,0.5,559,0.000462962962962963,0.4501596275031578,false
Tox21_NR_AhR,random_grouped,101,50_20_15_15,class_retention_lower,0,1118,,0.6,671,0.000462962962962963,0.5506456664122877,true
Tox21_NR_AhR,random_grouped,101,50_20_15_15,class_retention_lower,0,1118,,0.7,783,0.000462962962962963,0.6532606598948036,true
Tox21_NR_AhR,random_grouped,101,50_20_15_15,class_retention_lower,0,1118,,0.8,894,0.000462962962962963,0.7575511312053793,true
Tox21_NR_AhR,random_grouped,101,50_20_15_15,class_retention_lower,0,1118,,0.9,1006,0.000462962962962963,0.8668662873592468,true
Tox21_NR_AhR,random_grouped,101,50_20_15_15,class_retention_lower,0,1118,,1.0,1118,0.000462962962962963,0.9931560287210981,true
Tox21_NR_AhR,random_grouped,101,50_20_15_15,class_retention_lower,1,140,,0.5,70,0.000462962962962963,0.35959386472195803,false
Tox21_NR_AhR,random_grouped,101,50_20_15_15,class_retention_lower,1,140,,0.6,84,0.000462962962962963,0.4567940178812225,false
Tox21_NR_AhR,random_grouped,101,50_20_15_15,class_retention_lower,1,140,,0.7,98,0.000462962962962963,0.5597450157486226,true
Tox21_NR_AhR,random_grouped,101,50_20_15_15,class_retention_lower,1,140,,0.8,112,0.000462962962962963,0.6697342038535186,true
Tox21_NR_AhR,random_grouped,101,50_20_15_15,class_retention_lower,1,140,,0.9,126,0.000462962962962963,0.7905171361687582,true
Tox21_NR_AhR,random_grouped,101,50_20_15_15,class_retention_lower,1,140,,1.0,140,0.000462962962962963,0.9466348159845926,true
Tox21_NR_AhR,random_grouped,101,50_20_15_15,critical_selected_error_upper,1,70,0.5,0.0,0,0.000462962962962963,0.10388252516581535,false
Tox21_NR_AhR,random_grouped,101,50_20_15_15,critical_selected_error_upper,1,70,0.5,0.02,1,0.000462962962962963,0.1350640958749031,false
Tox21_NR_AhR,random_grouped,101,50_20_15_15,critical_selected_error_upper,1,70,0.5,0.05,4,0.000462962962962963,0.20760247072735719,false
Tox21_NR_AhR,random_grouped,101,50_20_15_15,critical_selected_error_upper,1,70,0.5,0.1,7,0.000462962962962963,0.2686748486467381,false
Tox21_NR_AhR,random_grouped,101,50_20_15_15,critical_selected_error_upper,1,84,0.6,0.0,0,0.000462962962962963,0.08735028606050671,true
Tox21_NR_AhR,random_grouped,101,50_20_15_15,critical_selected_error_upper,1,84,0.6,0.02,2,0.000462962962962963,0.13611824179519855,false
Tox21_NR_AhR,random_grouped,101,50_20_15_15,critical_selected_error_upper,1,84,0.6,0.05,4,0.000462962962962963,0.1754493837831994,false
Tox21_NR_AhR,random_grouped,101,50_20_15_15,critical_selected_error_upper,1,84,0.6,0.1,8,0.000462962962962963,0.24394080177276042,false
Tox21_NR_AhR,random_grouped,101,50_20_15_15,critical_selected_error_upper,1,98,0.7,0.0,0,0.000462962962962963,0.07535513593015332,true
Tox21_NR_AhR,random_grouped,101,50_20_15_15,critical_selected_error_upper,1,98,0.7,0.02,2,0.000462962962962963,0.11767478391536113,false
Tox21_NR_AhR,random_grouped,101,50_20_15_15,critical_selected_error_upper,1,98,0.7,0.05,5,0.000462962962962963,0.16765875082818027,false
Tox21_NR_AhR,random_grouped,101,50_20_15_15,critical_selected_error_upper,1,98,0.7,0.1,10,0.000462962962962963,0.23919510098755695,false
Tox21_NR_AhR,random_grouped,101,50_20_15_15,critical_selected_error_upper,1,112,0.8,0.0,0,0.000462962962962963,0.0662554252113501,true
Tox21_NR_AhR,random_grouped,101,50_20_15_15,critical_selected_error_upper,1,112,0.8,0.02,2,0.000462962962962963,0.10362870739575314,false
Tox21_NR_AhR,random_grouped,101,50_20_15_15,critical_selected_error_upper,1,112,0.8,0.05,6,0.000462962962962963,0.16131020683499564,false
Tox21_NR_AhR,random_grouped,101,50_20_15_15,critical_selected_error_upper,1,112,0.8,0.1,11,0.000462962962962963,0.223270500928869,false
Tox21_NR_AhR,random_grouped,101,50_20_15_15,critical_selected_error_upper,1,126,0.9,0.0,0,0.000462962962962963,0.05911600423335288,true
Tox21_NR_AhR,random_grouped,101,50_20_15_15,critical_selected_error_upper,1,126,0.9,0.02,3,0.000462962962962963,0.10658875726362449,false
Tox21_NR_AhR,random_grouped,101,50_20_15_15,critical_selected_error_upper,1,126,0.9,0.05,6,0.000462962962962963,0.14433168030513055,false
Tox21_NR_AhR,random_grouped,101,50_20_15_15,critical_selected_error_upper,1,126,0.9,0.1,13,0.000462962962962963,0.22092139772050096,false
Tox21_NR_AhR,random_grouped,101,50_20_15_15,critical_selected_error_upper,1,140,1.0,0.0,0,0.000462962962962963,0.05336518401540679,true
Tox21_NR_AhR,random_grouped,101,50_20_15_15,critical_selected_error_upper,1,140,1.0,0.02,3,0.000462962962962963,0.0963493168146273,true
Tox21_NR_AhR,random_grouped,101,50_20_15_15,critical_selected_error_upper,1,140,1.0,0.05,7,0.000462962962962963,0.14119077479381972,false
Tox21_NR_AhR,random_grouped,101,50_20_15_15,critical_selected_error_upper,1,140,1.0,0.1,14,0.000462962962962963,0.209482863831241,false
Tox21_NR_AhR,random_grouped,102,50_20_15_15,class_retention_lower,0,1118,,0.5,559,0.000462962962962963,0.4501596275031578,false
Tox21_NR_AhR,random_grouped,102,50_20_15_15,class_retention_lower,0,1118,,0.6,671,0.000462962962962963,0.5506456664122877,true
Tox21_NR_AhR,random_grouped,102,50_20_15_15,class_retention_lower,0,1118,,0.7,783,0.000462962962962963,0.6532606598948036,true
Tox21_NR_AhR,random_grouped,102,50_20_15_15,class_retention_lower,0,1118,,0.8,894,0.000462962962962963,0.7575511312053793,true
Tox21_NR_AhR,random_grouped,102,50_20_15_15,class_retention_lower,0,1118,,0.9,1006,0.000462962962962963,0.8668662873592468,true
Tox21_NR_AhR,random_grouped,102,50_20_15_15,class_retention_lower,0,1118,,1.0,1118,0.000462962962962963,0.9931560287210981,true
Tox21_NR_AhR,random_grouped,102,50_20_15_15,class_retention_lower,1,140,,0.5,70,0.000462962962962963,0.35959386472195803,false
Tox21_NR_AhR,random_grouped,102,50_20_15_15,class_retention_lower,1,140,,0.6,84,0.000462962962962963,0.4567940178812225,false
Tox21_NR_AhR,random_grouped,102,50_20_15_15,class_retention_lower,1,140,,0.7,98,0.000462962962962963,0.5597450157486226,true
Tox21_NR_AhR,random_grouped,102,50_20_15_15,class_retention_lower,1,140,,0.8,112,0.000462962962962963,0.6697342038535186,true
Tox21_NR_AhR,random_grouped,102,50_20_15_15,class_retention_lower,1,140,,0.9,126,0.000462962962962963,0.7905171361687582,true
Tox21_NR_AhR,random_grouped,102,50_20_15_15,class_retention_lower,1,140,,1.0,140,0.000462962962962963,0.9466348159845926,true
Tox21_NR_AhR,random_grouped,102,50_20_15_15,critical_selected_error_upper,1,70,0.5,0.0,0,0.000462962962962963,0.10388252516581535,false
Tox21_NR_AhR,random_grouped,102,50_20_15_15,critical_selected_error_upper,1,70,0.5,0.02,1,0.000462962962962963,0.1350640958749031,false
Tox21_NR_AhR,random_grouped,102,50_20_15_15,critical_selected_error_upper,1,70,0.5,0.05,4,0.000462962962962963,0.20760247072735719,false
Tox21_NR_AhR,random_grouped,102,50_20_15_15,critical_selected_error_upper,1,70,0.5,0.1,7,0.000462962962962963,0.2686748486467381,false
Tox21_NR_AhR,random_grouped,102,50_20_15_15,critical_selected_error_upper,1,84,0.6,0.0,0,0.000462962962962963,0.08735028606050671,true
Tox21_NR_AhR,random_grouped,102,50_20_15_15,critical_selected_error_upper,1,84,0.6,0.02,2,0.000462962962962963,0.13611824179519855,false
Tox21_NR_AhR,random_grouped,102,50_20_15_15,critical_selected_error_upper,1,84,0.6,0.05,4,0.000462962962962963,0.1754493837831994,false
Tox21_NR_AhR,random_grouped,102,50_20_15_15,critical_selected_error_upper,1,84,0.6,0.1,8,0.000462962962962963,0.24394080177276042,false
Tox21_NR_AhR,random_grouped,102,50_20_15_15,critical_selected_error_upper,1,98,0.7,0.0,0,0.000462962962962963,0.07535513593015332,true
Tox21_NR_AhR,random_grouped,102,50_20_15_15,critical_selected_error_upper,1,98,0.7,0.02,2,0.000462962962962963,0.11767478391536113,false
Tox21_NR_AhR,random_grouped,102,50_20_15_15,critical_selected_error_upper,1,98,0.7,0.05,5,0.000462962962962963,0.16765875082818027,false
Tox21_NR_AhR,random_grouped,102,50_20_15_15,critical_selected_error_upper,1,98,0.7,0.1,10,0.000462962962962963,0.23919510098755695,false
Tox21_NR_AhR,random_grouped,102,50_20_15_15,critical_selected_error_upper,1,112,0.8,0.0,0,0.000462962962962963,0.0662554252113501,true
Tox21_NR_AhR,random_grouped,102,50_20_15_15,critical_selected_error_upper,1,112,0.8,0.02,2,0.000462962962962963,0.10362870739575314,false
Tox21_NR_AhR,random_grouped,102,50_20_15_15,critical_selected_error_upper,1,112,0.8,0.05,6,0.000462962962962963,0.16131020683499564,false
Tox21_NR_AhR,random_grouped,102,50_20_15_15,critical_selected_error_upper,1,112,0.8,0.1,11,0.000462962962962963,0.223270500928869,false
Tox21_NR_AhR,random_grouped,102,50_20_15_15,critical_selected_error_upper,1,126,0.9,0.0,0,0.000462962962962963,0.05911600423335288,true
Tox21_NR_AhR,random_grouped,102,50_20_15_15,critical_selected_error_upper,1,126,0.9,0.02,3,0.000462962962962963,0.10658875726362449,false
Tox21_NR_AhR,random_grouped,102,50_20_15_15,critical_selected_error_upper,1,126,0.9,0.05,6,0.000462962962962963,0.14433168030513055,false
Tox21_NR_AhR,random_grouped,102,50_20_15_15,critical_selected_error_upper,1,126,0.9,0.1,13,0.000462962962962963,0.22092139772050096,false
Tox21_NR_AhR,random_grouped,102,50_20_15_15,critical_selected_error_upper,1,140,1.0,0.0,0,0.000462962962962963,0.05336518401540679,true
Tox21_NR_AhR,random_grouped,102,50_20_15_15,critical_selected_error_upper,1,140,1.0,0.02,3,0.000462962962962963,0.0963493168146273,true
Tox21_NR_AhR,random_grouped,102,50_20_15_15,critical_selected_error_upper,1,140,1.0,0.05,7,0.000462962962962963,0.14119077479381972,false
Tox21_NR_AhR,random_grouped,102,50_20_15_15,critical_selected_error_upper,1,140,1.0,0.1,14,0.000462962962962963,0.209482863831241,false
Tox21_NR_AhR,random_grouped,103,50_20_15_15,class_retention_lower,0,1118,,0.5,559,0.000462962962962963,0.4501596275031578,false
Tox21_NR_AhR,random_grouped,103,50_20_15_15,class_retention_lower,0,1118,,0.6,671,0.000462962962962963,0.5506456664122877,true
Tox21_NR_AhR,random_grouped,103,50_20_15_15,class_retention_lower,0,1118,,0.7,783,0.000462962962962963,0.6532606598948036,true
Tox21_NR_AhR,random_grouped,103,50_20_15_15,class_retention_lower,0,1118,,0.8,894,0.000462962962962963,0.7575511312053793,true
Tox21_NR_AhR,random_grouped,103,50_20_15_15,class_retention_lower,0,1118,,0.9,1006,0.000462962962962963,0.8668662873592468,true
Tox21_NR_AhR,random_grouped,103,50_20_15_15,class_retention_lower,0,1118,,1.0,1118,0.000462962962962963,0.9931560287210981,true
Tox21_NR_AhR,random_grouped,103,50_20_15_15,class_retention_lower,1,140,,0.5,70,0.000462962962962963,0.35959386472195803,false
Tox21_NR_AhR,random_grouped,103,50_20_15_15,class_retention_lower,1,140,,0.6,84,0.000462962962962963,0.4567940178812225,false
Tox21_NR_AhR,random_grouped,103,50_20_15_15,class_retention_lower,1,140,,0.7,98,0.000462962962962963,0.5597450157486226,true
Tox21_NR_AhR,random_grouped,103,50_20_15_15,class_retention_lower,1,140,,0.8,112,0.000462962962962963,0.6697342038535186,true
Tox21_NR_AhR,random_grouped,103,50_20_15_15,class_retention_lower,1,140,,0.9,126,0.000462962962962963,0.7905171361687582,true
Tox21_NR_AhR,random_grouped,103,50_20_15_15,class_retention_lower,1,140,,1.0,140,0.000462962962962963,0.9466348159845926,true
Tox21_NR_AhR,random_grouped,103,50_20_15_15,critical_selected_error_upper,1,70,0.5,0.0,0,0.000462962962962963,0.10388252516581535,false
Tox21_NR_AhR,random_grouped,103,50_20_15_15,critical_selected_error_upper,1,70,0.5,0.02,1,0.000462962962962963,0.1350640958749031,false
Tox21_NR_AhR,random_grouped,103,50_20_15_15,critical_selected_error_upper,1,70,0.5,0.05,4,0.000462962962962963,0.20760247072735719,false
Tox21_NR_AhR,random_grouped,103,50_20_15_15,critical_selected_error_upper,1,70,0.5,0.1,7,0.000462962962962963,0.2686748486467381,false
Tox21_NR_AhR,random_grouped,103,50_20_15_15,critical_selected_error_upper,1,84,0.6,0.0,0,0.000462962962962963,0.08735028606050671,true
Tox21_NR_AhR,random_grouped,103,50_20_15_15,critical_selected_error_upper,1,84,0.6,0.02,2,0.000462962962962963,0.13611824179519855,false
Tox21_NR_AhR,random_grouped,103,50_20_15_15,critical_selected_error_upper,1,84,0.6,0.05,4,0.000462962962962963,0.1754493837831994,false
Tox21_NR_AhR,random_grouped,103,50_20_15_15,critical_selected_error_upper,1,84,0.6,0.1,8,0.000462962962962963,0.24394080177276042,false
Tox21_NR_AhR,random_grouped,103,50_20_15_15,critical_selected_error_upper,1,98,0.7,0.0,0,0.000462962962962963,0.07535513593015332,true
Tox21_NR_AhR,random_grouped,103,50_20_15_15,critical_selected_error_upper,1,98,0.7,0.02,2,0.000462962962962963,0.11767478391536113,false
Tox21_NR_AhR,random_grouped,103,50_20_15_15,critical_selected_error_upper,1,98,0.7,0.05,5,0.000462962962962963,0.16765875082818027,false
Tox21_NR_AhR,random_grouped,103,50_20_15_15,critical_selected_error_upper,1,98,0.7,0.1,10,0.000462962962962963,0.23919510098755695,false
Tox21_NR_AhR,random_grouped,103,50_20_15_15,critical_selected_error_upper,1,112,0.8,0.0,0,0.000462962962962963,0.0662554252113501,true
Tox21_NR_AhR,random_grouped,103,50_20_15_15,critical_selected_error_upper,1,112,0.8,0.02,2,0.000462962962962963,0.10362870739575314,false
Tox21_NR_AhR,random_grouped,103,50_20_15_15,critical_selected_error_upper,1,112,0.8,0.05,6,0.000462962962962963,0.16131020683499564,false
Tox21_NR_AhR,random_grouped,103,50_20_15_15,critical_selected_error_upper,1,112,0.8,0.1,11,0.000462962962962963,0.223270500928869,false
Tox21_NR_AhR,random_grouped,103,50_20_15_15,critical_selected_error_upper,1,126,0.9,0.0,0,0.000462962962962963,0.05911600423335288,true
Tox21_NR_AhR,random_grouped,103,50_20_15_15,critical_selected_error_upper,1,126,0.9,0.02,3,0.000462962962962963,0.10658875726362449,false
Tox21_NR_AhR,random_grouped,103,50_20_15_15,critical_selected_error_upper,1,126,0.9,0.05,6,0.000462962962962963,0.14433168030513055,false
Tox21_NR_AhR,random_grouped,103,50_20_15_15,critical_selected_error_upper,1,126,0.9,0.1,13,0.000462962962962963,0.22092139772050096,false
Tox21_NR_AhR,random_grouped,103,50_20_15_15,critical_selected_error_upper,1,140,1.0,0.0,0,0.000462962962962963,0.05336518401540679,true
Tox21_NR_AhR,random_grouped,103,50_20_15_15,critical_selected_error_upper,1,140,1.0,0.02,3,0.000462962962962963,0.0963493168146273,true
Tox21_NR_AhR,random_grouped,103,50_20_15_15,critical_selected_error_upper,1,140,1.0,0.05,7,0.000462962962962963,0.14119077479381972,false
Tox21_NR_AhR,random_grouped,103,50_20_15_15,critical_selected_error_upper,1,140,1.0,0.1,14,0.000462962962962963,0.209482863831241,false
Tox21_NR_AhR,random_grouped,104,50_20_15_15,class_retention_lower,0,1118,,0.5,559,0.000462962962962963,0.4501596275031578,false
Tox21_NR_AhR,random_grouped,104,50_20_15_15,class_retention_lower,0,1118,,0.6,671,0.000462962962962963,0.5506456664122877,true
Tox21_NR_AhR,random_grouped,104,50_20_15_15,class_retention_lower,0,1118,,0.7,783,0.000462962962962963,0.6532606598948036,true
Tox21_NR_AhR,random_grouped,104,50_20_15_15,class_retention_lower,0,1118,,0.8,894,0.000462962962962963,0.7575511312053793,true
Tox21_NR_AhR,random_grouped,104,50_20_15_15,class_retention_lower,0,1118,,0.9,1006,0.000462962962962963,0.8668662873592468,true
Tox21_NR_AhR,random_grouped,104,50_20_15_15,class_retention_lower,0,1118,,1.0,1118,0.000462962962962963,0.9931560287210981,true
Tox21_NR_AhR,random_grouped,104,50_20_15_15,class_retention_lower,1,140,,0.5,70,0.000462962962962963,0.35959386472195803,false
Tox21_NR_AhR,random_grouped,104,50_20_15_15,class_retention_lower,1,140,,0.6,84,0.000462962962962963,0.4567940178812225,false
Tox21_NR_AhR,random_grouped,104,50_20_15_15,class_retention_lower,1,140,,0.7,98,0.000462962962962963,0.5597450157486226,true
Tox21_NR_AhR,random_grouped,104,50_20_15_15,class_retention_lower,1,140,,0.8,112,0.000462962962962963,0.6697342038535186,true
Tox21_NR_AhR,random_grouped,104,50_20_15_15,class_retention_lower,1,140,,0.9,126,0.000462962962962963,0.7905171361687582,true
Tox21_NR_AhR,random_grouped,104,50_20_15_15,class_retention_lower,1,140,,1.0,140,0.000462962962962963,0.9466348159845926,true
Tox21_NR_AhR,random_grouped,104,50_20_15_15,critical_selected_error_upper,1,70,0.5,0.0,0,0.000462962962962963,0.10388252516581535,false
Tox21_NR_AhR,random_grouped,104,50_20_15_15,critical_selected_error_upper,1,70,0.5,0.02,1,0.000462962962962963,0.1350640958749031,false
Tox21_NR_AhR,random_grouped,104,50_20_15_15,critical_selected_error_upper,1,70,0.5,0.05,4,0.000462962962962963,0.20760247072735719,false
Tox21_NR_AhR,random_grouped,104,50_20_15_15,critical_selected_error_upper,1,70,0.5,0.1,7,0.000462962962962963,0.2686748486467381,false
Tox21_NR_AhR,random_grouped,104,50_20_15_15,critical_selected_error_upper,1,84,0.6,0.0,0,0.000462962962962963,0.08735028606050671,true
Tox21_NR_AhR,random_grouped,104,50_20_15_15,critical_selected_error_upper,1,84,0.6,0.02,2,0.000462962962962963,0.13611824179519855,false
Tox21_NR_AhR,random_grouped,104,50_20_15_15,critical_selected_error_upper,1,84,0.6,0.05,4,0.000462962962962963,0.1754493837831994,false
Tox21_NR_AhR,random_grouped,104,50_20_15_15,critical_selected_error_upper,1,84,0.6,0.1,8,0.000462962962962963,0.24394080177276042,false
Tox21_NR_AhR,random_grouped,104,50_20_15_15,critical_selected_error_upper,1,98,0.7,0.0,0,0.000462962962962963,0.07535513593015332,true
Tox21_NR_AhR,random_grouped,104,50_20_15_15,critical_selected_error_upper,1,98,0.7,0.02,2,0.000462962962962963,0.11767478391536113,false
Tox21_NR_AhR,random_grouped,104,50_20_15_15,critical_selected_error_upper,1,98,0.7,0.05,5,0.000462962962962963,0.16765875082818027,false
Tox21_NR_AhR,random_grouped,104,50_20_15_15,critical_selected_error_upper,1,98,0.7,0.1,10,0.000462962962962963,0.23919510098755695,false
Tox21_NR_AhR,random_grouped,104,50_20_15_15,critical_selected_error_upper,1,112,0.8,0.0,0,0.000462962962962963,0.0662554252113501,true
Tox21_NR_AhR,random_grouped,104,50_20_15_15,critical_selected_error_upper,1,112,0.8,0.02,2,0.000462962962962963,0.10362870739575314,false
Tox21_NR_AhR,random_grouped,104,50_20_15_15,critical_selected_error_upper,1,112,0.8,0.05,6,0.000462962962962963,0.16131020683499564,false
Tox21_NR_AhR,random_grouped,104,50_20_15_15,critical_selected_error_upper,1,112,0.8,0.1,11,0.000462962962962963,0.223270500928869,false
Tox21_NR_AhR,random_grouped,104,50_20_15_15,critical_selected_error_upper,1,126,0.9,0.0,0,0.000462962962962963,0.05911600423335288,true
Tox21_NR_AhR,random_grouped,104,50_20_15_15,critical_selected_error_upper,1,126,0.9,0.02,3,0.000462962962962963,0.10658875726362449,false
Tox21_NR_AhR,random_grouped,104,50_20_15_15,critical_selected_error_upper,1,126,0.9,0.05,6,0.000462962962962963,0.14433168030513055,false
Tox21_NR_AhR,random_grouped,104,50_20_15_15,critical_selected_error_upper,1,126,0.9,0.1,13,0.000462962962962963,0.22092139772050096,false
Tox21_NR_AhR,random_grouped,104,50_20_15_15,critical_selected_error_upper,1,140,1.0,0.0,0,0.000462962962962963,0.05336518401540679,true
Tox21_NR_AhR,random_grouped,104,50_20_15_15,critical_selected_error_upper,1,140,1.0,0.02,3,0.000462962962962963,0.0963493168146273,true
Tox21_NR_AhR,random_grouped,104,50_20_15_15,critical_selected_error_upper,1,140,1.0,0.05,7,0.000462962962962963,0.14119077479381972,false
Tox21_NR_AhR,random_grouped,104,50_20_15_15,critical_selected_error_upper,1,140,1.0,0.1,14,0.000462962962962963,0.209482863831241,false
Tox21_NR_AhR,random_grouped,105,50_20_15_15,class_retention_lower,0,1118,,0.5,559,0.000462962962962963,0.4501596275031578,false
Tox21_NR_AhR,random_grouped,105,50_20_15_15,class_retention_lower,0,1118,,0.6,671,0.000462962962962963,0.5506456664122877,true
Tox21_NR_AhR,random_grouped,105,50_20_15_15,class_retention_lower,0,1118,,0.7,783,0.000462962962962963,0.6532606598948036,true
Tox21_NR_AhR,random_grouped,105,50_20_15_15,class_retention_lower,0,1118,,0.8,894,0.000462962962962963,0.7575511312053793,true
Tox21_NR_AhR,random_grouped,105,50_20_15_15,class_retention_lower,0,1118,,0.9,1006,0.000462962962962963,0.8668662873592468,true
Tox21_NR_AhR,random_grouped,105,50_20_15_15,class_retention_lower,0,1118,,1.0,1118,0.000462962962962963,0.9931560287210981,true
Tox21_NR_AhR,random_grouped,105,50_20_15_15,class_retention_lower,1,140,,0.5,70,0.000462962962962963,0.35959386472195803,false
Tox21_NR_AhR,random_grouped,105,50_20_15_15,class_retention_lower,1,140,,0.6,84,0.000462962962962963,0.4567940178812225,false
Tox21_NR_AhR,random_grouped,105,50_20_15_15,class_retention_lower,1,140,,0.7,98,0.000462962962962963,0.5597450157486226,true
Tox21_NR_AhR,random_grouped,105,50_20_15_15,class_retention_lower,1,140,,0.8,112,0.000462962962962963,0.6697342038535186,true
Tox21_NR_AhR,random_grouped,105,50_20_15_15,class_retention_lower,1,140,,0.9,126,0.000462962962962963,0.7905171361687582,true
Tox21_NR_AhR,random_grouped,105,50_20_15_15,class_retention_lower,1,140,,1.0,140,0.000462962962962963,0.9466348159845926,true
Tox21_NR_AhR,random_grouped,105,50_20_15_15,critical_selected_error_upper,1,70,0.5,0.0,0,0.000462962962962963,0.10388252516581535,false
Tox21_NR_AhR,random_grouped,105,50_20_15_15,critical_selected_error_upper,1,70,0.5,0.02,1,0.000462962962962963,0.1350640958749031,false
Tox21_NR_AhR,random_grouped,105,50_20_15_15,critical_selected_error_upper,1,70,0.5,0.05,4,0.000462962962962963,0.20760247072735719,false
Tox21_NR_AhR,random_grouped,105,50_20_15_15,critical_selected_error_upper,1,70,0.5,0.1,7,0.000462962962962963,0.2686748486467381,false
Tox21_NR_AhR,random_grouped,105,50_20_15_15,critical_selected_error_upper,1,84,0.6,0.0,0,0.000462962962962963,0.08735028606050671,true
Tox21_NR_AhR,random_grouped,105,50_20_15_15,critical_selected_error_upper,1,84,0.6,0.02,2,0.000462962962962963,0.13611824179519855,false
Tox21_NR_AhR,random_grouped,105,50_20_15_15,critical_selected_error_upper,1,84,0.6,0.05,4,0.000462962962962963,0.1754493837831994,false
Tox21_NR_AhR,random_grouped,105,50_20_15_15,critical_selected_error_upper,1,84,0.6,0.1,8,0.000462962962962963,0.24394080177276042,false
Tox21_NR_AhR,random_grouped,105,50_20_15_15,critical_selected_error_upper,1,98,0.7,0.0,0,0.000462962962962963,0.07535513593015332,true
Tox21_NR_AhR,random_grouped,105,50_20_15_15,critical_selected_error_upper,1,98,0.7,0.02,2,0.000462962962962963,0.11767478391536113,false
Tox21_NR_AhR,random_grouped,105,50_20_15_15,critical_selected_error_upper,1,98,0.7,0.05,5,0.000462962962962963,0.16765875082818027,false
Tox21_NR_AhR,random_grouped,105,50_20_15_15,critical_selected_error_upper,1,98,0.7,0.1,10,0.000462962962962963,0.23919510098755695,false
Tox21_NR_AhR,random_grouped,105,50_20_15_15,critical_selected_error_upper,1,112,0.8,0.0,0,0.000462962962962963,0.0662554252113501,true
Tox21_NR_AhR,random_grouped,105,50_20_15_15,critical_selected_error_upper,1,112,0.8,0.02,2,0.000462962962962963,0.10362870739575314,false
Tox21_NR_AhR,random_grouped,105,50_20_15_15,critical_selected_error_upper,1,112,0.8,0.05,6,0.000462962962962963,0.16131020683499564,false
Tox21_NR_AhR,random_grouped,105,50_20_15_15,critical_selected_error_upper,1,112,0.8,0.1,11,0.000462962962962963,0.223270500928869,false
Tox21_NR_AhR,random_grouped,105,50_20_15_15,critical_selected_error_upper,1,126,0.9,0.0,0,0.000462962962962963,0.05911600423335288,true
Tox21_NR_AhR,random_grouped,105,50_20_15_15,critical_selected_error_upper,1,126,0.9,0.02,3,0.000462962962962963,0.10658875726362449,false
Tox21_NR_AhR,random_grouped,105,50_20_15_15,critical_selected_error_upper,1,126,0.9,0.05,6,0.000462962962962963,0.14433168030513055,false
Tox21_NR_AhR,random_grouped,105,50_20_15_15,critical_selected_error_upper,1,126,0.9,0.1,13,0.000462962962962963,0.22092139772050096,false
Tox21_NR_AhR,random_grouped,105,50_20_15_15,critical_selected_error_upper,1,140,1.0,0.0,0,0.000462962962962963,0.05336518401540679,true
Tox21_NR_AhR,random_grouped,105,50_20_15_15,critical_selected_error_upper,1,140,1.0,0.02,3,0.000462962962962963,0.0963493168146273,true
Tox21_NR_AhR,random_grouped,105,50_20_15_15,critical_selected_error_upper,1,140,1.0,0.05,7,0.000462962962962963,0.14119077479381972,false
Tox21_NR_AhR,random_grouped,105,50_20_15_15,critical_selected_error_upper,1,140,1.0,0.1,14,0.000462962962962963,0.209482863831241,false
Tox21_NR_AhR,strict_scaffold,101,50_20_15_15,class_retention_lower,0,1115,,0.5,558,0.000462962962962963,0.45053773427435756,false
Tox21_NR_AhR,strict_scaffold,101,50_20_15_15,class_retention_lower,0,1115,,0.6,669,0.000462962962962963,0.5503966314291666,true
Tox21_NR_AhR,strict_scaffold,101,50_20_15_15,class_retention_lower,0,1115,,0.7,780,0.000462962962962963,0.65235986117548,true
Tox21_NR_AhR,strict_scaffold,101,50_20_15_15,class_retention_lower,0,1115,,0.8,892,0.000462962962962963,0.7578730557037446,true
Tox21_NR_AhR,strict_scaffold,101,50_20_15_15,class_retention_lower,0,1115,,0.9,1004,0.000462962962962963,0.8675228522009946,true
Tox21_NR_AhR,strict_scaffold,101,50_20_15_15,class_retention_lower,0,1115,,1.0,1115,0.000462962962962963,0.9931376777757638,true
Tox21_NR_AhR,strict_scaffold,101,50_20_15_15,class_retention_lower,1,143,,0.5,72,0.000462962962962963,0.3643572245969967,false
Tox21_NR_AhR,strict_scaffold,101,50_20_15_15,class_retention_lower,1,143,,0.6,86,0.000462962962962963,0.45973393370679777,false
Tox21_NR_AhR,strict_scaffold,101,50_20_15_15,class_retention_lower,1,143,,0.7,100,0.000462962962962963,0.5605766294463831,true
Tox21_NR_AhR,strict_scaffold,101,50_20_15_15,class_retention_lower,1,143,,0.8,114,0.000462962962962963,0.6680817944273307,true
Tox21_NR_AhR,strict_scaffold,101,50_20_15_15,class_retention_lower,1,143,,0.9,129,0.000462962962962963,0.7946393180792388,true
Tox21_NR_AhR,strict_scaffold,101,50_20_15_15,class_retention_lower,1,143,,1.0,143,0.000462962962962963,0.9477245735677443,true
Tox21_NR_AhR,strict_scaffold,101,50_20_15_15,critical_selected_error_upper,1,71,0.5,0.0,0,0.000462962962962963,0.10249709561804136,false
Tox21_NR_AhR,strict_scaffold,101,50_20_15_15,critical_selected_error_upper,1,71,0.5,0.02,1,0.000462962962962963,0.13328169711655657,false
Tox21_NR_AhR,strict_scaffold,101,50_20_15_15,critical_selected_error_upper,1,71,0.5,0.05,4,0.000462962962962963,0.20492158963877732,false
Tox21_NR_AhR,strict_scaffold,101,50_20_15_15,critical_selected_error_upper,1,71,0.5,0.1,7,0.000462962962962963,0.2652637880484099,false
Tox21_NR_AhR,strict_scaffold,101,50_20_15_15,critical_selected_error_upper,1,85,0.6,0.0,0,0.000462962962962963,0.0863683576560106,true
Tox21_NR_AhR,strict_scaffold,101,50_20_15_15,critical_selected_error_upper,1,85,0.6,0.02,2,0.000462962962962963,0.13461155884857398,false
Tox21_NR_AhR,strict_scaffold,101,50_20_15_15,critical_selected_error_upper,1,85,0.6,0.05,4,0.000462962962962963,0.17352861210146878,false
Tox21_NR_AhR,strict_scaffold,101,50_20_15_15,critical_selected_error_upper,1,85,0.6,0.1,8,0.000462962962962963,0.24131746809635526,false
Tox21_NR_AhR,strict_scaffold,101,50_20_15_15,critical_selected_error_upper,1,100,0.7,0.0,0,0.000462962962962963,0.07390516410522542,true
Tox21_NR_AhR,strict_scaffold,101,50_20_15_15,critical_selected_error_upper,1,100,0.7,0.02,2,0.000462962962962963,0.11543977697318837,false
Tox21_NR_AhR,strict_scaffold,101,50_20_15_15,critical_selected_error_upper,1,100,0.7,0.05,5,0.000462962962962963,0.16451619237013312,false
Tox21_NR_AhR,strict_scaffold,101,50_20_15_15,critical_selected_error_upper,1,100,0.7,0.1,10,0.000462962962962963,0.23478837310920309,false
Tox21_NR_AhR,strict_scaffold,101,50_20_15_15,critical_selected_error_upper,1,114,0.8,0.0,0,0.000462962962962963,0.06513176039342777,true
Tox21_NR_AhR,strict_scaffold,101,50_20_15_15,critical_selected_error_upper,1,114,0.8,0.02,2,0.000462962962962963,0.10189101864771753,false
Tox21_NR_AhR,strict_scaffold,101,50_20_15_15,critical_selected_error_upper,1,114,0.8,0.05,6,0.000462962962962963,0.15864468488627897,false
Tox21_NR_AhR,strict_scaffold,101,50_20_15_15,critical_selected_error_upper,1,114,0.8,0.1,11,0.000462962962962963,0.2196331109300372,false
Tox21_NR_AhR,strict_scaffold,101,50_20_15_15,critical_selected_error_upper,1,128,0.9,0.0,0,0.000462962962962963,0.05821974691512891,true
Tox21_NR_AhR,strict_scaffold,101,50_20_15_15,critical_selected_error_upper,1,128,0.9,0.02,3,0.000462962962962963,0.10499484649674029,false
Tox21_NR_AhR,strict_scaffold,101,50_20_15_15,critical_selected_error_upper,1,128,0.9,0.05,6,0.000462962962962963,0.14219313893133545,false
Tox21_NR_AhR,strict_scaffold,101,50_20_15_15,critical_selected_error_upper,1,128,0.9,0.1,13,0.000462962962962963,0.21770260942846031,false
Tox21_NR_AhR,strict_scaffold,101,50_20_15_15,critical_selected_error_upper,1,143,1.0,0.0,0,0.000462962962962963,0.052275426432255225,true
Tox21_NR_AhR,strict_scaffold,101,50_20_15_15,critical_selected_error_upper,1,143,1.0,0.02,3,0.000462962962962963,0.0944057523179503,true
Tox21_NR_AhR,strict_scaffold,101,50_20_15_15,critical_selected_error_upper,1,143,1.0,0.05,7,0.000462962962962963,0.1383724819628726,false
Tox21_NR_AhR,strict_scaffold,101,50_20_15_15,critical_selected_error_upper,1,143,1.0,0.1,14,0.000462962962962963,0.20536068192076046,false
Tox21_NR_AhR,strict_scaffold,102,50_20_15_15,class_retention_lower,0,1116,,0.5,558,0.000462962962962963,0.4501148316431107,false
Tox21_NR_AhR,strict_scaffold,102,50_20_15_15,class_retention_lower,0,1116,,0.6,670,0.000462962962962963,0.5507824256865188,true
Tox21_NR_AhR,strict_scaffold,102,50_20_15_15,class_retention_lower,0,1116,,0.7,781,0.000462962962962963,0.652660644752052,true
Tox21_NR_AhR,strict_scaffold,102,50_20_15_15,class_retention_lower,0,1116,,0.8,893,0.000462962962962963,0.7580842132535299,true
Tox21_NR_AhR,strict_scaffold,102,50_20_15_15,class_retention_lower,0,1116,,0.9,1004,0.000462962962962963,0.8666321240113416,true
Tox21_NR_AhR,strict_scaffold,102,50_20_15_15,class_retention_lower,0,1116,,1.0,1116,0.000462962962962963,0.9931438056821655,true
Tox21_NR_AhR,strict_scaffold,102,50_20_15_15,class_retention_lower,1,142,,0.5,71,0.000462962962962963,0.36056695485836054,false
Tox21_NR_AhR,strict_scaffold,102,50_20_15_15,class_retention_lower,1,142,,0.6,85,0.000462962962962963,0.45641850974120757,false
Tox21_NR_AhR,strict_scaffold,102,50_20_15_15,class_retention_lower,1,142,,0.7,99,0.000462962962962963,0.5578126297038247,true
Tox21_NR_AhR,strict_scaffold,102,50_20_15_15,class_retention_lower,1,142,,0.8,114,0.000462962962962963,0.6739916154121741,true
Tox21_NR_AhR,strict_scaffold,102,50_20_15_15,class_retention_lower,1,142,,0.9,128,0.000462962962962963,0.7932833418643394,true
Tox21_NR_AhR,strict_scaffold,102,50_20_15_15,class_retention_lower,1,142,,1.0,142,0.000462962962962963,0.94736629894775,true
Tox21_NR_AhR,strict_scaffold,102,50_20_15_15,critical_selected_error_upper,1,71,0.5,0.0,0,0.000462962962962963,0.10249709561804136,false
Tox21_NR_AhR,strict_scaffold,102,50_20_15_15,critical_selected_error_upper,1,71,0.5,0.02,1,0.000462962962962963,0.13328169711655657,false
Tox21_NR_AhR,strict_scaffold,102,50_20_15_15,critical_selected_error_upper,1,71,0.5,0.05,4,0.000462962962962963,0.20492158963877732,false
Tox21_NR_AhR,strict_scaffold,102,50_20_15_15,critical_selected_error_upper,1,71,0.5,0.1,7,0.000462962962962963,0.2652637880484099,false
Tox21_NR_AhR,strict_scaffold,102,50_20_15_15,critical_selected_error_upper,1,85,0.6,0.0,0,0.000462962962962963,0.0863683576560106,true
Tox21_NR_AhR,strict_scaffold,102,50_20_15_15,critical_selected_error_upper,1,85,0.6,0.02,2,0.000462962962962963,0.13461155884857398,false
Tox21_NR_AhR,strict_scaffold,102,50_20_15_15,critical_selected_error_upper,1,85,0.6,0.05,4,0.000462962962962963,0.17352861210146878,false
Tox21_NR_AhR,strict_scaffold,102,50_20_15_15,critical_selected_error_upper,1,85,0.6,0.1,8,0.000462962962962963,0.24131746809635526,false
Tox21_NR_AhR,strict_scaffold,102,50_20_15_15,critical_selected_error_upper,1,99,0.7,0.0,0,0.000462962962962963,0.07462311089650821,true
Tox21_NR_AhR,strict_scaffold,102,50_20_15_15,critical_selected_error_upper,1,99,0.7,0.02,2,0.000462962962962963,0.11654657927404817,false
Tox21_NR_AhR,strict_scaffold,102,50_20_15_15,critical_selected_error_upper,1,99,0.7,0.05,5,0.000462962962962963,0.1660726422725909,false
Tox21_NR_AhR,strict_scaffold,102,50_20_15_15,critical_selected_error_upper,1,99,0.7,0.1,10,0.000462962962962963,0.2369713536447498,false
Tox21_NR_AhR,strict_scaffold,102,50_20_15_15,critical_selected_error_upper,1,113,0.8,0.0,0,0.000462962962962963,0.06568878974637996,true
Tox21_NR_AhR,strict_scaffold,102,50_20_15_15,critical_selected_error_upper,1,113,0.8,0.02,2,0.000462962962962963,0.10275252362836189,false
Tox21_NR_AhR,strict_scaffold,102,50_20_15_15,critical_selected_error_upper,1,113,0.8,0.05,6,0.000462962962962963,0.15996636661495744,false
Tox21_NR_AhR,strict_scaffold,102,50_20_15_15,critical_selected_error_upper,1,113,0.8,0.1,11,0.000462962962962963,0.2214369313943935,false
Tox21_NR_AhR,strict_scaffold,102,50_20_15_15,critical_selected_error_upper,1,127,0.9,0.0,0,0.000462962962962963,0.05866445366325742,true
Tox21_NR_AhR,strict_scaffold,102,50_20_15_15,critical_selected_error_upper,1,127,0.9,0.02,3,0.000462962962962963,0.10578580387864259,false
Tox21_NR_AhR,strict_scaffold,102,50_20_15_15,critical_selected_error_upper,1,127,0.9,0.05,6,0.000462962962962963,0.14325444225618328,false
Tox21_NR_AhR,strict_scaffold,102,50_20_15_15,critical_selected_error_upper,1,127,0.9,0.1,13,0.000462962962962963,0.21930023920798777,false
Tox21_NR_AhR,strict_scaffold,102,50_20_15_15,critical_selected_error_upper,1,142,1.0,0.0,0,0.000462962962962963,0.05263370105224947,true
Tox21_NR_AhR,strict_scaffold,102,50_20_15_15,critical_selected_error_upper,1,142,1.0,0.02,3,0.000462962962962963,0.09504484234921201,true
Tox21_NR_AhR,strict_scaffold,102,50_20_15_15,critical_selected_error_upper,1,142,1.0,0.05,7,0.000462962962962963,0.13929934724060622,false
Tox21_NR_AhR,strict_scaffold,102,50_20_15_15,critical_selected_error_upper,1,142,1.0,0.1,14,0.000462962962962963,0.2067166581356599,false
Tox21_NR_AhR,strict_scaffold,103,50_20_15_15,class_retention_lower,0,1113,,0.5,556,0.000462962962962963,0.44960131087654526,false
Tox21_NR_AhR,strict_scaffold,103,50_20_15_15,class_retention_lower,0,1113,,0.6,668,0.000462962962962963,0.5505333647380057,true
Tox21_NR_AhR,strict_scaffold,103,50_20_15_15,class_retention_lower,0,1113,,0.7,779,0.000462962962962963,0.6526875460430069,true
Tox21_NR_AhR,strict_scaffold,103,50_20_15_15,class_retention_lower,0,1113,,0.8,890,0.000462962962962963,0.7574496350308603,true
Tox21_NR_AhR,strict_scaffold,103,50_20_15_15,class_retention_lower,0,1113,,0.9,1002,0.000462962962962963,0.8672892085504492,true
Tox21_NR_AhR,strict_scaffold,103,50_20_15_15,class_retention_lower,0,1113,,1.0,1113,0.000462962962962963,0.9931253890423657,true
Tox21_NR_AhR,strict_scaffold,103,50_20_15_15,class_retention_lower,1,145,,0.5,72,0.000462962962962963,0.35872801774652835,false
Tox21_NR_AhR,strict_scaffold,103,50_20_15_15,class_retention_lower,1,145,,0.6,87,0.000462962962962963,0.45933484536206926,false
Tox21_NR_AhR,strict_scaffold,103,50_20_15_15,class_retention_lower,1,145,,0.7,102,0.000462962962962963,0.5660040924562411,true
Tox21_NR_AhR,strict_scaffold,103,50_20_15_15,class_retention_lower,1,145,,0.8,116,0.000462962962962963,0.6722740633430822,true
Tox21_NR_AhR,strict_scaffold,103,50_20_15_15,class_retention_lower,1,145,,0.9,130,0.000462962962962963,0.7884121617548707,true
Tox21_NR_AhR,strict_scaffold,103,50_20_15_15,class_retention_lower,1,145,,1.0,145,0.000462962962962963,0.9484266902745225,true
Tox21_NR_AhR,strict_scaffold,103,50_20_15_15,critical_selected_error_upper,1,72,0.5,0.0,0,0.000462962962962963,0.10114809675075934,false
Tox21_NR_AhR,strict_scaffold,103,50_20_15_15,critical_selected_error_upper,1,72,0.5,0.02,1,0.000462962962962963,0.13154565159004905,false
Tox21_NR_AhR,strict_scaffold,103,50_20_15_15,critical_selected_error_upper,1,72,0.5,0.05,4,0.000462962962962963,0.202308794318706,false
Tox21_NR_AhR,strict_scaffold,103,50_20_15_15,critical_selected_error_upper,1,72,0.5,0.1,7,0.000462962962962963,0.2619376680177011,false
Tox21_NR_AhR,strict_scaffold,103,50_20_15_15,critical_selected_error_upper,1,87,0.6,0.0,0,0.000462962962962963,0.0844692292879666,true
Tox21_NR_AhR,strict_scaffold,103,50_20_15_15,critical_selected_error_upper,1,87,0.6,0.02,2,0.000462962962962963,0.13169593368792618,false
Tox21_NR_AhR,strict_scaffold,103,50_20_15_15,critical_selected_error_upper,1,87,0.6,0.05,4,0.000462962962962963,0.16981020885338854,false
Tox21_NR_AhR,strict_scaffold,103,50_20_15_15,critical_selected_error_upper,1,87,0.6,0.1,9,0.000462962962962963,0.25164409864528386,false
Tox21_NR_AhR,strict_scaffold,103,50_20_15_15,critical_selected_error_upper,1,101,0.7,0.0,0,0.000462962962962963,0.07320089350691862,true
Tox21_NR_AhR,strict_scaffold,103,50_20_15_15,critical_selected_error_upper,1,101,0.7,0.02,2,0.000462962962962963,0.1143537744741387,false
Tox21_NR_AhR,strict_scaffold,103,50_20_15_15,critical_selected_error_upper,1,101,0.7,0.05,5,0.000462962962962963,0.16298857905278785,false
Tox21_NR_AhR,strict_scaffold,103,50_20_15_15,critical_selected_error_upper,1,101,0.7,0.1,10,0.000462962962962963,0.23264505469439306,false
Tox21_NR_AhR,strict_scaffold,103,50_20_15_15,critical_selected_error_upper,1,116,0.8,0.0,0,0.000462962962962963,0.06404555957996702,true
Tox21_NR_AhR,strict_scaffold,103,50_20_15_15,critical_selected_error_upper,1,116,0.8,0.02,2,0.000462962962962963,0.1002105952122129,false
Tox21_NR_AhR,strict_scaffold,103,50_20_15_15,critical_selected_error_upper,1,116,0.8,0.05,6,0.000462962962962963,0.15606564508489637,false
Tox21_NR_AhR,strict_scaffold,103,50_20_15_15,critical_selected_error_upper,1,116,0.8,0.1,12,0.000462962962962963,0.22741843358567654,false
Tox21_NR_AhR,strict_scaffold,103,50_20_15_15,critical_selected_error_upper,1,130,0.9,0.0,0,0.000462962962962963,0.05735025200538727,true
Tox21_NR_AhR,strict_scaffold,103,50_20_15_15,critical_selected_error_upper,1,130,0.9,0.02,3,0.000462962962962963,0.10344786127084087,false
Tox21_NR_AhR,strict_scaffold,103,50_20_15_15,critical_selected_error_upper,1,130,0.9,0.05,6,0.000462962962962963,0.14011694523312904,false
Tox21_NR_AhR,strict_scaffold,103,50_20_15_15,critical_selected_error_upper,1,130,0.9,0.1,13,0.000462962962962963,0.21457592507087916,false
Tox21_NR_AhR,strict_scaffold,103,50_20_15_15,critical_selected_error_upper,1,145,1.0,0.0,0,0.000462962962962963,0.05157330972547698,true
Tox21_NR_AhR,strict_scaffold,103,50_20_15_15,critical_selected_error_upper,1,145,1.0,0.02,3,0.000462962962962963,0.09315299566612818,true
Tox21_NR_AhR,strict_scaffold,103,50_20_15_15,critical_selected_error_upper,1,145,1.0,0.05,7,0.000462962962962963,0.13655521459936604,false
Tox21_NR_AhR,strict_scaffold,103,50_20_15_15,critical_selected_error_upper,1,145,1.0,0.1,14,0.000462962962962963,0.20270123854563285,false
Tox21_NR_AhR,strict_scaffold,104,50_20_15_15,class_retention_lower,0,1116,,0.5,558,0.000462962962962963,0.4501148316431107,false
Tox21_NR_AhR,strict_scaffold,104,50_20_15_15,class_retention_lower,0,1116,,0.6,670,0.000462962962962963,0.5507824256865188,true
Tox21_NR_AhR,strict_scaffold,104,50_20_15_15,class_retention_lower,0,1116,,0.7,781,0.000462962962962963,0.652660644752052,true
Tox21_NR_AhR,strict_scaffold,104,50_20_15_15,class_retention_lower,0,1116,,0.8,893,0.000462962962962963,0.7580842132535299,true
Tox21_NR_AhR,strict_scaffold,104,50_20_15_15,class_retention_lower,0,1116,,0.9,1004,0.000462962962962963,0.8666321240113416,true
Tox21_NR_AhR,strict_scaffold,104,50_20_15_15,class_retention_lower,0,1116,,1.0,1116,0.000462962962962963,0.9931438056821655,true
Tox21_NR_AhR,strict_scaffold,104,50_20_15_15,class_retention_lower,1,142,,0.5,71,0.000462962962962963,0.36056695485836054,false
Tox21_NR_AhR,strict_scaffold,104,50_20_15_15,class_retention_lower,1,142,,0.6,85,0.000462962962962963,0.45641850974120757,false
Tox21_NR_AhR,strict_scaffold,104,50_20_15_15,class_retention_lower,1,142,,0.7,99,0.000462962962962963,0.5578126297038247,true
Tox21_NR_AhR,strict_scaffold,104,50_20_15_15,class_retention_lower,1,142,,0.8,114,0.000462962962962963,0.6739916154121741,true
Tox21_NR_AhR,strict_scaffold,104,50_20_15_15,class_retention_lower,1,142,,0.9,128,0.000462962962962963,0.7932833418643394,true
Tox21_NR_AhR,strict_scaffold,104,50_20_15_15,class_retention_lower,1,142,,1.0,142,0.000462962962962963,0.94736629894775,true
Tox21_NR_AhR,strict_scaffold,104,50_20_15_15,critical_selected_error_upper,1,71,0.5,0.0,0,0.000462962962962963,0.10249709561804136,false
Tox21_NR_AhR,strict_scaffold,104,50_20_15_15,critical_selected_error_upper,1,71,0.5,0.02,1,0.000462962962962963,0.13328169711655657,false
Tox21_NR_AhR,strict_scaffold,104,50_20_15_15,critical_selected_error_upper,1,71,0.5,0.05,4,0.000462962962962963,0.20492158963877732,false
Tox21_NR_AhR,strict_scaffold,104,50_20_15_15,critical_selected_error_upper,1,71,0.5,0.1,7,0.000462962962962963,0.2652637880484099,false
Tox21_NR_AhR,strict_scaffold,104,50_20_15_15,critical_selected_error_upper,1,85,0.6,0.0,0,0.000462962962962963,0.0863683576560106,true
Tox21_NR_AhR,strict_scaffold,104,50_20_15_15,critical_selected_error_upper,1,85,0.6,0.02,2,0.000462962962962963,0.13461155884857398,false
Tox21_NR_AhR,strict_scaffold,104,50_20_15_15,critical_selected_error_upper,1,85,0.6,0.05,4,0.000462962962962963,0.17352861210146878,false
Tox21_NR_AhR,strict_scaffold,104,50_20_15_15,critical_selected_error_upper,1,85,0.6,0.1,8,0.000462962962962963,0.24131746809635526,false
Tox21_NR_AhR,strict_scaffold,104,50_20_15_15,critical_selected_error_upper,1,99,0.7,0.0,0,0.000462962962962963,0.07462311089650821,true
Tox21_NR_AhR,strict_scaffold,104,50_20_15_15,critical_selected_error_upper,1,99,0.7,0.02,2,0.000462962962962963,0.11654657927404817,false
Tox21_NR_AhR,strict_scaffold,104,50_20_15_15,critical_selected_error_upper,1,99,0.7,0.05,5,0.000462962962962963,0.1660726422725909,false
Tox21_NR_AhR,strict_scaffold,104,50_20_15_15,critical_selected_error_upper,1,99,0.7,0.1,10,0.000462962962962963,0.2369713536447498,false
Tox21_NR_AhR,strict_scaffold,104,50_20_15_15,critical_selected_error_upper,1,113,0.8,0.0,0,0.000462962962962963,0.06568878974637996,true
Tox21_NR_AhR,strict_scaffold,104,50_20_15_15,critical_selected_error_upper,1,113,0.8,0.02,2,0.000462962962962963,0.10275252362836189,false
Tox21_NR_AhR,strict_scaffold,104,50_20_15_15,critical_selected_error_upper,1,113,0.8,0.05,6,0.000462962962962963,0.15996636661495744,false
Tox21_NR_AhR,strict_scaffold,104,50_20_15_15,critical_selected_error_upper,1,113,0.8,0.1,11,0.000462962962962963,0.2214369313943935,false
Tox21_NR_AhR,strict_scaffold,104,50_20_15_15,critical_selected_error_upper,1,127,0.9,0.0,0,0.000462962962962963,0.05866445366325742,true
Tox21_NR_AhR,strict_scaffold,104,50_20_15_15,critical_selected_error_upper,1,127,0.9,0.02,3,0.000462962962962963,0.10578580387864259,false
Tox21_NR_AhR,strict_scaffold,104,50_20_15_15,critical_selected_error_upper,1,127,0.9,0.05,6,0.000462962962962963,0.14325444225618328,false
Tox21_NR_AhR,strict_scaffold,104,50_20_15_15,critical_selected_error_upper,1,127,0.9,0.1,13,0.000462962962962963,0.21930023920798777,false
Tox21_NR_AhR,strict_scaffold,104,50_20_15_15,critical_selected_error_upper,1,142,1.0,0.0,0,0.000462962962962963,0.05263370105224947,true
Tox21_NR_AhR,strict_scaffold,104,50_20_15_15,critical_selected_error_upper,1,142,1.0,0.02,3,0.000462962962962963,0.09504484234921201,true
Tox21_NR_AhR,strict_scaffold,104,50_20_15_15,critical_selected_error_upper,1,142,1.0,0.05,7,0.000462962962962963,0.13929934724060622,false
Tox21_NR_AhR,strict_scaffold,104,50_20_15_15,critical_selected_error_upper,1,142,1.0,0.1,14,0.000462962962962963,0.2067166581356599,false
Tox21_NR_AhR,strict_scaffold,105,50_20_15_15,class_retention_lower,0,1113,,0.5,556,0.000462962962962963,0.44960131087654526,false
Tox21_NR_AhR,strict_scaffold,105,50_20_15_15,class_retention_lower,0,1113,,0.6,668,0.000462962962962963,0.5505333647380057,true
Tox21_NR_AhR,strict_scaffold,105,50_20_15_15,class_retention_lower,0,1113,,0.7,779,0.000462962962962963,0.6526875460430069,true
Tox21_NR_AhR,strict_scaffold,105,50_20_15_15,class_retention_lower,0,1113,,0.8,890,0.000462962962962963,0.7574496350308603,true
Tox21_NR_AhR,strict_scaffold,105,50_20_15_15,class_retention_lower,0,1113,,0.9,1002,0.000462962962962963,0.8672892085504492,true
Tox21_NR_AhR,strict_scaffold,105,50_20_15_15,class_retention_lower,0,1113,,1.0,1113,0.000462962962962963,0.9931253890423657,true
Tox21_NR_AhR,strict_scaffold,105,50_20_15_15,class_retention_lower,1,145,,0.5,72,0.000462962962962963,0.35872801774652835,false
Tox21_NR_AhR,strict_scaffold,105,50_20_15_15,class_retention_lower,1,145,,0.6,87,0.000462962962962963,0.45933484536206926,false
Tox21_NR_AhR,strict_scaffold,105,50_20_15_15,class_retention_lower,1,145,,0.7,102,0.000462962962962963,0.5660040924562411,true
Tox21_NR_AhR,strict_scaffold,105,50_20_15_15,class_retention_lower,1,145,,0.8,116,0.000462962962962963,0.6722740633430822,true
Tox21_NR_AhR,strict_scaffold,105,50_20_15_15,class_retention_lower,1,145,,0.9,130,0.000462962962962963,0.7884121617548707,true
Tox21_NR_AhR,strict_scaffold,105,50_20_15_15,class_retention_lower,1,145,,1.0,145,0.000462962962962963,0.9484266902745225,true
Tox21_NR_AhR,strict_scaffold,105,50_20_15_15,critical_selected_error_upper,1,72,0.5,0.0,0,0.000462962962962963,0.10114809675075934,false
Tox21_NR_AhR,strict_scaffold,105,50_20_15_15,critical_selected_error_upper,1,72,0.5,0.02,1,0.000462962962962963,0.13154565159004905,false
Tox21_NR_AhR,strict_scaffold,105,50_20_15_15,critical_selected_error_upper,1,72,0.5,0.05,4,0.000462962962962963,0.202308794318706,false
Tox21_NR_AhR,strict_scaffold,105,50_20_15_15,critical_selected_error_upper,1,72,0.5,0.1,7,0.000462962962962963,0.2619376680177011,false
Tox21_NR_AhR,strict_scaffold,105,50_20_15_15,critical_selected_error_upper,1,87,0.6,0.0,0,0.000462962962962963,0.0844692292879666,true
Tox21_NR_AhR,strict_scaffold,105,50_20_15_15,critical_selected_error_upper,1,87,0.6,0.02,2,0.000462962962962963,0.13169593368792618,false
Tox21_NR_AhR,strict_scaffold,105,50_20_15_15,critical_selected_error_upper,1,87,0.6,0.05,4,0.000462962962962963,0.16981020885338854,false
Tox21_NR_AhR,strict_scaffold,105,50_20_15_15,critical_selected_error_upper,1,87,0.6,0.1,9,0.000462962962962963,0.25164409864528386,false
Tox21_NR_AhR,strict_scaffold,105,50_20_15_15,critical_selected_error_upper,1,101,0.7,0.0,0,0.000462962962962963,0.07320089350691862,true
Tox21_NR_AhR,strict_scaffold,105,50_20_15_15,critical_selected_error_upper,1,101,0.7,0.02,2,0.000462962962962963,0.1143537744741387,false
Tox21_NR_AhR,strict_scaffold,105,50_20_15_15,critical_selected_error_upper,1,101,0.7,0.05,5,0.000462962962962963,0.16298857905278785,false
Tox21_NR_AhR,strict_scaffold,105,50_20_15_15,critical_selected_error_upper,1,101,0.7,0.1,10,0.000462962962962963,0.23264505469439306,false
Tox21_NR_AhR,strict_scaffold,105,50_20_15_15,critical_selected_error_upper,1,116,0.8,0.0,0,0.000462962962962963,0.06404555957996702,true
Tox21_NR_AhR,strict_scaffold,105,50_20_15_15,critical_selected_error_upper,1,116,0.8,0.02,2,0.000462962962962963,0.1002105952122129,false
Tox21_NR_AhR,strict_scaffold,105,50_20_15_15,critical_selected_error_upper,1,116,0.8,0.05,6,0.000462962962962963,0.15606564508489637,false
Tox21_NR_AhR,strict_scaffold,105,50_20_15_15,critical_selected_error_upper,1,116,0.8,0.1,12,0.000462962962962963,0.22741843358567654,false
Tox21_NR_AhR,strict_scaffold,105,50_20_15_15,critical_selected_error_upper,1,130,0.9,0.0,0,0.000462962962962963,0.05735025200538727,true
Tox21_NR_AhR,strict_scaffold,105,50_20_15_15,critical_selected_error_upper,1,130,0.9,0.02,3,0.000462962962962963,0.10344786127084087,false
Tox21_NR_AhR,strict_scaffold,105,50_20_15_15,critical_selected_error_upper,1,130,0.9,0.05,6,0.000462962962962963,0.14011694523312904,false
Tox21_NR_AhR,strict_scaffold,105,50_20_15_15,critical_selected_error_upper,1,130,0.9,0.1,13,0.000462962962962963,0.21457592507087916,false
Tox21_NR_AhR,strict_scaffold,105,50_20_15_15,critical_selected_error_upper,1,145,1.0,0.0,0,0.000462962962962963,0.05157330972547698,true
Tox21_NR_AhR,strict_scaffold,105,50_20_15_15,critical_selected_error_upper,1,145,1.0,0.02,3,0.000462962962962963,0.09315299566612818,true
Tox21_NR_AhR,strict_scaffold,105,50_20_15_15,critical_selected_error_upper,1,145,1.0,0.05,7,0.000462962962962963,0.13655521459936604,false
Tox21_NR_AhR,strict_scaffold,105,50_20_15_15,critical_selected_error_upper,1,145,1.0,0.1,14,0.000462962962962963,0.20270123854563285,false
Tox21_NR_AhR,similarity_cluster,101,50_20_15_15,class_retention_lower,0,1114,,0.5,557,0.000462962962962963,0.4500699151472918,false
Tox21_NR_AhR,similarity_cluster,101,50_20_15_15,class_retention_lower,0,1114,,0.6,668,0.000462962962962963,0.550010179469933,true
Tox21_NR_AhR,similarity_cluster,101,50_20_15_15,class_retention_lower,0,1114,,0.7,780,0.000462962962962963,0.6529885840541829,true
Tox21_NR_AhR,similarity_cluster,101,50_20_15_15,class_retention_lower,0,1114,,0.8,891,0.000462962962962963,0.7576615299500786,true
Tox21_NR_AhR,similarity_cluster,101,50_20_15_15,class_retention_lower,0,1114,,0.9,1003,0.000462962962962963,0.8674061332355109,true
Tox21_NR_AhR,similarity_cluster,101,50_20_15_15,class_retention_lower,0,1114,,1.0,1114,0.000462962962962963,0.9931315389056471,true
Tox21_NR_AhR,similarity_cluster,101,50_20_15_15,class_retention_lower,1,144,,0.5,72,0.000462962962962963,0.3615202722870278,false
Tox21_NR_AhR,similarity_cluster,101,50_20_15_15,class_retention_lower,1,144,,0.6,86,0.000462962962962963,0.4560605115035888,false
Tox21_NR_AhR,similarity_cluster,101,50_20_15_15,class_retention_lower,1,144,,0.7,101,0.000462962962962963,0.5633069179423742,true
Tox21_NR_AhR,similarity_cluster,101,50_20_15_15,class_retention_lower,1,144,,0.8,115,0.000462962962962963,0.6701911304189897,true
Tox21_NR_AhR,similarity_cluster,101,50_20_15_15,class_retention_lower,1,144,,0.9,130,0.000462962962962963,0.795977677992608,true
Tox21_NR_AhR,similarity_cluster,101,50_20_15_15,class_retention_lower,1,144,,1.0,144,0.000462962962962963,0.9480780048335895,true
Tox21_NR_AhR,similarity_cluster,101,50_20_15_15,critical_selected_error_upper,1,72,0.5,0.0,0,0.000462962962962963,0.10114809675075934,false
Tox21_NR_AhR,similarity_cluster,101,50_20_15_15,critical_selected_error_upper,1,72,0.5,0.02,1,0.000462962962962963,0.13154565159004905,false
Tox21_NR_AhR,similarity_cluster,101,50_20_15_15,critical_selected_error_upper,1,72,0.5,0.05,4,0.000462962962962963,0.202308794318706,false
Tox21_NR_AhR,similarity_cluster,101,50_20_15_15,critical_selected_error_upper,1,72,0.5,0.1,7,0.000462962962962963,0.2619376680177011,false
Tox21_NR_AhR,similarity_cluster,101,50_20_15_15,critical_selected_error_upper,1,86,0.6,0.0,0,0.000462962962962963,0.08540824490608964,true
Tox21_NR_AhR,similarity_cluster,101,50_20_15_15,critical_selected_error_upper,1,86,0.6,0.02,2,0.000462962962962963,0.1331378116243482,false
Tox21_NR_AhR,similarity_cluster,101,50_20_15_15,critical_selected_error_upper,1,86,0.6,0.05,4,0.000462962962962963,0.17164932912313877,false
Tox21_NR_AhR,similarity_cluster,101,50_20_15_15,critical_selected_error_upper,1,86,0.6,0.1,9,0.000462962962962963,0.2543115185022278,false
Tox21_NR_AhR,similarity_cluster,101,50_20_15_15,critical_selected_error_upper,1,100,0.7,0.0,0,0.000462962962962963,0.07390516410522542,true
Tox21_NR_AhR,similarity_cluster,101,50_20_15_15,critical_selected_error_upper,1,100,0.7,0.02,2,0.000462962962962963,0.11543977697318837,false
Tox21_NR_AhR,similarity_cluster,101,50_20_15_15,critical_selected_error_upper,1,100,0.7,0.05,5,0.000462962962962963,0.16451619237013312,false
Tox21_NR_AhR,similarity_cluster,101,50_20_15_15,critical_selected_error_upper,1,100,0.7,0.1,10,0.000462962962962963,0.23478837310920309,false
Tox21_NR_AhR,similarity_cluster,101,50_20_15_15,critical_selected_error_upper,1,115,0.8,0.0,0,0.000462962962962963,0.06458409502503926,true
Tox21_NR_AhR,similarity_cluster,101,50_20_15_15,critical_selected_error_upper,1,115,0.8,0.02,2,0.000462962962962963,0.10104382699008876,false
Tox21_NR_AhR,similarity_cluster,101,50_20_15_15,critical_selected_error_upper,1,115,0.8,0.05,6,0.000462962962962963,0.15734461931653196,false
Tox21_NR_AhR,similarity_cluster,101,50_20_15_15,critical_selected_error_upper,1,115,0.8,0.1,12,0.000462962962962963,0.22925157054363218,false
Tox21_NR_AhR,similarity_cluster,101,50_20_15_15,critical_selected_error_upper,1,129,0.9,0.0,0,0.000462962962962963,0.057781729617465576,true
Tox21_NR_AhR,similarity_cluster,101,50_20_15_15,critical_selected_error_upper,1,129,0.9,0.02,3,0.000462962962962963,0.10421561854196619,false
Tox21_NR_AhR,similarity_cluster,101,50_20_15_15,critical_selected_error_upper,1,129,0.9,0.05,6,0.000462962962962963,0.1411474199812314,false
Tox21_NR_AhR,similarity_cluster,101,50_20_15_15,critical_selected_error_upper,1,129,0.9,0.1,13,0.000462962962962963,0.21612800204401517,false
Tox21_NR_AhR,similarity_cluster,101,50_20_15_15,critical_selected_error_upper,1,144,1.0,0.0,0,0.000462962962962963,0.05192199516641002,true
Tox21_NR_AhR,similarity_cluster,101,50_20_15_15,critical_selected_error_upper,1,144,1.0,0.02,3,0.000462962962962963,0.0937751932753217,true
Tox21_NR_AhR,similarity_cluster,101,50_20_15_15,critical_selected_error_upper,1,144,1.0,0.05,7,0.000462962962962963,0.13745785117208842,false
Tox21_NR_AhR,similarity_cluster,101,50_20_15_15,critical_selected_error_upper,1,144,1.0,0.1,14,0.000462962962962963,0.20402232200739118,false
Tox21_NR_AhR,similarity_cluster,102,50_20_15_15,class_retention_lower,0,1127,,0.5,564,0.000462962962962963,0.4508003666929617,false
Tox21_NR_AhR,similarity_cluster,102,50_20_15_15,class_retention_lower,0,1127,,0.6,676,0.000462962962962963,0.5504863066887922,true
Tox21_NR_AhR,similarity_cluster,102,50_20_15_15,class_retention_lower,0,1127,,0.7,789,0.000462962962962963,0.6531767814744543,true
Tox21_NR_AhR,similarity_cluster,102,50_20_15_15,class_retention_lower,0,1127,,0.8,902,0.000462962962962963,0.7584891999596766,true
Tox21_NR_AhR,similarity_cluster,102,50_20_15_15,class_retention_lower,0,1127,,0.9,1014,0.000462962962962963,0.8669129497397472,true
Tox21_NR_AhR,similarity_cluster,102,50_20_15_15,class_retention_lower,0,1127,,1.0,1127,0.000462962962962963,0.9932104973657545,true
Tox21_NR_AhR,similarity_cluster,102,50_20_15_15,class_retention_lower,1,131,,0.5,66,0.000462962962962963,0.3585472795036061,false
Tox21_NR_AhR,similarity_cluster,102,50_20_15_15,class_retention_lower,1,131,,0.6,79,0.000462962962962963,0.45490871352969436,false
Tox21_NR_AhR,similarity_cluster,102,50_20_15_15,class_retention_lower,1,131,,0.7,92,0.000462962962962963,0.5571273720300696,true
Tox21_NR_AhR,similarity_cluster,102,50_20_15_15,class_retention_lower,1,131,,0.8,105,0.000462962962962963,0.6665294288087434,true
Tox21_NR_AhR,similarity_cluster,102,50_20_15_15,class_retention_lower,1,131,,0.9,118,0.000462962962962963,0.7869540996228168,true
Tox21_NR_AhR,similarity_cluster,102,50_20_15_15,class_retention_lower,1,131,,1.0,131,0.000462962962962963,0.9430748312498698,true
Tox21_NR_AhR,similarity_cluster,102,50_20_15_15,critical_selected_error_upper,1,65,0.5,0.0,0,0.000462962962962963,0.11141145260569311,false
Tox21_NR_AhR,similarity_cluster,102,50_20_15_15,critical_selected_error_upper,1,65,0.5,0.02,1,0.000462962962962963,0.1447408595200341,false
Tox21_NR_AhR,similarity_cluster,102,50_20_15_15,critical_selected_error_upper,1,65,0.5,0.05,3,0.000462962962962963,0.1983440478917535,false
Tox21_NR_AhR,similarity_cluster,102,50_20_15_15,critical_selected_error_upper,1,65,0.5,0.1,6,0.000462962962962963,0.26628851368179307,false
Tox21_NR_AhR,similarity_cluster,102,50_20_15_15,critical_selected_error_upper,1,78,0.6,0.0,0,0.000462962962962963,0.09374463011874166,true
Tox21_NR_AhR,similarity_cluster,102,50_20_15_15,critical_selected_error_upper,1,78,0.6,0.02,2,0.000462962962962963,0.14591612040881052,false
Tox21_NR_AhR,similarity_cluster,102,50_20_15_15,critical_selected_error_upper,1,78,0.6,0.05,4,0.000462962962962963,0.18792737549937974,false
Tox21_NR_AhR,similarity_cluster,102,50_20_15_15,critical_selected_error_upper,1,78,0.6,0.1,8,0.000462962962962963,0.26095389771989175,false
Tox21_NR_AhR,similarity_cluster,102,50_20_15_15,critical_selected_error_upper,1,91,0.7,0.0,0,0.000462962962962963,0.08091082487823148,true
Tox21_NR_AhR,similarity_cluster,102,50_20_15_15,critical_selected_error_upper,1,91,0.7,0.02,2,0.000462962962962963,0.12622732822061117,false
Tox21_NR_AhR,similarity_cluster,102,50_20_15_15,critical_selected_error_upper,1,91,0.7,0.05,5,0.000462962962962963,0.17966801181101852,false
Tox21_NR_AhR,similarity_cluster,102,50_20_15_15,critical_selected_error_upper,1,91,0.7,0.1,9,0.000462962962962963,0.24150855113676112,false
Tox21_NR_AhR,similarity_cluster,102,50_20_15_15,critical_selected_error_upper,1,104,0.8,0.0,0,0.000462962962962963,0.07116634152180258,true
Tox21_NR_AhR,similarity_cluster,102,50_20_15_15,critical_selected_error_upper,1,104,0.8,0.02,2,0.000462962962962963,0.11121486996162783,false
Tox21_NR_AhR,similarity_cluster,102,50_20_15_15,critical_selected_error_upper,1,104,0.8,0.05,5,0.000462962962962963,0.15857098017191074,false
Tox21_NR_AhR,similarity_cluster,102,50_20_15_15,critical_selected_error_upper,1,104,0.8,0.1,10,0.000462962962962963,0.226442604622214,false
Tox21_NR_AhR,similarity_cluster,102,50_20_15_15,critical_selected_error_upper,1,117,0.9,0.0,0,0.000462962962962963,0.06351592773018665,true
Tox21_NR_AhR,similarity_cluster,102,50_20_15_15,critical_selected_error_upper,1,117,0.9,0.02,2,0.000462962962962963,0.09939098140162161,true
Tox21_NR_AhR,similarity_cluster,102,50_20_15_15,critical_selected_error_upper,1,117,0.9,0.05,6,0.000462962962962963,0.154807254182905,false
Tox21_NR_AhR,similarity_cluster,102,50_20_15_15,critical_selected_error_upper,1,117,0.9,0.1,12,0.000462962962962963,0.22561425642943464,false
Tox21_NR_AhR,similarity_cluster,102,50_20_15_15,critical_selected_error_upper,1,131,1.0,0.0,0,0.000462962962962963,0.05692516875012966,true
Tox21_NR_AhR,similarity_cluster,102,50_20_15_15,critical_selected_error_upper,1,131,1.0,0.02,3,0.000462962962962963,0.10269132348709263,false
Tox21_NR_AhR,similarity_cluster,102,50_20_15_15,critical_selected_error_upper,1,131,1.0,0.05,7,0.000462962962962963,0.15037797680967363,false
Tox21_NR_AhR,similarity_cluster,102,50_20_15_15,critical_selected_error_upper,1,131,1.0,0.1,13,0.000462962962962963,0.21304590037718238,false
Tox21_NR_AhR,similarity_cluster,103,50_20_15_15,class_retention_lower,0,1113,,0.5,556,0.000462962962962963,0.44960131087654526,false
Tox21_NR_AhR,similarity_cluster,103,50_20_15_15,class_retention_lower,0,1113,,0.6,668,0.000462962962962963,0.5505333647380057,true
Tox21_NR_AhR,similarity_cluster,103,50_20_15_15,class_retention_lower,0,1113,,0.7,779,0.000462962962962963,0.6526875460430069,true
Tox21_NR_AhR,similarity_cluster,103,50_20_15_15,class_retention_lower,0,1113,,0.8,890,0.000462962962962963,0.7574496350308603,true
Tox21_NR_AhR,similarity_cluster,103,50_20_15_15,class_retention_lower,0,1113,,0.9,1002,0.000462962962962963,0.8672892085504492,true
Tox21_NR_AhR,similarity_cluster,103,50_20_15_15,class_retention_lower,0,1113,,1.0,1113,0.000462962962962963,0.9931253890423657,true
Tox21_NR_AhR,similarity_cluster,103,50_20_15_15,class_retention_lower,1,145,,0.5,72,0.000462962962962963,0.35872801774652835,false
Tox21_NR_AhR,similarity_cluster,103,50_20_15_15,class_retention_lower,1,145,,0.6,87,0.000462962962962963,0.45933484536206926,false
Tox21_NR_AhR,similarity_cluster,103,50_20_15_15,class_retention_lower,1,145,,0.7,102,0.000462962962962963,0.5660040924562411,true
Tox21_NR_AhR,similarity_cluster,103,50_20_15_15,class_retention_lower,1,145,,0.8,116,0.000462962962962963,0.6722740633430822,true
Tox21_NR_AhR,similarity_cluster,103,50_20_15_15,class_retention_lower,1,145,,0.9,130,0.000462962962962963,0.7884121617548707,true
Tox21_NR_AhR,similarity_cluster,103,50_20_15_15,class_retention_lower,1,145,,1.0,145,0.000462962962962963,0.9484266902745225,true
Tox21_NR_AhR,similarity_cluster,103,50_20_15_15,critical_selected_error_upper,1,72,0.5,0.0,0,0.000462962962962963,0.10114809675075934,false
Tox21_NR_AhR,similarity_cluster,103,50_20_15_15,critical_selected_error_upper,1,72,0.5,0.02,1,0.000462962962962963,0.13154565159004905,false
Tox21_NR_AhR,similarity_cluster,103,50_20_15_15,critical_selected_error_upper,1,72,0.5,0.05,4,0.000462962962962963,0.202308794318706,false
Tox21_NR_AhR,similarity_cluster,103,50_20_15_15,critical_selected_error_upper,1,72,0.5,0.1,7,0.000462962962962963,0.2619376680177011,false
Tox21_NR_AhR,similarity_cluster,103,50_20_15_15,critical_selected_error_upper,1,87,0.6,0.0,0,0.000462962962962963,0.0844692292879666,true
Tox21_NR_AhR,similarity_cluster,103,50_20_15_15,critical_selected_error_upper,1,87,0.6,0.02,2,0.000462962962962963,0.13169593368792618,false
Tox21_NR_AhR,similarity_cluster,103,50_20_15_15,critical_selected_error_upper,1,87,0.6,0.05,4,0.000462962962962963,0.16981020885338854,false
Tox21_NR_AhR,similarity_cluster,103,50_20_15_15,critical_selected_error_upper,1,87,0.6,0.1,9,0.000462962962962963,0.25164409864528386,false
Tox21_NR_AhR,similarity_cluster,103,50_20_15_15,critical_selected_error_upper,1,101,0.7,0.0,0,0.000462962962962963,0.07320089350691862,true
Tox21_NR_AhR,similarity_cluster,103,50_20_15_15,critical_selected_error_upper,1,101,0.7,0.02,2,0.000462962962962963,0.1143537744741387,false
Tox21_NR_AhR,similarity_cluster,103,50_20_15_15,critical_selected_error_upper,1,101,0.7,0.05,5,0.000462962962962963,0.16298857905278785,false
Tox21_NR_AhR,similarity_cluster,103,50_20_15_15,critical_selected_error_upper,1,101,0.7,0.1,10,0.000462962962962963,0.23264505469439306,false
Tox21_NR_AhR,similarity_cluster,103,50_20_15_15,critical_selected_error_upper,1,116,0.8,0.0,0,0.000462962962962963,0.06404555957996702,true
Tox21_NR_AhR,similarity_cluster,103,50_20_15_15,critical_selected_error_upper,1,116,0.8,0.02,2,0.000462962962962963,0.1002105952122129,false
Tox21_NR_AhR,similarity_cluster,103,50_20_15_15,critical_selected_error_upper,1,116,0.8,0.05,6,0.000462962962962963,0.15606564508489637,false
Tox21_NR_AhR,similarity_cluster,103,50_20_15_15,critical_selected_error_upper,1,116,0.8,0.1,12,0.000462962962962963,0.22741843358567654,false
Tox21_NR_AhR,similarity_cluster,103,50_20_15_15,critical_selected_error_upper,1,130,0.9,0.0,0,0.000462962962962963,0.05735025200538727,true
Tox21_NR_AhR,similarity_cluster,103,50_20_15_15,critical_selected_error_upper,1,130,0.9,0.02,3,0.000462962962962963,0.10344786127084087,false
Tox21_NR_AhR,similarity_cluster,103,50_20_15_15,critical_selected_error_upper,1,130,0.9,0.05,6,0.000462962962962963,0.14011694523312904,false
Tox21_NR_AhR,similarity_cluster,103,50_20_15_15,critical_selected_error_upper,1,130,0.9,0.1,13,0.000462962962962963,0.21457592507087916,false
Tox21_NR_AhR,similarity_cluster,103,50_20_15_15,critical_selected_error_upper,1,145,1.0,0.0,0,0.000462962962962963,0.05157330972547698,true
Tox21_NR_AhR,similarity_cluster,103,50_20_15_15,critical_selected_error_upper,1,145,1.0,0.02,3,0.000462962962962963,0.09315299566612818,true
Tox21_NR_AhR,similarity_cluster,103,50_20_15_15,critical_selected_error_upper,1,145,1.0,0.05,7,0.000462962962962963,0.13655521459936604,false
Tox21_NR_AhR,similarity_cluster,103,50_20_15_15,critical_selected_error_upper,1,145,1.0,0.1,14,0.000462962962962963,0.20270123854563285,false
Tox21_NR_AhR,similarity_cluster,104,50_20_15_15,class_retention_lower,0,1123,,0.5,562,0.000462962962962963,0.4507132879332099,false
Tox21_NR_AhR,similarity_cluster,104,50_20_15_15,class_retention_lower,0,1123,,0.6,674,0.000462962962962963,0.5507572116110804,true
Tox21_NR_AhR,similarity_cluster,104,50_20_15_15,class_retention_lower,0,1123,,0.7,786,0.000462962962962963,0.652906279609071,true
Tox21_NR_AhR,similarity_cluster,104,50_20_15_15,class_retention_lower,0,1123,,0.8,898,0.000462962962962963,0.7576519216269835,true
Tox21_NR_AhR,similarity_cluster,104,50_20_15_15,class_retention_lower,0,1123,,0.9,1011,0.000462962962962963,0.8674481162910179,true
Tox21_NR_AhR,similarity_cluster,104,50_20_15_15,class_retention_lower,0,1123,,1.0,1123,0.000462962962962963,0.9931863964947852,true
Tox21_NR_AhR,similarity_cluster,104,50_20_15_15,class_retention_lower,1,135,,0.5,68,0.000462962962962963,0.36056601120714743,false
Tox21_NR_AhR,similarity_cluster,104,50_20_15_15,class_retention_lower,1,135,,0.6,81,0.000462962962962963,0.4541136386468906,false
Tox21_NR_AhR,similarity_cluster,104,50_20_15_15,class_retention_lower,1,135,,0.7,94,0.000462962962962963,0.5530774927776552,true
Tox21_NR_AhR,similarity_cluster,104,50_20_15_15,class_retention_lower,1,135,,0.8,108,0.000462962962962963,0.6670459320956664,true
Tox21_NR_AhR,similarity_cluster,104,50_20_15_15,class_retention_lower,1,135,,0.9,122,0.000462962962962963,0.7928627798364565,true
Tox21_NR_AhR,similarity_cluster,104,50_20_15_15,class_retention_lower,1,135,,1.0,135,0.000462962962962963,0.9447139809445949,true
Tox21_NR_AhR,similarity_cluster,104,50_20_15_15,critical_selected_error_upper,1,67,0.5,0.0,0,0.000462962962962963,0.10827275973683362,false
Tox21_NR_AhR,similarity_cluster,104,50_20_15_15,critical_selected_error_upper,1,67,0.5,0.02,1,0.000462962962962963,0.14070871084075584,false
Tox21_NR_AhR,similarity_cluster,104,50_20_15_15,critical_selected_error_upper,1,67,0.5,0.05,3,0.000462962962962963,0.1929080991258646,false
Tox21_NR_AhR,similarity_cluster,104,50_20_15_15,critical_selected_error_upper,1,67,0.5,0.1,7,0.000462962962962963,0.27945119002459945,false
Tox21_NR_AhR,similarity_cluster,104,50_20_15_15,critical_selected_error_upper,1,81,0.6,0.0,0,0.000462962962962963,0.09043465667715363,true
Tox21_NR_AhR,similarity_cluster,104,50_20_15_15,critical_selected_error_upper,1,81,0.6,0.02,2,0.000462962962962963,0.14084730616095226,false
Tox21_NR_AhR,similarity_cluster,104,50_20_15_15,critical_selected_error_upper,1,81,0.6,0.05,4,0.000462962962962963,0.18147479308331774,false
Tox21_NR_AhR,similarity_cluster,104,50_20_15_15,critical_selected_error_upper,1,81,0.6,0.1,8,0.000462962962962963,0.25216244372303326,false
Tox21_NR_AhR,similarity_cluster,104,50_20_15_15,critical_selected_error_upper,1,94,0.7,0.0,0,0.000462962962962963,0.07843263318871638,true
Tox21_NR_AhR,similarity_cluster,104,50_20_15_15,critical_selected_error_upper,1,94,0.7,0.02,2,0.000462962962962963,0.1224145226352848,false
Tox21_NR_AhR,similarity_cluster,104,50_20_15_15,critical_selected_error_upper,1,94,0.7,0.05,5,0.000462962962962963,0.17431734610222244,false
Tox21_NR_AhR,similarity_cluster,104,50_20_15_15,critical_selected_error_upper,1,94,0.7,0.1,9,0.000462962962962963,0.23442437526755433,false
Tox21_NR_AhR,similarity_cluster,104,50_20_15_15,critical_selected_error_upper,1,108,0.8,0.0,0,0.000462962962962963,0.06862317320090149,true
Tox21_NR_AhR,similarity_cluster,104,50_20_15_15,critical_selected_error_upper,1,108,0.8,0.02,2,0.000462962962962963,0.10728798991265194,false
Tox21_NR_AhR,similarity_cluster,104,50_20_15_15,critical_selected_error_upper,1,108,0.8,0.05,5,0.000462962962962963,0.1530396341001452,false
Tox21_NR_AhR,similarity_cluster,104,50_20_15_15,critical_selected_error_upper,1,108,0.8,0.1,11,0.000462962962962963,0.230917411767216,false
Tox21_NR_AhR,similarity_cluster,104,50_20_15_15,critical_selected_error_upper,1,121,0.9,0.0,0,0.000462962962962963,0.061482163079970405,true
Tox21_NR_AhR,similarity_cluster,104,50_20_15_15,critical_selected_error_upper,1,121,0.9,0.02,2,0.000462962962962963,0.09624224568406543,true
Tox21_NR_AhR,similarity_cluster,104,50_20_15_15,critical_selected_error_upper,1,121,0.9,0.05,6,0.000462962962962963,0.14996991569587584,false
Tox21_NR_AhR,similarity_cluster,104,50_20_15_15,critical_selected_error_upper,1,121,0.9,0.1,12,0.000462962962962963,0.21867390208461737,false
Tox21_NR_AhR,similarity_cluster,104,50_20_15_15,critical_selected_error_upper,1,135,1.0,0.0,0,0.000462962962962963,0.055286019055404506,true
Tox21_NR_AhR,similarity_cluster,104,50_20_15_15,critical_selected_error_upper,1,135,1.0,0.02,3,0.000462962962962963,0.0997725924944382,true
Tox21_NR_AhR,similarity_cluster,104,50_20_15_15,critical_selected_error_upper,1,135,1.0,0.05,7,0.000462962962962963,0.14615156333826254,false
Tox21_NR_AhR,similarity_cluster,104,50_20_15_15,critical_selected_error_upper,1,135,1.0,0.1,14,0.000462962962962963,0.21673224809899916,false
Tox21_NR_AhR,similarity_cluster,105,50_20_15_15,class_retention_lower,0,1115,,0.5,558,0.000462962962962963,0.45053773427435756,false
Tox21_NR_AhR,similarity_cluster,105,50_20_15_15,class_retention_lower,0,1115,,0.6,669,0.000462962962962963,0.5503966314291666,true
Tox21_NR_AhR,similarity_cluster,105,50_20_15_15,class_retention_lower,0,1115,,0.7,780,0.000462962962962963,0.65235986117548,true
Tox21_NR_AhR,similarity_cluster,105,50_20_15_15,class_retention_lower,0,1115,,0.8,892,0.000462962962962963,0.7578730557037446,true
Tox21_NR_AhR,similarity_cluster,105,50_20_15_15,class_retention_lower,0,1115,,0.9,1004,0.000462962962962963,0.8675228522009946,true
Tox21_NR_AhR,similarity_cluster,105,50_20_15_15,class_retention_lower,0,1115,,1.0,1115,0.000462962962962963,0.9931376777757638,true
Tox21_NR_AhR,similarity_cluster,105,50_20_15_15,class_retention_lower,1,143,,0.5,72,0.000462962962962963,0.3643572245969967,false
Tox21_NR_AhR,similarity_cluster,105,50_20_15_15,class_retention_lower,1,143,,0.6,86,0.000462962962962963,0.45973393370679777,false
Tox21_NR_AhR,similarity_cluster,105,50_20_15_15,class_retention_lower,1,143,,0.7,100,0.000462962962962963,0.5605766294463831,true
Tox21_NR_AhR,similarity_cluster,105,50_20_15_15,class_retention_lower,1,143,,0.8,114,0.000462962962962963,0.6680817944273307,true
Tox21_NR_AhR,similarity_cluster,105,50_20_15_15,class_retention_lower,1,143,,0.9,129,0.000462962962962963,0.7946393180792388,true
Tox21_NR_AhR,similarity_cluster,105,50_20_15_15,class_retention_lower,1,143,,1.0,143,0.000462962962962963,0.9477245735677443,true
Tox21_NR_AhR,similarity_cluster,105,50_20_15_15,critical_selected_error_upper,1,71,0.5,0.0,0,0.000462962962962963,0.10249709561804136,false
Tox21_NR_AhR,similarity_cluster,105,50_20_15_15,critical_selected_error_upper,1,71,0.5,0.02,1,0.000462962962962963,0.13328169711655657,false
Tox21_NR_AhR,similarity_cluster,105,50_20_15_15,critical_selected_error_upper,1,71,0.5,0.05,4,0.000462962962962963,0.20492158963877732,false
Tox21_NR_AhR,similarity_cluster,105,50_20_15_15,critical_selected_error_upper,1,71,0.5,0.1,7,0.000462962962962963,0.2652637880484099,false
Tox21_NR_AhR,similarity_cluster,105,50_20_15_15,critical_selected_error_upper,1,85,0.6,0.0,0,0.000462962962962963,0.0863683576560106,true
Tox21_NR_AhR,similarity_cluster,105,50_20_15_15,critical_selected_error_upper,1,85,0.6,0.02,2,0.000462962962962963,0.13461155884857398,false
Tox21_NR_AhR,similarity_cluster,105,50_20_15_15,critical_selected_error_upper,1,85,0.6,0.05,4,0.000462962962962963,0.17352861210146878,false
Tox21_NR_AhR,similarity_cluster,105,50_20_15_15,critical_selected_error_upper,1,85,0.6,0.1,8,0.000462962962962963,0.24131746809635526,false
Tox21_NR_AhR,similarity_cluster,105,50_20_15_15,critical_selected_error_upper,1,100,0.7,0.0,0,0.000462962962962963,0.07390516410522542,true
Tox21_NR_AhR,similarity_cluster,105,50_20_15_15,critical_selected_error_upper,1,100,0.7,0.02,2,0.000462962962962963,0.11543977697318837,false
Tox21_NR_AhR,similarity_cluster,105,50_20_15_15,critical_selected_error_upper,1,100,0.7,0.05,5,0.000462962962962963,0.16451619237013312,false
Tox21_NR_AhR,similarity_cluster,105,50_20_15_15,critical_selected_error_upper,1,100,0.7,0.1,10,0.000462962962962963,0.23478837310920309,false
Tox21_NR_AhR,similarity_cluster,105,50_20_15_15,critical_selected_error_upper,1,114,0.8,0.0,0,0.000462962962962963,0.06513176039342777,true
Tox21_NR_AhR,similarity_cluster,105,50_20_15_15,critical_selected_error_upper,1,114,0.8,0.02,2,0.000462962962962963,0.10189101864771753,false
Tox21_NR_AhR,similarity_cluster,105,50_20_15_15,critical_selected_error_upper,1,114,0.8,0.05,6,0.000462962962962963,0.15864468488627897,false
Tox21_NR_AhR,similarity_cluster,105,50_20_15_15,critical_selected_error_upper,1,114,0.8,0.1,11,0.000462962962962963,0.2196331109300372,false
Tox21_NR_AhR,similarity_cluster,105,50_20_15_15,critical_selected_error_upper,1,128,0.9,0.0,0,0.000462962962962963,0.05821974691512891,true
Tox21_NR_AhR,similarity_cluster,105,50_20_15_15,critical_selected_error_upper,1,128,0.9,0.02,3,0.000462962962962963,0.10499484649674029,false
Tox21_NR_AhR,similarity_cluster,105,50_20_15_15,critical_selected_error_upper,1,128,0.9,0.05,6,0.000462962962962963,0.14219313893133545,false
Tox21_NR_AhR,similarity_cluster,105,50_20_15_15,critical_selected_error_upper,1,128,0.9,0.1,13,0.000462962962962963,0.21770260942846031,false
Tox21_NR_AhR,similarity_cluster,105,50_20_15_15,critical_selected_error_upper,1,143,1.0,0.0,0,0.000462962962962963,0.052275426432255225,true
Tox21_NR_AhR,similarity_cluster,105,50_20_15_15,critical_selected_error_upper,1,143,1.0,0.02,3,0.000462962962962963,0.0944057523179503,true
Tox21_NR_AhR,similarity_cluster,105,50_20_15_15,critical_selected_error_upper,1,143,1.0,0.05,7,0.000462962962962963,0.1383724819628726,false
Tox21_NR_AhR,similarity_cluster,105,50_20_15_15,critical_selected_error_upper,1,143,1.0,0.1,14,0.000462962962962963,0.20536068192076046,false
Tox21_NR_ER,random_grouped,101,50_20_15_15,class_retention_lower,0,1046,,0.5,523,0.000462962962962963,0.4484668959826806,false
Tox21_NR_ER,random_grouped,101,50_20_15_15,class_retention_lower,0,1046,,0.6,628,0.000462962962962963,0.5491448538430892,true
Tox21_NR_ER,random_grouped,101,50_20_15_15,class_retention_lower,0,1046,,0.7,732,0.000462962962962963,0.6510410738943251,true
Tox21_NR_ER,random_grouped,101,50_20_15_15,class_retention_lower,0,1046,,0.8,837,0.000462962962962963,0.756630308641693,true
Tox21_NR_ER,random_grouped,101,50_20_15_15,class_retention_lower,0,1046,,0.9,941,0.000462962962962963,0.8654084432970512,true
Tox21_NR_ER,random_grouped,101,50_20_15_15,class_retention_lower,0,1046,,1.0,1046,0.000462962962962963,0.9926866599038014,true
Tox21_NR_ER,random_grouped,101,50_20_15_15,class_retention_lower,1,125,,0.5,62,0.000462962962962963,0.34784073214894623,false
Tox21_NR_ER,random_grouped,101,50_20_15_15,class_retention_lower,1,125,,0.6,75,0.000462962962962963,0.4482799317945734,false
Tox21_NR_ER,random_grouped,101,50_20_15_15,class_retention_lower,1,125,,0.7,88,0.000462962962962963,0.5552718015836762,true
Tox21_NR_ER,random_grouped,101,50_20_15_15,class_retention_lower,1,125,,0.8,100,0.000462962962962963,0.6611633877341359,true
Tox21_NR_ER,random_grouped,101,50_20_15_15,class_retention_lower,1,125,,0.9,112,0.000462962962962963,0.7774333938178882,true
Tox21_NR_ER,random_grouped,101,50_20_15_15,class_retention_lower,1,125,,1.0,125,0.000462962962962963,0.9404254422180327,true
Tox21_NR_ER,random_grouped,101,50_20_15_15,critical_selected_error_upper,1,62,0.5,0.0,0,0.000462962962962963,0.11647572184011538,false
Tox21_NR_ER,random_grouped,101,50_20_15_15,critical_selected_error_upper,1,62,0.5,0.02,1,0.000462962962962963,0.15124081763244338,false
Tox21_NR_ER,random_grouped,101,50_20_15_15,critical_selected_error_upper,1,62,0.5,0.05,3,0.000462962962962963,0.2070951936906314,false
Tox21_NR_ER,random_grouped,101,50_20_15_15,critical_selected_error_upper,1,62,0.5,0.1,6,0.000462962962962963,0.2777933199953223,false
Tox21_NR_ER,random_grouped,101,50_20_15_15,critical_selected_error_upper,1,75,0.6,0.0,0,0.000462962962962963,0.09730587354679769,true
Tox21_NR_ER,random_grouped,101,50_20_15_15,critical_selected_error_upper,1,75,0.6,0.02,2,0.000462962962962963,0.15136257332094138,false
Tox21_NR_ER,random_grouped,101,50_20_15_15,critical_selected_error_upper,1,75,0.6,0.05,4,0.000462962962962963,0.19485404096505232,false
Tox21_NR_ER,random_grouped,101,50_20_15_15,critical_selected_error_upper,1,75,0.6,0.1,8,0.000462962962962963,0.2703760193485561,false
Tox21_NR_ER,random_grouped,101,50_20_15_15,critical_selected_error_upper,1,87,0.7,0.0,0,0.000462962962962963,0.0844692292879666,true
Tox21_NR_ER,random_grouped,101,50_20_15_15,critical_selected_error_upper,1,87,0.7,0.02,2,0.000462962962962963,0.13169593368792618,false
Tox21_NR_ER,random_grouped,101,50_20_15_15,critical_selected_error_upper,1,87,0.7,0.05,4,0.000462962962962963,0.16981020885338854,false
Tox21_NR_ER,random_grouped,101,50_20_15_15,critical_selected_error_upper,1,87,0.7,0.1,9,0.000462962962962963,0.25164409864528386,false
Tox21_NR_ER,random_grouped,101,50_20_15_15,critical_selected_error_upper,1,100,0.8,0.0,0,0.000462962962962963,0.07390516410522542,true
Tox21_NR_ER,random_grouped,101,50_20_15_15,critical_selected_error_upper,1,100,0.8,0.02,2,0.000462962962962963,0.11543977697318837,false
Tox21_NR_ER,random_grouped,101,50_20_15_15,critical_selected_error_upper,1,100,0.8,0.05,5,0.000462962962962963,0.16451619237013312,false
Tox21_NR_ER,random_grouped,101,50_20_15_15,critical_selected_error_upper,1,100,0.8,0.1,10,0.000462962962962963,0.23478837310920309,false
Tox21_NR_ER,random_grouped,101,50_20_15_15,critical_selected_error_upper,1,112,0.9,0.0,0,0.000462962962962963,0.0662554252113501,true
Tox21_NR_ER,random_grouped,101,50_20_15_15,critical_selected_error_upper,1,112,0.9,0.02,2,0.000462962962962963,0.10362870739575314,false
Tox21_NR_ER,random_grouped,101,50_20_15_15,critical_selected_error_upper,1,112,0.9,0.05,6,0.000462962962962963,0.16131020683499564,false
Tox21_NR_ER,random_grouped,101,50_20_15_15,critical_selected_error_upper,1,112,0.9,0.1,11,0.000462962962962963,0.223270500928869,false
Tox21_NR_ER,random_grouped,101,50_20_15_15,critical_selected_error_upper,1,125,1.0,0.0,0,0.000462962962962963,0.05957455778196671,true
Tox21_NR_ER,random_grouped,101,50_20_15_15,critical_selected_error_upper,1,125,1.0,0.02,2,0.000462962962962963,0.09328674410907499,true
Tox21_NR_ER,random_grouped,101,50_20_15_15,critical_selected_error_upper,1,125,1.0,0.05,6,0.000462962962962963,0.14542521398671307,false
Tox21_NR_ER,random_grouped,101,50_20_15_15,critical_selected_error_upper,1,125,1.0,0.1,12,0.000462962962962963,0.21214626885514595,false
Tox21_NR_ER,random_grouped,102,50_20_15_15,class_retention_lower,0,1046,,0.5,523,0.000462962962962963,0.4484668959826806,false
Tox21_NR_ER,random_grouped,102,50_20_15_15,class_retention_lower,0,1046,,0.6,628,0.000462962962962963,0.5491448538430892,true
Tox21_NR_ER,random_grouped,102,50_20_15_15,class_retention_lower,0,1046,,0.7,732,0.000462962962962963,0.6510410738943251,true
Tox21_NR_ER,random_grouped,102,50_20_15_15,class_retention_lower,0,1046,,0.8,837,0.000462962962962963,0.756630308641693,true
Tox21_NR_ER,random_grouped,102,50_20_15_15,class_retention_lower,0,1046,,0.9,941,0.000462962962962963,0.8654084432970512,true
Tox21_NR_ER,random_grouped,102,50_20_15_15,class_retention_lower,0,1046,,1.0,1046,0.000462962962962963,0.9926866599038014,true
Tox21_NR_ER,random_grouped,102,50_20_15_15,class_retention_lower,1,125,,0.5,62,0.000462962962962963,0.34784073214894623,false
Tox21_NR_ER,random_grouped,102,50_20_15_15,class_retention_lower,1,125,,0.6,75,0.000462962962962963,0.4482799317945734,false
Tox21_NR_ER,random_grouped,102,50_20_15_15,class_retention_lower,1,125,,0.7,88,0.000462962962962963,0.5552718015836762,true
Tox21_NR_ER,random_grouped,102,50_20_15_15,class_retention_lower,1,125,,0.8,100,0.000462962962962963,0.6611633877341359,true
Tox21_NR_ER,random_grouped,102,50_20_15_15,class_retention_lower,1,125,,0.9,112,0.000462962962962963,0.7774333938178882,true
Tox21_NR_ER,random_grouped,102,50_20_15_15,class_retention_lower,1,125,,1.0,125,0.000462962962962963,0.9404254422180327,true
Tox21_NR_ER,random_grouped,102,50_20_15_15,critical_selected_error_upper,1,62,0.5,0.0,0,0.000462962962962963,0.11647572184011538,false
Tox21_NR_ER,random_grouped,102,50_20_15_15,critical_selected_error_upper,1,62,0.5,0.02,1,0.000462962962962963,0.15124081763244338,false
Tox21_NR_ER,random_grouped,102,50_20_15_15,critical_selected_error_upper,1,62,0.5,0.05,3,0.000462962962962963,0.2070951936906314,false
Tox21_NR_ER,random_grouped,102,50_20_15_15,critical_selected_error_upper,1,62,0.5,0.1,6,0.000462962962962963,0.2777933199953223,false
Tox21_NR_ER,random_grouped,102,50_20_15_15,critical_selected_error_upper,1,75,0.6,0.0,0,0.000462962962962963,0.09730587354679769,true
Tox21_NR_ER,random_grouped,102,50_20_15_15,critical_selected_error_upper,1,75,0.6,0.02,2,0.000462962962962963,0.15136257332094138,false
Tox21_NR_ER,random_grouped,102,50_20_15_15,critical_selected_error_upper,1,75,0.6,0.05,4,0.000462962962962963,0.19485404096505232,false
Tox21_NR_ER,random_grouped,102,50_20_15_15,critical_selected_error_upper,1,75,0.6,0.1,8,0.000462962962962963,0.2703760193485561,false
Tox21_NR_ER,random_grouped,102,50_20_15_15,critical_selected_error_upper,1,87,0.7,0.0,0,0.000462962962962963,0.0844692292879666,true
Tox21_NR_ER,random_grouped,102,50_20_15_15,critical_selected_error_upper,1,87,0.7,0.02,2,0.000462962962962963,0.13169593368792618,false
Tox21_NR_ER,random_grouped,102,50_20_15_15,critical_selected_error_upper,1,87,0.7,0.05,4,0.000462962962962963,0.16981020885338854,false
Tox21_NR_ER,random_grouped,102,50_20_15_15,critical_selected_error_upper,1,87,0.7,0.1,9,0.000462962962962963,0.25164409864528386,false
Tox21_NR_ER,random_grouped,102,50_20_15_15,critical_selected_error_upper,1,100,0.8,0.0,0,0.000462962962962963,0.07390516410522542,true
Tox21_NR_ER,random_grouped,102,50_20_15_15,critical_selected_error_upper,1,100,0.8,0.02,2,0.000462962962962963,0.11543977697318837,false
Tox21_NR_ER,random_grouped,102,50_20_15_15,critical_selected_error_upper,1,100,0.8,0.05,5,0.000462962962962963,0.16451619237013312,false
Tox21_NR_ER,random_grouped,102,50_20_15_15,critical_selected_error_upper,1,100,0.8,0.1,10,0.000462962962962963,0.23478837310920309,false
Tox21_NR_ER,random_grouped,102,50_20_15_15,critical_selected_error_upper,1,112,0.9,0.0,0,0.000462962962962963,0.0662554252113501,true
Tox21_NR_ER,random_grouped,102,50_20_15_15,critical_selected_error_upper,1,112,0.9,0.02,2,0.000462962962962963,0.10362870739575314,false
Tox21_NR_ER,random_grouped,102,50_20_15_15,critical_selected_error_upper,1,112,0.9,0.05,6,0.000462962962962963,0.16131020683499564,false
Tox21_NR_ER,random_grouped,102,50_20_15_15,critical_selected_error_upper,1,112,0.9,0.1,11,0.000462962962962963,0.223270500928869,false
Tox21_NR_ER,random_grouped,102,50_20_15_15,critical_selected_error_upper,1,125,1.0,0.0,0,0.000462962962962963,0.05957455778196671,true
Tox21_NR_ER,random_grouped,102,50_20_15_15,critical_selected_error_upper,1,125,1.0,0.02,2,0.000462962962962963,0.09328674410907499,true
Tox21_NR_ER,random_grouped,102,50_20_15_15,critical_selected_error_upper,1,125,1.0,0.05,6,0.000462962962962963,0.14542521398671307,false
Tox21_NR_ER,random_grouped,102,50_20_15_15,critical_selected_error_upper,1,125,1.0,0.1,12,0.000462962962962963,0.21214626885514595,false
Tox21_NR_ER,random_grouped,103,50_20_15_15,class_retention_lower,0,1046,,0.5,523,0.000462962962962963,0.4484668959826806,false
Tox21_NR_ER,random_grouped,103,50_20_15_15,class_retention_lower,0,1046,,0.6,628,0.000462962962962963,0.5491448538430892,true
Tox21_NR_ER,random_grouped,103,50_20_15_15,class_retention_lower,0,1046,,0.7,732,0.000462962962962963,0.6510410738943251,true
Tox21_NR_ER,random_grouped,103,50_20_15_15,class_retention_lower,0,1046,,0.8,837,0.000462962962962963,0.756630308641693,true
Tox21_NR_ER,random_grouped,103,50_20_15_15,class_retention_lower,0,1046,,0.9,941,0.000462962962962963,0.8654084432970512,true
Tox21_NR_ER,random_grouped,103,50_20_15_15,class_retention_lower,0,1046,,1.0,1046,0.000462962962962963,0.9926866599038014,true
Tox21_NR_ER,random_grouped,103,50_20_15_15,class_retention_lower,1,125,,0.5,62,0.000462962962962963,0.34784073214894623,false
Tox21_NR_ER,random_grouped,103,50_20_15_15,class_retention_lower,1,125,,0.6,75,0.000462962962962963,0.4482799317945734,false
Tox21_NR_ER,random_grouped,103,50_20_15_15,class_retention_lower,1,125,,0.7,88,0.000462962962962963,0.5552718015836762,true
Tox21_NR_ER,random_grouped,103,50_20_15_15,class_retention_lower,1,125,,0.8,100,0.000462962962962963,0.6611633877341359,true
Tox21_NR_ER,random_grouped,103,50_20_15_15,class_retention_lower,1,125,,0.9,112,0.000462962962962963,0.7774333938178882,true
Tox21_NR_ER,random_grouped,103,50_20_15_15,class_retention_lower,1,125,,1.0,125,0.000462962962962963,0.9404254422180327,true
Tox21_NR_ER,random_grouped,103,50_20_15_15,critical_selected_error_upper,1,62,0.5,0.0,0,0.000462962962962963,0.11647572184011538,false
Tox21_NR_ER,random_grouped,103,50_20_15_15,critical_selected_error_upper,1,62,0.5,0.02,1,0.000462962962962963,0.15124081763244338,false
Tox21_NR_ER,random_grouped,103,50_20_15_15,critical_selected_error_upper,1,62,0.5,0.05,3,0.000462962962962963,0.2070951936906314,false
Tox21_NR_ER,random_grouped,103,50_20_15_15,critical_selected_error_upper,1,62,0.5,0.1,6,0.000462962962962963,0.2777933199953223,false
Tox21_NR_ER,random_grouped,103,50_20_15_15,critical_selected_error_upper,1,75,0.6,0.0,0,0.000462962962962963,0.09730587354679769,true
Tox21_NR_ER,random_grouped,103,50_20_15_15,critical_selected_error_upper,1,75,0.6,0.02,2,0.000462962962962963,0.15136257332094138,false
Tox21_NR_ER,random_grouped,103,50_20_15_15,critical_selected_error_upper,1,75,0.6,0.05,4,0.000462962962962963,0.19485404096505232,false
Tox21_NR_ER,random_grouped,103,50_20_15_15,critical_selected_error_upper,1,75,0.6,0.1,8,0.000462962962962963,0.2703760193485561,false
Tox21_NR_ER,random_grouped,103,50_20_15_15,critical_selected_error_upper,1,87,0.7,0.0,0,0.000462962962962963,0.0844692292879666,true
Tox21_NR_ER,random_grouped,103,50_20_15_15,critical_selected_error_upper,1,87,0.7,0.02,2,0.000462962962962963,0.13169593368792618,false
Tox21_NR_ER,random_grouped,103,50_20_15_15,critical_selected_error_upper,1,87,0.7,0.05,4,0.000462962962962963,0.16981020885338854,false
Tox21_NR_ER,random_grouped,103,50_20_15_15,critical_selected_error_upper,1,87,0.7,0.1,9,0.000462962962962963,0.25164409864528386,false
Tox21_NR_ER,random_grouped,103,50_20_15_15,critical_selected_error_upper,1,100,0.8,0.0,0,0.000462962962962963,0.07390516410522542,true
Tox21_NR_ER,random_grouped,103,50_20_15_15,critical_selected_error_upper,1,100,0.8,0.02,2,0.000462962962962963,0.11543977697318837,false
Tox21_NR_ER,random_grouped,103,50_20_15_15,critical_selected_error_upper,1,100,0.8,0.05,5,0.000462962962962963,0.16451619237013312,false
Tox21_NR_ER,random_grouped,103,50_20_15_15,critical_selected_error_upper,1,100,0.8,0.1,10,0.000462962962962963,0.23478837310920309,false
Tox21_NR_ER,random_grouped,103,50_20_15_15,critical_selected_error_upper,1,112,0.9,0.0,0,0.000462962962962963,0.0662554252113501,true
Tox21_NR_ER,random_grouped,103,50_20_15_15,critical_selected_error_upper,1,112,0.9,0.02,2,0.000462962962962963,0.10362870739575314,false
Tox21_NR_ER,random_grouped,103,50_20_15_15,critical_selected_error_upper,1,112,0.9,0.05,6,0.000462962962962963,0.16131020683499564,false
Tox21_NR_ER,random_grouped,103,50_20_15_15,critical_selected_error_upper,1,112,0.9,0.1,11,0.000462962962962963,0.223270500928869,false
Tox21_NR_ER,random_grouped,103,50_20_15_15,critical_selected_error_upper,1,125,1.0,0.0,0,0.000462962962962963,0.05957455778196671,true
Tox21_NR_ER,random_grouped,103,50_20_15_15,critical_selected_error_upper,1,125,1.0,0.02,2,0.000462962962962963,0.09328674410907499,true
Tox21_NR_ER,random_grouped,103,50_20_15_15,critical_selected_error_upper,1,125,1.0,0.05,6,0.000462962962962963,0.14542521398671307,false
Tox21_NR_ER,random_grouped,103,50_20_15_15,critical_selected_error_upper,1,125,1.0,0.1,12,0.000462962962962963,0.21214626885514595,false
Tox21_NR_ER,random_grouped,104,50_20_15_15,class_retention_lower,0,1046,,0.5,523,0.000462962962962963,0.4484668959826806,false
Tox21_NR_ER,random_grouped,104,50_20_15_15,class_retention_lower,0,1046,,0.6,628,0.000462962962962963,0.5491448538430892,true
Tox21_NR_ER,random_grouped,104,50_20_15_15,class_retention_lower,0,1046,,0.7,732,0.000462962962962963,0.6510410738943251,true
Tox21_NR_ER,random_grouped,104,50_20_15_15,class_retention_lower,0,1046,,0.8,837,0.000462962962962963,0.756630308641693,true
Tox21_NR_ER,random_grouped,104,50_20_15_15,class_retention_lower,0,1046,,0.9,941,0.000462962962962963,0.8654084432970512,true
Tox21_NR_ER,random_grouped,104,50_20_15_15,class_retention_lower,0,1046,,1.0,1046,0.000462962962962963,0.9926866599038014,true
Tox21_NR_ER,random_grouped,104,50_20_15_15,class_retention_lower,1,125,,0.5,62,0.000462962962962963,0.34784073214894623,false
Tox21_NR_ER,random_grouped,104,50_20_15_15,class_retention_lower,1,125,,0.6,75,0.000462962962962963,0.4482799317945734,false
Tox21_NR_ER,random_grouped,104,50_20_15_15,class_retention_lower,1,125,,0.7,88,0.000462962962962963,0.5552718015836762,true
Tox21_NR_ER,random_grouped,104,50_20_15_15,class_retention_lower,1,125,,0.8,100,0.000462962962962963,0.6611633877341359,true
Tox21_NR_ER,random_grouped,104,50_20_15_15,class_retention_lower,1,125,,0.9,112,0.000462962962962963,0.7774333938178882,true
Tox21_NR_ER,random_grouped,104,50_20_15_15,class_retention_lower,1,125,,1.0,125,0.000462962962962963,0.9404254422180327,true
Tox21_NR_ER,random_grouped,104,50_20_15_15,critical_selected_error_upper,1,62,0.5,0.0,0,0.000462962962962963,0.11647572184011538,false
Tox21_NR_ER,random_grouped,104,50_20_15_15,critical_selected_error_upper,1,62,0.5,0.02,1,0.000462962962962963,0.15124081763244338,false
Tox21_NR_ER,random_grouped,104,50_20_15_15,critical_selected_error_upper,1,62,0.5,0.05,3,0.000462962962962963,0.2070951936906314,false
Tox21_NR_ER,random_grouped,104,50_20_15_15,critical_selected_error_upper,1,62,0.5,0.1,6,0.000462962962962963,0.2777933199953223,false
Tox21_NR_ER,random_grouped,104,50_20_15_15,critical_selected_error_upper,1,75,0.6,0.0,0,0.000462962962962963,0.09730587354679769,true
Tox21_NR_ER,random_grouped,104,50_20_15_15,critical_selected_error_upper,1,75,0.6,0.02,2,0.000462962962962963,0.15136257332094138,false
Tox21_NR_ER,random_grouped,104,50_20_15_15,critical_selected_error_upper,1,75,0.6,0.05,4,0.000462962962962963,0.19485404096505232,false
Tox21_NR_ER,random_grouped,104,50_20_15_15,critical_selected_error_upper,1,75,0.6,0.1,8,0.000462962962962963,0.2703760193485561,false
Tox21_NR_ER,random_grouped,104,50_20_15_15,critical_selected_error_upper,1,87,0.7,0.0,0,0.000462962962962963,0.0844692292879666,true
Tox21_NR_ER,random_grouped,104,50_20_15_15,critical_selected_error_upper,1,87,0.7,0.02,2,0.000462962962962963,0.13169593368792618,false
Tox21_NR_ER,random_grouped,104,50_20_15_15,critical_selected_error_upper,1,87,0.7,0.05,4,0.000462962962962963,0.16981020885338854,false
Tox21_NR_ER,random_grouped,104,50_20_15_15,critical_selected_error_upper,1,87,0.7,0.1,9,0.000462962962962963,0.25164409864528386,false
Tox21_NR_ER,random_grouped,104,50_20_15_15,critical_selected_error_upper,1,100,0.8,0.0,0,0.000462962962962963,0.07390516410522542,true
Tox21_NR_ER,random_grouped,104,50_20_15_15,critical_selected_error_upper,1,100,0.8,0.02,2,0.000462962962962963,0.11543977697318837,false
Tox21_NR_ER,random_grouped,104,50_20_15_15,critical_selected_error_upper,1,100,0.8,0.05,5,0.000462962962962963,0.16451619237013312,false
Tox21_NR_ER,random_grouped,104,50_20_15_15,critical_selected_error_upper,1,100,0.8,0.1,10,0.000462962962962963,0.23478837310920309,false
Tox21_NR_ER,random_grouped,104,50_20_15_15,critical_selected_error_upper,1,112,0.9,0.0,0,0.000462962962962963,0.0662554252113501,true
Tox21_NR_ER,random_grouped,104,50_20_15_15,critical_selected_error_upper,1,112,0.9,0.02,2,0.000462962962962963,0.10362870739575314,false
Tox21_NR_ER,random_grouped,104,50_20_15_15,critical_selected_error_upper,1,112,0.9,0.05,6,0.000462962962962963,0.16131020683499564,false
Tox21_NR_ER,random_grouped,104,50_20_15_15,critical_selected_error_upper,1,112,0.9,0.1,11,0.000462962962962963,0.223270500928869,false
Tox21_NR_ER,random_grouped,104,50_20_15_15,critical_selected_error_upper,1,125,1.0,0.0,0,0.000462962962962963,0.05957455778196671,true
Tox21_NR_ER,random_grouped,104,50_20_15_15,critical_selected_error_upper,1,125,1.0,0.02,2,0.000462962962962963,0.09328674410907499,true
Tox21_NR_ER,random_grouped,104,50_20_15_15,critical_selected_error_upper,1,125,1.0,0.05,6,0.000462962962962963,0.14542521398671307,false
Tox21_NR_ER,random_grouped,104,50_20_15_15,critical_selected_error_upper,1,125,1.0,0.1,12,0.000462962962962963,0.21214626885514595,false
Tox21_NR_ER,random_grouped,105,50_20_15_15,class_retention_lower,0,1046,,0.5,523,0.000462962962962963,0.4484668959826806,false
Tox21_NR_ER,random_grouped,105,50_20_15_15,class_retention_lower,0,1046,,0.6,628,0.000462962962962963,0.5491448538430892,true
Tox21_NR_ER,random_grouped,105,50_20_15_15,class_retention_lower,0,1046,,0.7,732,0.000462962962962963,0.6510410738943251,true
Tox21_NR_ER,random_grouped,105,50_20_15_15,class_retention_lower,0,1046,,0.8,837,0.000462962962962963,0.756630308641693,true
Tox21_NR_ER,random_grouped,105,50_20_15_15,class_retention_lower,0,1046,,0.9,941,0.000462962962962963,0.8654084432970512,true
Tox21_NR_ER,random_grouped,105,50_20_15_15,class_retention_lower,0,1046,,1.0,1046,0.000462962962962963,0.9926866599038014,true
Tox21_NR_ER,random_grouped,105,50_20_15_15,class_retention_lower,1,125,,0.5,62,0.000462962962962963,0.34784073214894623,false
Tox21_NR_ER,random_grouped,105,50_20_15_15,class_retention_lower,1,125,,0.6,75,0.000462962962962963,0.4482799317945734,false
Tox21_NR_ER,random_grouped,105,50_20_15_15,class_retention_lower,1,125,,0.7,88,0.000462962962962963,0.5552718015836762,true
Tox21_NR_ER,random_grouped,105,50_20_15_15,class_retention_lower,1,125,,0.8,100,0.000462962962962963,0.6611633877341359,true
Tox21_NR_ER,random_grouped,105,50_20_15_15,class_retention_lower,1,125,,0.9,112,0.000462962962962963,0.7774333938178882,true
Tox21_NR_ER,random_grouped,105,50_20_15_15,class_retention_lower,1,125,,1.0,125,0.000462962962962963,0.9404254422180327,true
Tox21_NR_ER,random_grouped,105,50_20_15_15,critical_selected_error_upper,1,62,0.5,0.0,0,0.000462962962962963,0.11647572184011538,false
Tox21_NR_ER,random_grouped,105,50_20_15_15,critical_selected_error_upper,1,62,0.5,0.02,1,0.000462962962962963,0.15124081763244338,false
Tox21_NR_ER,random_grouped,105,50_20_15_15,critical_selected_error_upper,1,62,0.5,0.05,3,0.000462962962962963,0.2070951936906314,false
Tox21_NR_ER,random_grouped,105,50_20_15_15,critical_selected_error_upper,1,62,0.5,0.1,6,0.000462962962962963,0.2777933199953223,false
Tox21_NR_ER,random_grouped,105,50_20_15_15,critical_selected_error_upper,1,75,0.6,0.0,0,0.000462962962962963,0.09730587354679769,true
Tox21_NR_ER,random_grouped,105,50_20_15_15,critical_selected_error_upper,1,75,0.6,0.02,2,0.000462962962962963,0.15136257332094138,false
Tox21_NR_ER,random_grouped,105,50_20_15_15,critical_selected_error_upper,1,75,0.6,0.05,4,0.000462962962962963,0.19485404096505232,false
Tox21_NR_ER,random_grouped,105,50_20_15_15,critical_selected_error_upper,1,75,0.6,0.1,8,0.000462962962962963,0.2703760193485561,false
Tox21_NR_ER,random_grouped,105,50_20_15_15,critical_selected_error_upper,1,87,0.7,0.0,0,0.000462962962962963,0.0844692292879666,true
Tox21_NR_ER,random_grouped,105,50_20_15_15,critical_selected_error_upper,1,87,0.7,0.02,2,0.000462962962962963,0.13169593368792618,false
Tox21_NR_ER,random_grouped,105,50_20_15_15,critical_selected_error_upper,1,87,0.7,0.05,4,0.000462962962962963,0.16981020885338854,false
Tox21_NR_ER,random_grouped,105,50_20_15_15,critical_selected_error_upper,1,87,0.7,0.1,9,0.000462962962962963,0.25164409864528386,false
Tox21_NR_ER,random_grouped,105,50_20_15_15,critical_selected_error_upper,1,100,0.8,0.0,0,0.000462962962962963,0.07390516410522542,true
Tox21_NR_ER,random_grouped,105,50_20_15_15,critical_selected_error_upper,1,100,0.8,0.02,2,0.000462962962962963,0.11543977697318837,false
Tox21_NR_ER,random_grouped,105,50_20_15_15,critical_selected_error_upper,1,100,0.8,0.05,5,0.000462962962962963,0.16451619237013312,false
Tox21_NR_ER,random_grouped,105,50_20_15_15,critical_selected_error_upper,1,100,0.8,0.1,10,0.000462962962962963,0.23478837310920309,false
Tox21_NR_ER,random_grouped,105,50_20_15_15,critical_selected_error_upper,1,112,0.9,0.0,0,0.000462962962962963,0.0662554252113501,true
Tox21_NR_ER,random_grouped,105,50_20_15_15,critical_selected_error_upper,1,112,0.9,0.02,2,0.000462962962962963,0.10362870739575314,false
Tox21_NR_ER,random_grouped,105,50_20_15_15,critical_selected_error_upper,1,112,0.9,0.05,6,0.000462962962962963,0.16131020683499564,false
Tox21_NR_ER,random_grouped,105,50_20_15_15,critical_selected_error_upper,1,112,0.9,0.1,11,0.000462962962962963,0.223270500928869,false
Tox21_NR_ER,random_grouped,105,50_20_15_15,critical_selected_error_upper,1,125,1.0,0.0,0,0.000462962962962963,0.05957455778196671,true
Tox21_NR_ER,random_grouped,105,50_20_15_15,critical_selected_error_upper,1,125,1.0,0.02,2,0.000462962962962963,0.09328674410907499,true
Tox21_NR_ER,random_grouped,105,50_20_15_15,critical_selected_error_upper,1,125,1.0,0.05,6,0.000462962962962963,0.14542521398671307,false
Tox21_NR_ER,random_grouped,105,50_20_15_15,critical_selected_error_upper,1,125,1.0,0.1,12,0.000462962962962963,0.21214626885514595,false
Tox21_NR_ER,strict_scaffold,101,50_20_15_15,class_retention_lower,0,1067,,0.5,534,0.000462962962962963,0.4494435102769718,false
Tox21_NR_ER,strict_scaffold,101,50_20_15_15,class_retention_lower,0,1067,,0.6,640,0.000462962962962963,0.5490832601167499,true
Tox21_NR_ER,strict_scaffold,101,50_20_15_15,class_retention_lower,0,1067,,0.7,747,0.000462962962962963,0.6518355242181659,true
Tox21_NR_ER,strict_scaffold,101,50_20_15_15,class_retention_lower,0,1067,,0.8,854,0.000462962962962963,0.7572822127177872,true
Tox21_NR_ER,strict_scaffold,101,50_20_15_15,class_retention_lower,0,1067,,0.9,960,0.000462962962962963,0.8658945854467787,true
Tox21_NR_ER,strict_scaffold,101,50_20_15_15,class_retention_lower,0,1067,,1.0,1067,0.000462962962962963,0.9928300790503979,true
Tox21_NR_ER,strict_scaffold,101,50_20_15_15,class_retention_lower,1,104,,0.5,52,0.000462962962962963,0.33770332325818875,false
Tox21_NR_ER,strict_scaffold,101,50_20_15_15,class_retention_lower,1,104,,0.6,62,0.000462962962962963,0.4296160537550018,false
Tox21_NR_ER,strict_scaffold,101,50_20_15_15,class_retention_lower,1,104,,0.7,73,0.000462962962962963,0.5377275914743231,true
Tox21_NR_ER,strict_scaffold,101,50_20_15_15,class_retention_lower,1,104,,0.8,83,0.000462962962962963,0.6437616752091841,true
Tox21_NR_ER,strict_scaffold,101,50_20_15_15,class_retention_lower,1,104,,0.9,94,0.000462962962962963,0.773557395377785,true
Tox21_NR_ER,strict_scaffold,101,50_20_15_15,class_retention_lower,1,104,,1.0,104,0.000462962962962963,0.9288336584781968,true
Tox21_NR_ER,strict_scaffold,101,50_20_15_15,critical_selected_error_upper,1,52,0.5,0.0,0,0.000462962962962963,0.13726803487800732,false
Tox21_NR_ER,strict_scaffold,101,50_20_15_15,critical_selected_error_upper,1,52,0.5,0.02,1,0.000462962962962963,0.17785009836364268,false
Tox21_NR_ER,strict_scaffold,101,50_20_15_15,critical_selected_error_upper,1,52,0.5,0.05,3,0.000462962962962963,0.2427650774557131,false
Tox21_NR_ER,strict_scaffold,101,50_20_15_15,critical_selected_error_upper,1,52,0.5,0.1,5,0.000462962962962963,0.298539858005902,false
Tox21_NR_ER,strict_scaffold,101,50_20_15_15,critical_selected_error_upper,1,62,0.6,0.0,0,0.000462962962962963,0.11647572184011538,false
Tox21_NR_ER,strict_scaffold,101,50_20_15_15,critical_selected_error_upper,1,62,0.6,0.02,1,0.000462962962962963,0.15124081763244338,false
Tox21_NR_ER,strict_scaffold,101,50_20_15_15,critical_selected_error_upper,1,62,0.6,0.05,3,0.000462962962962963,0.2070951936906314,false
Tox21_NR_ER,strict_scaffold,101,50_20_15_15,critical_selected_error_upper,1,62,0.6,0.1,6,0.000462962962962963,0.2777933199953223,false
Tox21_NR_ER,strict_scaffold,101,50_20_15_15,critical_selected_error_upper,1,72,0.7,0.0,0,0.000462962962962963,0.10114809675075934,false
Tox21_NR_ER,strict_scaffold,101,50_20_15_15,critical_selected_error_upper,1,72,0.7,0.02,1,0.000462962962962963,0.13154565159004905,false
Tox21_NR_ER,strict_scaffold,101,50_20_15_15,critical_selected_error_upper,1,72,0.7,0.05,4,0.000462962962962963,0.202308794318706,false
Tox21_NR_ER,strict_scaffold,101,50_20_15_15,critical_selected_error_upper,1,72,0.7,0.1,7,0.000462962962962963,0.2619376680177011,false
Tox21_NR_ER,strict_scaffold,101,50_20_15_15,critical_selected_error_upper,1,83,0.8,0.0,0,0.000462962962962963,0.08835478161843889,true
Tox21_NR_ER,strict_scaffold,101,50_20_15_15,critical_selected_error_upper,1,83,0.8,0.02,2,0.000462962962962963,0.1376589749184159,false
Tox21_NR_ER,strict_scaffold,101,50_20_15_15,critical_selected_error_upper,1,83,0.8,0.05,4,0.000462962962962963,0.17741302897406366,false
Tox21_NR_ER,strict_scaffold,101,50_20_15_15,critical_selected_error_upper,1,83,0.8,0.1,8,0.000462962962962963,0.24662147014148947,false
Tox21_NR_ER,strict_scaffold,101,50_20_15_15,critical_selected_error_upper,1,93,0.9,0.0,0,0.000462962962962963,0.07924166569544856,true
Tox21_NR_ER,strict_scaffold,101,50_20_15_15,critical_selected_error_upper,1,93,0.9,0.02,2,0.000462962962962963,0.12365964014695788,false
Tox21_NR_ER,strict_scaffold,101,50_20_15_15,critical_selected_error_upper,1,93,0.9,0.05,5,0.000462962962962963,0.17606523455551504,false
Tox21_NR_ER,strict_scaffold,101,50_20_15_15,critical_selected_error_upper,1,93,0.9,0.1,9,0.000462962962962963,0.2367393696601706,false
Tox21_NR_ER,strict_scaffold,101,50_20_15_15,critical_selected_error_upper,1,104,1.0,0.0,0,0.000462962962962963,0.07116634152180258,true
Tox21_NR_ER,strict_scaffold,101,50_20_15_15,critical_selected_error_upper,1,104,1.0,0.02,2,0.000462962962962963,0.11121486996162783,false
Tox21_NR_ER,strict_scaffold,101,50_20_15_15,critical_selected_error_upper,1,104,1.0,0.05,5,0.000462962962962963,0.15857098017191074,false
Tox21_NR_ER,strict_scaffold,101,50_20_15_15,critical_selected_error_upper,1,104,1.0,0.1,10,0.000462962962962963,0.226442604622214,false
Tox21_NR_ER,strict_scaffold,102,50_20_15_15,class_retention_lower,0,1067,,0.5,534,0.000462962962962963,0.4494435102769718,false
Tox21_NR_ER,strict_scaffold,102,50_20_15_15,class_retention_lower,0,1067,,0.6,640,0.000462962962962963,0.5490832601167499,true
Tox21_NR_ER,strict_scaffold,102,50_20_15_15,class_retention_lower,0,1067,,0.7,747,0.000462962962962963,0.6518355242181659,true
Tox21_NR_ER,strict_scaffold,102,50_20_15_15,class_retention_lower,0,1067,,0.8,854,0.000462962962962963,0.7572822127177872,true
Tox21_NR_ER,strict_scaffold,102,50_20_15_15,class_retention_lower,0,1067,,0.9,960,0.000462962962962963,0.8658945854467787,true
Tox21_NR_ER,strict_scaffold,102,50_20_15_15,class_retention_lower,0,1067,,1.0,1067,0.000462962962962963,0.9928300790503979,true
Tox21_NR_ER,strict_scaffold,102,50_20_15_15,class_retention_lower,1,104,,0.5,52,0.000462962962962963,0.33770332325818875,false
Tox21_NR_ER,strict_scaffold,102,50_20_15_15,class_retention_lower,1,104,,0.6,62,0.000462962962962963,0.4296160537550018,false
Tox21_NR_ER,strict_scaffold,102,50_20_15_15,class_retention_lower,1,104,,0.7,73,0.000462962962962963,0.5377275914743231,true
Tox21_NR_ER,strict_scaffold,102,50_20_15_15,class_retention_lower,1,104,,0.8,83,0.000462962962962963,0.6437616752091841,true
Tox21_NR_ER,strict_scaffold,102,50_20_15_15,class_retention_lower,1,104,,0.9,94,0.000462962962962963,0.773557395377785,true
Tox21_NR_ER,strict_scaffold,102,50_20_15_15,class_retention_lower,1,104,,1.0,104,0.000462962962962963,0.9288336584781968,true
Tox21_NR_ER,strict_scaffold,102,50_20_15_15,critical_selected_error_upper,1,52,0.5,0.0,0,0.000462962962962963,0.13726803487800732,false
Tox21_NR_ER,strict_scaffold,102,50_20_15_15,critical_selected_error_upper,1,52,0.5,0.02,1,0.000462962962962963,0.17785009836364268,false
Tox21_NR_ER,strict_scaffold,102,50_20_15_15,critical_selected_error_upper,1,52,0.5,0.05,3,0.000462962962962963,0.2427650774557131,false
Tox21_NR_ER,strict_scaffold,102,50_20_15_15,critical_selected_error_upper,1,52,0.5,0.1,5,0.000462962962962963,0.298539858005902,false
Tox21_NR_ER,strict_scaffold,102,50_20_15_15,critical_selected_error_upper,1,62,0.6,0.0,0,0.000462962962962963,0.11647572184011538,false
Tox21_NR_ER,strict_scaffold,102,50_20_15_15,critical_selected_error_upper,1,62,0.6,0.02,1,0.000462962962962963,0.15124081763244338,false
Tox21_NR_ER,strict_scaffold,102,50_20_15_15,critical_selected_error_upper,1,62,0.6,0.05,3,0.000462962962962963,0.2070951936906314,false
Tox21_NR_ER,strict_scaffold,102,50_20_15_15,critical_selected_error_upper,1,62,0.6,0.1,6,0.000462962962962963,0.2777933199953223,false
Tox21_NR_ER,strict_scaffold,102,50_20_15_15,critical_selected_error_upper,1,72,0.7,0.0,0,0.000462962962962963,0.10114809675075934,false
Tox21_NR_ER,strict_scaffold,102,50_20_15_15,critical_selected_error_upper,1,72,0.7,0.02,1,0.000462962962962963,0.13154565159004905,false
Tox21_NR_ER,strict_scaffold,102,50_20_15_15,critical_selected_error_upper,1,72,0.7,0.05,4,0.000462962962962963,0.202308794318706,false
Tox21_NR_ER,strict_scaffold,102,50_20_15_15,critical_selected_error_upper,1,72,0.7,0.1,7,0.000462962962962963,0.2619376680177011,false
Tox21_NR_ER,strict_scaffold,102,50_20_15_15,critical_selected_error_upper,1,83,0.8,0.0,0,0.000462962962962963,0.08835478161843889,true
Tox21_NR_ER,strict_scaffold,102,50_20_15_15,critical_selected_error_upper,1,83,0.8,0.02,2,0.000462962962962963,0.1376589749184159,false
Tox21_NR_ER,strict_scaffold,102,50_20_15_15,critical_selected_error_upper,1,83,0.8,0.05,4,0.000462962962962963,0.17741302897406366,false
Tox21_NR_ER,strict_scaffold,102,50_20_15_15,critical_selected_error_upper,1,83,0.8,0.1,8,0.000462962962962963,0.24662147014148947,false
Tox21_NR_ER,strict_scaffold,102,50_20_15_15,critical_selected_error_upper,1,93,0.9,0.0,0,0.000462962962962963,0.07924166569544856,true
Tox21_NR_ER,strict_scaffold,102,50_20_15_15,critical_selected_error_upper,1,93,0.9,0.02,2,0.000462962962962963,0.12365964014695788,false
Tox21_NR_ER,strict_scaffold,102,50_20_15_15,critical_selected_error_upper,1,93,0.9,0.05,5,0.000462962962962963,0.17606523455551504,false
Tox21_NR_ER,strict_scaffold,102,50_20_15_15,critical_selected_error_upper,1,93,0.9,0.1,9,0.000462962962962963,0.2367393696601706,false
Tox21_NR_ER,strict_scaffold,102,50_20_15_15,critical_selected_error_upper,1,104,1.0,0.0,0,0.000462962962962963,0.07116634152180258,true
Tox21_NR_ER,strict_scaffold,102,50_20_15_15,critical_selected_error_upper,1,104,1.0,0.02,2,0.000462962962962963,0.11121486996162783,false
Tox21_NR_ER,strict_scaffold,102,50_20_15_15,critical_selected_error_upper,1,104,1.0,0.05,5,0.000462962962962963,0.15857098017191074,false
Tox21_NR_ER,strict_scaffold,102,50_20_15_15,critical_selected_error_upper,1,104,1.0,0.1,10,0.000462962962962963,0.226442604622214,false
Tox21_NR_ER,strict_scaffold,103,50_20_15_15,class_retention_lower,0,1067,,0.5,534,0.000462962962962963,0.4494435102769718,false
Tox21_NR_ER,strict_scaffold,103,50_20_15_15,class_retention_lower,0,1067,,0.6,640,0.000462962962962963,0.5490832601167499,true
Tox21_NR_ER,strict_scaffold,103,50_20_15_15,class_retention_lower,0,1067,,0.7,747,0.000462962962962963,0.6518355242181659,true
Tox21_NR_ER,strict_scaffold,103,50_20_15_15,class_retention_lower,0,1067,,0.8,854,0.000462962962962963,0.7572822127177872,true
Tox21_NR_ER,strict_scaffold,103,50_20_15_15,class_retention_lower,0,1067,,0.9,960,0.000462962962962963,0.8658945854467787,true
Tox21_NR_ER,strict_scaffold,103,50_20_15_15,class_retention_lower,0,1067,,1.0,1067,0.000462962962962963,0.9928300790503979,true
Tox21_NR_ER,strict_scaffold,103,50_20_15_15,class_retention_lower,1,104,,0.5,52,0.000462962962962963,0.33770332325818875,false
Tox21_NR_ER,strict_scaffold,103,50_20_15_15,class_retention_lower,1,104,,0.6,62,0.000462962962962963,0.4296160537550018,false
Tox21_NR_ER,strict_scaffold,103,50_20_15_15,class_retention_lower,1,104,,0.7,73,0.000462962962962963,0.5377275914743231,true
Tox21_NR_ER,strict_scaffold,103,50_20_15_15,class_retention_lower,1,104,,0.8,83,0.000462962962962963,0.6437616752091841,true
Tox21_NR_ER,strict_scaffold,103,50_20_15_15,class_retention_lower,1,104,,0.9,94,0.000462962962962963,0.773557395377785,true
Tox21_NR_ER,strict_scaffold,103,50_20_15_15,class_retention_lower,1,104,,1.0,104,0.000462962962962963,0.9288336584781968,true
Tox21_NR_ER,strict_scaffold,103,50_20_15_15,critical_selected_error_upper,1,52,0.5,0.0,0,0.000462962962962963,0.13726803487800732,false
Tox21_NR_ER,strict_scaffold,103,50_20_15_15,critical_selected_error_upper,1,52,0.5,0.02,1,0.000462962962962963,0.17785009836364268,false
Tox21_NR_ER,strict_scaffold,103,50_20_15_15,critical_selected_error_upper,1,52,0.5,0.05,3,0.000462962962962963,0.2427650774557131,false
Tox21_NR_ER,strict_scaffold,103,50_20_15_15,critical_selected_error_upper,1,52,0.5,0.1,5,0.000462962962962963,0.298539858005902,false
Tox21_NR_ER,strict_scaffold,103,50_20_15_15,critical_selected_error_upper,1,62,0.6,0.0,0,0.000462962962962963,0.11647572184011538,false
Tox21_NR_ER,strict_scaffold,103,50_20_15_15,critical_selected_error_upper,1,62,0.6,0.02,1,0.000462962962962963,0.15124081763244338,false
Tox21_NR_ER,strict_scaffold,103,50_20_15_15,critical_selected_error_upper,1,62,0.6,0.05,3,0.000462962962962963,0.2070951936906314,false
Tox21_NR_ER,strict_scaffold,103,50_20_15_15,critical_selected_error_upper,1,62,0.6,0.1,6,0.000462962962962963,0.2777933199953223,false
Tox21_NR_ER,strict_scaffold,103,50_20_15_15,critical_selected_error_upper,1,72,0.7,0.0,0,0.000462962962962963,0.10114809675075934,false
Tox21_NR_ER,strict_scaffold,103,50_20_15_15,critical_selected_error_upper,1,72,0.7,0.02,1,0.000462962962962963,0.13154565159004905,false
Tox21_NR_ER,strict_scaffold,103,50_20_15_15,critical_selected_error_upper,1,72,0.7,0.05,4,0.000462962962962963,0.202308794318706,false
Tox21_NR_ER,strict_scaffold,103,50_20_15_15,critical_selected_error_upper,1,72,0.7,0.1,7,0.000462962962962963,0.2619376680177011,false
Tox21_NR_ER,strict_scaffold,103,50_20_15_15,critical_selected_error_upper,1,83,0.8,0.0,0,0.000462962962962963,0.08835478161843889,true
Tox21_NR_ER,strict_scaffold,103,50_20_15_15,critical_selected_error_upper,1,83,0.8,0.02,2,0.000462962962962963,0.1376589749184159,false
Tox21_NR_ER,strict_scaffold,103,50_20_15_15,critical_selected_error_upper,1,83,0.8,0.05,4,0.000462962962962963,0.17741302897406366,false
Tox21_NR_ER,strict_scaffold,103,50_20_15_15,critical_selected_error_upper,1,83,0.8,0.1,8,0.000462962962962963,0.24662147014148947,false
Tox21_NR_ER,strict_scaffold,103,50_20_15_15,critical_selected_error_upper,1,93,0.9,0.0,0,0.000462962962962963,0.07924166569544856,true
Tox21_NR_ER,strict_scaffold,103,50_20_15_15,critical_selected_error_upper,1,93,0.9,0.02,2,0.000462962962962963,0.12365964014695788,false
Tox21_NR_ER,strict_scaffold,103,50_20_15_15,critical_selected_error_upper,1,93,0.9,0.05,5,0.000462962962962963,0.17606523455551504,false
Tox21_NR_ER,strict_scaffold,103,50_20_15_15,critical_selected_error_upper,1,93,0.9,0.1,9,0.000462962962962963,0.2367393696601706,false
Tox21_NR_ER,strict_scaffold,103,50_20_15_15,critical_selected_error_upper,1,104,1.0,0.0,0,0.000462962962962963,0.07116634152180258,true
Tox21_NR_ER,strict_scaffold,103,50_20_15_15,critical_selected_error_upper,1,104,1.0,0.02,2,0.000462962962962963,0.11121486996162783,false
Tox21_NR_ER,strict_scaffold,103,50_20_15_15,critical_selected_error_upper,1,104,1.0,0.05,5,0.000462962962962963,0.15857098017191074,false
Tox21_NR_ER,strict_scaffold,103,50_20_15_15,critical_selected_error_upper,1,104,1.0,0.1,10,0.000462962962962963,0.226442604622214,false
Tox21_NR_ER,strict_scaffold,104,50_20_15_15,class_retention_lower,0,1067,,0.5,534,0.000462962962962963,0.4494435102769718,false
Tox21_NR_ER,strict_scaffold,104,50_20_15_15,class_retention_lower,0,1067,,0.6,640,0.000462962962962963,0.5490832601167499,true
Tox21_NR_ER,strict_scaffold,104,50_20_15_15,class_retention_lower,0,1067,,0.7,747,0.000462962962962963,0.6518355242181659,true
Tox21_NR_ER,strict_scaffold,104,50_20_15_15,class_retention_lower,0,1067,,0.8,854,0.000462962962962963,0.7572822127177872,true
Tox21_NR_ER,strict_scaffold,104,50_20_15_15,class_retention_lower,0,1067,,0.9,960,0.000462962962962963,0.8658945854467787,true
Tox21_NR_ER,strict_scaffold,104,50_20_15_15,class_retention_lower,0,1067,,1.0,1067,0.000462962962962963,0.9928300790503979,true
Tox21_NR_ER,strict_scaffold,104,50_20_15_15,class_retention_lower,1,104,,0.5,52,0.000462962962962963,0.33770332325818875,false
Tox21_NR_ER,strict_scaffold,104,50_20_15_15,class_retention_lower,1,104,,0.6,62,0.000462962962962963,0.4296160537550018,false
Tox21_NR_ER,strict_scaffold,104,50_20_15_15,class_retention_lower,1,104,,0.7,73,0.000462962962962963,0.5377275914743231,true
Tox21_NR_ER,strict_scaffold,104,50_20_15_15,class_retention_lower,1,104,,0.8,83,0.000462962962962963,0.6437616752091841,true
Tox21_NR_ER,strict_scaffold,104,50_20_15_15,class_retention_lower,1,104,,0.9,94,0.000462962962962963,0.773557395377785,true
Tox21_NR_ER,strict_scaffold,104,50_20_15_15,class_retention_lower,1,104,,1.0,104,0.000462962962962963,0.9288336584781968,true
Tox21_NR_ER,strict_scaffold,104,50_20_15_15,critical_selected_error_upper,1,52,0.5,0.0,0,0.000462962962962963,0.13726803487800732,false
Tox21_NR_ER,strict_scaffold,104,50_20_15_15,critical_selected_error_upper,1,52,0.5,0.02,1,0.000462962962962963,0.17785009836364268,false
Tox21_NR_ER,strict_scaffold,104,50_20_15_15,critical_selected_error_upper,1,52,0.5,0.05,3,0.000462962962962963,0.2427650774557131,false
Tox21_NR_ER,strict_scaffold,104,50_20_15_15,critical_selected_error_upper,1,52,0.5,0.1,5,0.000462962962962963,0.298539858005902,false
Tox21_NR_ER,strict_scaffold,104,50_20_15_15,critical_selected_error_upper,1,62,0.6,0.0,0,0.000462962962962963,0.11647572184011538,false
Tox21_NR_ER,strict_scaffold,104,50_20_15_15,critical_selected_error_upper,1,62,0.6,0.02,1,0.000462962962962963,0.15124081763244338,false
Tox21_NR_ER,strict_scaffold,104,50_20_15_15,critical_selected_error_upper,1,62,0.6,0.05,3,0.000462962962962963,0.2070951936906314,false
Tox21_NR_ER,strict_scaffold,104,50_20_15_15,critical_selected_error_upper,1,62,0.6,0.1,6,0.000462962962962963,0.2777933199953223,false
Tox21_NR_ER,strict_scaffold,104,50_20_15_15,critical_selected_error_upper,1,72,0.7,0.0,0,0.000462962962962963,0.10114809675075934,false
Tox21_NR_ER,strict_scaffold,104,50_20_15_15,critical_selected_error_upper,1,72,0.7,0.02,1,0.000462962962962963,0.13154565159004905,false
Tox21_NR_ER,strict_scaffold,104,50_20_15_15,critical_selected_error_upper,1,72,0.7,0.05,4,0.000462962962962963,0.202308794318706,false
Tox21_NR_ER,strict_scaffold,104,50_20_15_15,critical_selected_error_upper,1,72,0.7,0.1,7,0.000462962962962963,0.2619376680177011,false
Tox21_NR_ER,strict_scaffold,104,50_20_15_15,critical_selected_error_upper,1,83,0.8,0.0,0,0.000462962962962963,0.08835478161843889,true
Tox21_NR_ER,strict_scaffold,104,50_20_15_15,critical_selected_error_upper,1,83,0.8,0.02,2,0.000462962962962963,0.1376589749184159,false
Tox21_NR_ER,strict_scaffold,104,50_20_15_15,critical_selected_error_upper,1,83,0.8,0.05,4,0.000462962962962963,0.17741302897406366,false
Tox21_NR_ER,strict_scaffold,104,50_20_15_15,critical_selected_error_upper,1,83,0.8,0.1,8,0.000462962962962963,0.24662147014148947,false
Tox21_NR_ER,strict_scaffold,104,50_20_15_15,critical_selected_error_upper,1,93,0.9,0.0,0,0.000462962962962963,0.07924166569544856,true
Tox21_NR_ER,strict_scaffold,104,50_20_15_15,critical_selected_error_upper,1,93,0.9,0.02,2,0.000462962962962963,0.12365964014695788,false
Tox21_NR_ER,strict_scaffold,104,50_20_15_15,critical_selected_error_upper,1,93,0.9,0.05,5,0.000462962962962963,0.17606523455551504,false
Tox21_NR_ER,strict_scaffold,104,50_20_15_15,critical_selected_error_upper,1,93,0.9,0.1,9,0.000462962962962963,0.2367393696601706,false
Tox21_NR_ER,strict_scaffold,104,50_20_15_15,critical_selected_error_upper,1,104,1.0,0.0,0,0.000462962962962963,0.07116634152180258,true
Tox21_NR_ER,strict_scaffold,104,50_20_15_15,critical_selected_error_upper,1,104,1.0,0.02,2,0.000462962962962963,0.11121486996162783,false
Tox21_NR_ER,strict_scaffold,104,50_20_15_15,critical_selected_error_upper,1,104,1.0,0.05,5,0.000462962962962963,0.15857098017191074,false
Tox21_NR_ER,strict_scaffold,104,50_20_15_15,critical_selected_error_upper,1,104,1.0,0.1,10,0.000462962962962963,0.226442604622214,false
Tox21_NR_ER,strict_scaffold,105,50_20_15_15,class_retention_lower,0,1067,,0.5,534,0.000462962962962963,0.4494435102769718,false
Tox21_NR_ER,strict_scaffold,105,50_20_15_15,class_retention_lower,0,1067,,0.6,640,0.000462962962962963,0.5490832601167499,true
Tox21_NR_ER,strict_scaffold,105,50_20_15_15,class_retention_lower,0,1067,,0.7,747,0.000462962962962963,0.6518355242181659,true
Tox21_NR_ER,strict_scaffold,105,50_20_15_15,class_retention_lower,0,1067,,0.8,854,0.000462962962962963,0.7572822127177872,true
Tox21_NR_ER,strict_scaffold,105,50_20_15_15,class_retention_lower,0,1067,,0.9,960,0.000462962962962963,0.8658945854467787,true
Tox21_NR_ER,strict_scaffold,105,50_20_15_15,class_retention_lower,0,1067,,1.0,1067,0.000462962962962963,0.9928300790503979,true
Tox21_NR_ER,strict_scaffold,105,50_20_15_15,class_retention_lower,1,104,,0.5,52,0.000462962962962963,0.33770332325818875,false
Tox21_NR_ER,strict_scaffold,105,50_20_15_15,class_retention_lower,1,104,,0.6,62,0.000462962962962963,0.4296160537550018,false
Tox21_NR_ER,strict_scaffold,105,50_20_15_15,class_retention_lower,1,104,,0.7,73,0.000462962962962963,0.5377275914743231,true
Tox21_NR_ER,strict_scaffold,105,50_20_15_15,class_retention_lower,1,104,,0.8,83,0.000462962962962963,0.6437616752091841,true
Tox21_NR_ER,strict_scaffold,105,50_20_15_15,class_retention_lower,1,104,,0.9,94,0.000462962962962963,0.773557395377785,true
Tox21_NR_ER,strict_scaffold,105,50_20_15_15,class_retention_lower,1,104,,1.0,104,0.000462962962962963,0.9288336584781968,true
Tox21_NR_ER,strict_scaffold,105,50_20_15_15,critical_selected_error_upper,1,52,0.5,0.0,0,0.000462962962962963,0.13726803487800732,false
Tox21_NR_ER,strict_scaffold,105,50_20_15_15,critical_selected_error_upper,1,52,0.5,0.02,1,0.000462962962962963,0.17785009836364268,false
Tox21_NR_ER,strict_scaffold,105,50_20_15_15,critical_selected_error_upper,1,52,0.5,0.05,3,0.000462962962962963,0.2427650774557131,false
Tox21_NR_ER,strict_scaffold,105,50_20_15_15,critical_selected_error_upper,1,52,0.5,0.1,5,0.000462962962962963,0.298539858005902,false
Tox21_NR_ER,strict_scaffold,105,50_20_15_15,critical_selected_error_upper,1,62,0.6,0.0,0,0.000462962962962963,0.11647572184011538,false
Tox21_NR_ER,strict_scaffold,105,50_20_15_15,critical_selected_error_upper,1,62,0.6,0.02,1,0.000462962962962963,0.15124081763244338,false
Tox21_NR_ER,strict_scaffold,105,50_20_15_15,critical_selected_error_upper,1,62,0.6,0.05,3,0.000462962962962963,0.2070951936906314,false
Tox21_NR_ER,strict_scaffold,105,50_20_15_15,critical_selected_error_upper,1,62,0.6,0.1,6,0.000462962962962963,0.2777933199953223,false
Tox21_NR_ER,strict_scaffold,105,50_20_15_15,critical_selected_error_upper,1,72,0.7,0.0,0,0.000462962962962963,0.10114809675075934,false
Tox21_NR_ER,strict_scaffold,105,50_20_15_15,critical_selected_error_upper,1,72,0.7,0.02,1,0.000462962962962963,0.13154565159004905,false
Tox21_NR_ER,strict_scaffold,105,50_20_15_15,critical_selected_error_upper,1,72,0.7,0.05,4,0.000462962962962963,0.202308794318706,false
Tox21_NR_ER,strict_scaffold,105,50_20_15_15,critical_selected_error_upper,1,72,0.7,0.1,7,0.000462962962962963,0.2619376680177011,false
Tox21_NR_ER,strict_scaffold,105,50_20_15_15,critical_selected_error_upper,1,83,0.8,0.0,0,0.000462962962962963,0.08835478161843889,true
Tox21_NR_ER,strict_scaffold,105,50_20_15_15,critical_selected_error_upper,1,83,0.8,0.02,2,0.000462962962962963,0.1376589749184159,false
Tox21_NR_ER,strict_scaffold,105,50_20_15_15,critical_selected_error_upper,1,83,0.8,0.05,4,0.000462962962962963,0.17741302897406366,false
Tox21_NR_ER,strict_scaffold,105,50_20_15_15,critical_selected_error_upper,1,83,0.8,0.1,8,0.000462962962962963,0.24662147014148947,false
Tox21_NR_ER,strict_scaffold,105,50_20_15_15,critical_selected_error_upper,1,93,0.9,0.0,0,0.000462962962962963,0.07924166569544856,true
Tox21_NR_ER,strict_scaffold,105,50_20_15_15,critical_selected_error_upper,1,93,0.9,0.02,2,0.000462962962962963,0.12365964014695788,false
Tox21_NR_ER,strict_scaffold,105,50_20_15_15,critical_selected_error_upper,1,93,0.9,0.05,5,0.000462962962962963,0.17606523455551504,false
Tox21_NR_ER,strict_scaffold,105,50_20_15_15,critical_selected_error_upper,1,93,0.9,0.1,9,0.000462962962962963,0.2367393696601706,false
Tox21_NR_ER,strict_scaffold,105,50_20_15_15,critical_selected_error_upper,1,104,1.0,0.0,0,0.000462962962962963,0.07116634152180258,true
Tox21_NR_ER,strict_scaffold,105,50_20_15_15,critical_selected_error_upper,1,104,1.0,0.02,2,0.000462962962962963,0.11121486996162783,false
Tox21_NR_ER,strict_scaffold,105,50_20_15_15,critical_selected_error_upper,1,104,1.0,0.05,5,0.000462962962962963,0.15857098017191074,false
Tox21_NR_ER,strict_scaffold,105,50_20_15_15,critical_selected_error_upper,1,104,1.0,0.1,10,0.000462962962962963,0.226442604622214,false
Tox21_NR_ER,similarity_cluster,101,50_20_15_15,class_retention_lower,0,1036,,0.5,518,0.000462962962962963,0.448217933384948,false
Tox21_NR_ER,similarity_cluster,101,50_20_15_15,class_retention_lower,0,1036,,0.6,622,0.000462962962962963,0.5488973911336337,true
Tox21_NR_ER,similarity_cluster,101,50_20_15_15,class_retention_lower,0,1036,,0.7,725,0.000462962962962963,0.6507960833929861,true
Tox21_NR_ER,similarity_cluster,101,50_20_15_15,class_retention_lower,0,1036,,0.8,829,0.000462962962962963,0.7564102695659329,true
Tox21_NR_ER,similarity_cluster,101,50_20_15_15,class_retention_lower,0,1036,,0.9,932,0.000462962962962963,0.8652228772490274,true
Tox21_NR_ER,similarity_cluster,101,50_20_15_15,class_retention_lower,0,1036,,1.0,1036,0.000462962962962963,0.9926163290730282,true
Tox21_NR_ER,similarity_cluster,101,50_20_15_15,class_retention_lower,1,135,,0.5,68,0.000462962962962963,0.36056601120714743,false
Tox21_NR_ER,similarity_cluster,101,50_20_15_15,class_retention_lower,1,135,,0.6,81,0.000462962962962963,0.4541136386468906,false
Tox21_NR_ER,similarity_cluster,101,50_20_15_15,class_retention_lower,1,135,,0.7,94,0.000462962962962963,0.5530774927776552,true
Tox21_NR_ER,similarity_cluster,101,50_20_15_15,class_retention_lower,1,135,,0.8,108,0.000462962962962963,0.6670459320956664,true
Tox21_NR_ER,similarity_cluster,101,50_20_15_15,class_retention_lower,1,135,,0.9,122,0.000462962962962963,0.7928627798364565,true
Tox21_NR_ER,similarity_cluster,101,50_20_15_15,class_retention_lower,1,135,,1.0,135,0.000462962962962963,0.9447139809445949,true
Tox21_NR_ER,similarity_cluster,101,50_20_15_15,critical_selected_error_upper,1,67,0.5,0.0,0,0.000462962962962963,0.10827275973683362,false
Tox21_NR_ER,similarity_cluster,101,50_20_15_15,critical_selected_error_upper,1,67,0.5,0.02,1,0.000462962962962963,0.14070871084075584,false
Tox21_NR_ER,similarity_cluster,101,50_20_15_15,critical_selected_error_upper,1,67,0.5,0.05,3,0.000462962962962963,0.1929080991258646,false
Tox21_NR_ER,similarity_cluster,101,50_20_15_15,critical_selected_error_upper,1,67,0.5,0.1,7,0.000462962962962963,0.27945119002459945,false
Tox21_NR_ER,similarity_cluster,101,50_20_15_15,critical_selected_error_upper,1,81,0.6,0.0,0,0.000462962962962963,0.09043465667715363,true
Tox21_NR_ER,similarity_cluster,101,50_20_15_15,critical_selected_error_upper,1,81,0.6,0.02,2,0.000462962962962963,0.14084730616095226,false
Tox21_NR_ER,similarity_cluster,101,50_20_15_15,critical_selected_error_upper,1,81,0.6,0.05,4,0.000462962962962963,0.18147479308331774,false
Tox21_NR_ER,similarity_cluster,101,50_20_15_15,critical_selected_error_upper,1,81,0.6,0.1,8,0.000462962962962963,0.25216244372303326,false
Tox21_NR_ER,similarity_cluster,101,50_20_15_15,critical_selected_error_upper,1,94,0.7,0.0,0,0.000462962962962963,0.07843263318871638,true
Tox21_NR_ER,similarity_cluster,101,50_20_15_15,critical_selected_error_upper,1,94,0.7,0.02,2,0.000462962962962963,0.1224145226352848,false
Tox21_NR_ER,similarity_cluster,101,50_20_15_15,critical_selected_error_upper,1,94,0.7,0.05,5,0.000462962962962963,0.17431734610222244,false
Tox21_NR_ER,similarity_cluster,101,50_20_15_15,critical_selected_error_upper,1,94,0.7,0.1,9,0.000462962962962963,0.23442437526755433,false
Tox21_NR_ER,similarity_cluster,101,50_20_15_15,critical_selected_error_upper,1,108,0.8,0.0,0,0.000462962962962963,0.06862317320090149,true
Tox21_NR_ER,similarity_cluster,101,50_20_15_15,critical_selected_error_upper,1,108,0.8,0.02,2,0.000462962962962963,0.10728798991265194,false
Tox21_NR_ER,similarity_cluster,101,50_20_15_15,critical_selected_error_upper,1,108,0.8,0.05,5,0.000462962962962963,0.1530396341001452,false
Tox21_NR_ER,similarity_cluster,101,50_20_15_15,critical_selected_error_upper,1,108,0.8,0.1,11,0.000462962962962963,0.230917411767216,false
Tox21_NR_ER,similarity_cluster,101,50_20_15_15,critical_selected_error_upper,1,121,0.9,0.0,0,0.000462962962962963,0.061482163079970405,true
Tox21_NR_ER,similarity_cluster,101,50_20_15_15,critical_selected_error_upper,1,121,0.9,0.02,2,0.000462962962962963,0.09624224568406543,true
Tox21_NR_ER,similarity_cluster,101,50_20_15_15,critical_selected_error_upper,1,121,0.9,0.05,6,0.000462962962962963,0.14996991569587584,false
Tox21_NR_ER,similarity_cluster,101,50_20_15_15,critical_selected_error_upper,1,121,0.9,0.1,12,0.000462962962962963,0.21867390208461737,false
Tox21_NR_ER,similarity_cluster,101,50_20_15_15,critical_selected_error_upper,1,135,1.0,0.0,0,0.000462962962962963,0.055286019055404506,true
Tox21_NR_ER,similarity_cluster,101,50_20_15_15,critical_selected_error_upper,1,135,1.0,0.02,3,0.000462962962962963,0.0997725924944382,true
Tox21_NR_ER,similarity_cluster,101,50_20_15_15,critical_selected_error_upper,1,135,1.0,0.05,7,0.000462962962962963,0.14615156333826254,false
Tox21_NR_ER,similarity_cluster,101,50_20_15_15,critical_selected_error_upper,1,135,1.0,0.1,14,0.000462962962962963,0.21673224809899916,false
Tox21_NR_ER,similarity_cluster,102,50_20_15_15,class_retention_lower,0,1039,,0.5,520,0.000462962962962963,0.44877067905157314,false
Tox21_NR_ER,similarity_cluster,102,50_20_15_15,class_retention_lower,0,1039,,0.6,623,0.000462962962962963,0.5481917041184108,true
Tox21_NR_ER,similarity_cluster,102,50_20_15_15,class_retention_lower,0,1039,,0.7,727,0.000462962962962963,0.6507701473687981,true
Tox21_NR_ER,similarity_cluster,102,50_20_15_15,class_retention_lower,0,1039,,0.8,831,0.000462962962962963,0.7560650547738749,true
Tox21_NR_ER,similarity_cluster,102,50_20_15_15,class_retention_lower,0,1039,,0.9,935,0.000462962962962963,0.865604525436009,true
Tox21_NR_ER,similarity_cluster,102,50_20_15_15,class_retention_lower,0,1039,,1.0,1039,0.000462962962962963,0.9926375699479,true
Tox21_NR_ER,similarity_cluster,102,50_20_15_15,class_retention_lower,1,132,,0.5,66,0.000462962962962963,0.35548945447806973,false
Tox21_NR_ER,similarity_cluster,102,50_20_15_15,class_retention_lower,1,132,,0.6,79,0.000462962962962963,0.4509219253297893,false
Tox21_NR_ER,similarity_cluster,102,50_20_15_15,class_retention_lower,1,132,,0.7,92,0.000462962962962963,0.5520697821706017,true
Tox21_NR_ER,similarity_cluster,102,50_20_15_15,class_retention_lower,1,132,,0.8,106,0.000462962962962963,0.6688323402920877,true
Tox21_NR_ER,similarity_cluster,102,50_20_15_15,class_retention_lower,1,132,,0.9,119,0.000462962962962963,0.7884625367984653,true
Tox21_NR_ER,similarity_cluster,102,50_20_15_15,class_retention_lower,1,132,,1.0,132,0.000462962962962963,0.943493661203946,true
Tox21_NR_ER,similarity_cluster,102,50_20_15_15,critical_selected_error_upper,1,66,0.5,0.0,0,0.000462962962962963,0.10981971126797258,false
Tox21_NR_ER,similarity_cluster,102,50_20_15_15,critical_selected_error_upper,1,66,0.5,0.02,1,0.000462962962962963,0.14269636379297643,false
Tox21_NR_ER,similarity_cluster,102,50_20_15_15,critical_selected_error_upper,1,66,0.5,0.05,3,0.000462962962962963,0.19558845304637193,false
Tox21_NR_ER,similarity_cluster,102,50_20_15_15,critical_selected_error_upper,1,66,0.5,0.1,7,0.000462962962962963,0.28323641190483634,false
Tox21_NR_ER,similarity_cluster,102,50_20_15_15,critical_selected_error_upper,1,79,0.6,0.0,0,0.000462962962962963,0.09261473045408337,true
Tox21_NR_ER,similarity_cluster,102,50_20_15_15,critical_selected_error_upper,1,79,0.6,0.02,2,0.000462962962962963,0.14418653705174245,false
Tox21_NR_ER,similarity_cluster,102,50_20_15_15,critical_selected_error_upper,1,79,0.6,0.05,4,0.000462962962962963,0.18572628954480416,false
Tox21_NR_ER,similarity_cluster,102,50_20_15_15,critical_selected_error_upper,1,79,0.6,0.1,8,0.000462962962962963,0.2579565127711405,false
Tox21_NR_ER,similarity_cluster,102,50_20_15_15,critical_selected_error_upper,1,92,0.7,0.0,0,0.000462962962962963,0.08006755230267122,true
Tox21_NR_ER,similarity_cluster,102,50_20_15_15,critical_selected_error_upper,1,92,0.7,0.02,2,0.000462962962962963,0.12493031082335346,false
Tox21_NR_ER,similarity_cluster,102,50_20_15_15,critical_selected_error_upper,1,92,0.7,0.05,5,0.000462962962962963,0.17784843069412967,false
Tox21_NR_ER,similarity_cluster,102,50_20_15_15,critical_selected_error_upper,1,92,0.7,0.1,9,0.000462962962962963,0.23910030404512325,false
Tox21_NR_ER,similarity_cluster,102,50_20_15_15,critical_selected_error_upper,1,105,0.8,0.0,0,0.000462962962962963,0.07051304795951877,true
Tox21_NR_ER,similarity_cluster,102,50_20_15_15,critical_selected_error_upper,1,105,0.8,0.02,2,0.000462962962962963,0.11020647375960989,false
Tox21_NR_ER,similarity_cluster,102,50_20_15_15,critical_selected_error_upper,1,105,0.8,0.05,5,0.000462962962962963,0.1571510730259461,false
Tox21_NR_ER,similarity_cluster,102,50_20_15_15,critical_selected_error_upper,1,105,0.8,0.1,10,0.000462962962962963,0.22444764861394978,false
Tox21_NR_ER,similarity_cluster,102,50_20_15_15,critical_selected_error_upper,1,118,0.9,0.0,0,0.000462962962962963,0.06299498056426614,true
Tox21_NR_ER,similarity_cluster,102,50_20_15_15,critical_selected_error_upper,1,118,0.9,0.02,2,0.000462962962962963,0.09858465471068509,true
Tox21_NR_ER,similarity_cluster,102,50_20_15_15,critical_selected_error_upper,1,118,0.9,0.05,6,0.000462962962962963,0.15356895474833146,false
Tox21_NR_ER,similarity_cluster,102,50_20_15_15,critical_selected_error_upper,1,118,0.9,0.1,12,0.000462962962962963,0.2238383614789001,false
Tox21_NR_ER,similarity_cluster,102,50_20_15_15,critical_selected_error_upper,1,132,1.0,0.0,0,0.000462962962962963,0.056506338796053476,true
Tox21_NR_ER,similarity_cluster,102,50_20_15_15,critical_selected_error_upper,1,132,1.0,0.02,3,0.000462962962962963,0.10194576126875675,false
Tox21_NR_ER,similarity_cluster,102,50_20_15_15,critical_selected_error_upper,1,132,1.0,0.05,7,0.000462962962962963,0.14929866251786203,false
Tox21_NR_ER,similarity_cluster,102,50_20_15_15,critical_selected_error_upper,1,132,1.0,0.1,13,0.000462962962962963,0.21153746320153385,false
Tox21_NR_ER,similarity_cluster,103,50_20_15_15,class_retention_lower,0,1024,,0.5,512,0.000462962962962963,0.4479143763838481,false
Tox21_NR_ER,similarity_cluster,103,50_20_15_15,class_retention_lower,0,1024,,0.6,614,0.000462962962962963,0.5478038744253333,true
Tox21_NR_ER,similarity_cluster,103,50_20_15_15,class_retention_lower,0,1024,,0.7,717,0.000462962962962963,0.6509024670197145,true
Tox21_NR_ER,similarity_cluster,103,50_20_15_15,class_retention_lower,0,1024,,0.8,819,0.000462962962962963,0.7557240683469821,true
Tox21_NR_ER,similarity_cluster,103,50_20_15_15,class_retention_lower,0,1024,,0.9,922,0.000462962962962963,0.8658784137304927,true
Tox21_NR_ER,similarity_cluster,103,50_20_15_15,class_retention_lower,0,1024,,1.0,1024,0.000462962962962963,0.9925301256567636,true
Tox21_NR_ER,similarity_cluster,103,50_20_15_15,class_retention_lower,1,147,,0.5,74,0.000462962962962963,0.3661405066646654,false
Tox21_NR_ER,similarity_cluster,103,50_20_15_15,class_retention_lower,1,147,,0.6,88,0.000462962962962963,0.45895337587171087,false
Tox21_NR_ER,similarity_cluster,103,50_20_15_15,class_retention_lower,1,147,,0.7,103,0.000462962962962963,0.5640618899741787,true
Tox21_NR_ER,similarity_cluster,103,50_20_15_15,class_retention_lower,1,147,,0.8,118,0.000462962962962963,0.6763626570887813,true
Tox21_NR_ER,similarity_cluster,103,50_20_15_15,class_retention_lower,1,147,,0.9,132,0.000462962962962963,0.7911126414144249,true
Tox21_NR_ER,similarity_cluster,103,50_20_15_15,class_retention_lower,1,147,,1.0,147,0.000462962962962963,0.9491102008824367,true
Tox21_NR_ER,similarity_cluster,103,50_20_15_15,critical_selected_error_upper,1,73,0.5,0.0,0,0.000462962962962963,0.09983411172579704,true
Tox21_NR_ER,similarity_cluster,103,50_20_15_15,critical_selected_error_upper,1,73,0.5,0.02,1,0.000462962962962963,0.1298541774353295,false
Tox21_NR_ER,similarity_cluster,103,50_20_15_15,critical_selected_error_upper,1,73,0.5,0.05,4,0.000462962962962963,0.1997615347404635,false
Tox21_NR_ER,similarity_cluster,103,50_20_15_15,critical_selected_error_upper,1,73,0.5,0.1,7,0.000462962962962963,0.25869337970499373,false
Tox21_NR_ER,similarity_cluster,103,50_20_15_15,critical_selected_error_upper,1,88,0.6,0.0,0,0.000462962962962963,0.08355062346719512,true
Tox21_NR_ER,similarity_cluster,103,50_20_15_15,critical_selected_error_upper,1,88,0.6,0.02,2,0.000462962962962963,0.13028490407061977,false
Tox21_NR_ER,similarity_cluster,103,50_20_15_15,critical_selected_error_upper,1,88,0.6,0.05,4,0.000462962962962963,0.16800998103011439,false
Tox21_NR_ER,similarity_cluster,103,50_20_15_15,critical_selected_error_upper,1,88,0.6,0.1,9,0.000462962962962963,0.24903173486528848,false
Tox21_NR_ER,similarity_cluster,103,50_20_15_15,critical_selected_error_upper,1,102,0.7,0.0,0,0.000462962962962963,0.07250991220884477,true
Tox21_NR_ER,similarity_cluster,103,50_20_15_15,critical_selected_error_upper,1,102,0.7,0.02,2,0.000462962962962963,0.11328799161636993,false
Tox21_NR_ER,similarity_cluster,103,50_20_15_15,critical_selected_error_upper,1,102,0.7,0.05,5,0.000462962962962963,0.16148901027192933,false
Tox21_NR_ER,similarity_cluster,103,50_20_15_15,critical_selected_error_upper,1,102,0.7,0.1,10,0.000462962962962963,0.23054033301660243,false
Tox21_NR_ER,similarity_cluster,103,50_20_15_15,critical_selected_error_upper,1,117,0.8,0.0,0,0.000462962962962963,0.06351592773018665,true
Tox21_NR_ER,similarity_cluster,103,50_20_15_15,critical_selected_error_upper,1,117,0.8,0.02,2,0.000462962962962963,0.09939098140162161,true
Tox21_NR_ER,similarity_cluster,103,50_20_15_15,critical_selected_error_upper,1,117,0.8,0.05,6,0.000462962962962963,0.154807254182905,false
Tox21_NR_ER,similarity_cluster,103,50_20_15_15,critical_selected_error_upper,1,117,0.8,0.1,12,0.000462962962962963,0.22561425642943464,false
Tox21_NR_ER,similarity_cluster,103,50_20_15_15,critical_selected_error_upper,1,132,0.9,0.0,0,0.000462962962962963,0.056506338796053476,true
Tox21_NR_ER,similarity_cluster,103,50_20_15_15,critical_selected_error_upper,1,132,0.9,0.02,3,0.000462962962962963,0.10194576126875675,false
Tox21_NR_ER,similarity_cluster,103,50_20_15_15,critical_selected_error_upper,1,132,0.9,0.05,7,0.000462962962962963,0.14929866251786203,false
Tox21_NR_ER,similarity_cluster,103,50_20_15_15,critical_selected_error_upper,1,132,0.9,0.1,13,0.000462962962962963,0.21153746320153385,false
Tox21_NR_ER,similarity_cluster,103,50_20_15_15,critical_selected_error_upper,1,147,1.0,0.0,0,0.000462962962962963,0.05088979911756284,true
Tox21_NR_ER,similarity_cluster,103,50_20_15_15,critical_selected_error_upper,1,147,1.0,0.02,3,0.000462962962962963,0.09193302868260478,true
Tox21_NR_ER,similarity_cluster,103,50_20_15_15,critical_selected_error_upper,1,147,1.0,0.05,7,0.000462962962962963,0.13478499403091532,false
Tox21_NR_ER,similarity_cluster,103,50_20_15_15,critical_selected_error_upper,1,147,1.0,0.1,15,0.000462962962962963,0.20888735858557425,false
Tox21_NR_ER,similarity_cluster,104,50_20_15_15,class_retention_lower,0,1039,,0.5,520,0.000462962962962963,0.44877067905157314,false
Tox21_NR_ER,similarity_cluster,104,50_20_15_15,class_retention_lower,0,1039,,0.6,623,0.000462962962962963,0.5481917041184108,true
Tox21_NR_ER,similarity_cluster,104,50_20_15_15,class_retention_lower,0,1039,,0.7,727,0.000462962962962963,0.6507701473687981,true
Tox21_NR_ER,similarity_cluster,104,50_20_15_15,class_retention_lower,0,1039,,0.8,831,0.000462962962962963,0.7560650547738749,true
Tox21_NR_ER,similarity_cluster,104,50_20_15_15,class_retention_lower,0,1039,,0.9,935,0.000462962962962963,0.865604525436009,true
Tox21_NR_ER,similarity_cluster,104,50_20_15_15,class_retention_lower,0,1039,,1.0,1039,0.000462962962962963,0.9926375699479,true
Tox21_NR_ER,similarity_cluster,104,50_20_15_15,class_retention_lower,1,132,,0.5,66,0.000462962962962963,0.35548945447806973,false
Tox21_NR_ER,similarity_cluster,104,50_20_15_15,class_retention_lower,1,132,,0.6,79,0.000462962962962963,0.4509219253297893,false
Tox21_NR_ER,similarity_cluster,104,50_20_15_15,class_retention_lower,1,132,,0.7,92,0.000462962962962963,0.5520697821706017,true
Tox21_NR_ER,similarity_cluster,104,50_20_15_15,class_retention_lower,1,132,,0.8,106,0.000462962962962963,0.6688323402920877,true
Tox21_NR_ER,similarity_cluster,104,50_20_15_15,class_retention_lower,1,132,,0.9,119,0.000462962962962963,0.7884625367984653,true
Tox21_NR_ER,similarity_cluster,104,50_20_15_15,class_retention_lower,1,132,,1.0,132,0.000462962962962963,0.943493661203946,true
Tox21_NR_ER,similarity_cluster,104,50_20_15_15,critical_selected_error_upper,1,66,0.5,0.0,0,0.000462962962962963,0.10981971126797258,false
Tox21_NR_ER,similarity_cluster,104,50_20_15_15,critical_selected_error_upper,1,66,0.5,0.02,1,0.000462962962962963,0.14269636379297643,false
Tox21_NR_ER,similarity_cluster,104,50_20_15_15,critical_selected_error_upper,1,66,0.5,0.05,3,0.000462962962962963,0.19558845304637193,false
Tox21_NR_ER,similarity_cluster,104,50_20_15_15,critical_selected_error_upper,1,66,0.5,0.1,7,0.000462962962962963,0.28323641190483634,false
Tox21_NR_ER,similarity_cluster,104,50_20_15_15,critical_selected_error_upper,1,79,0.6,0.0,0,0.000462962962962963,0.09261473045408337,true
Tox21_NR_ER,similarity_cluster,104,50_20_15_15,critical_selected_error_upper,1,79,0.6,0.02,2,0.000462962962962963,0.14418653705174245,false
Tox21_NR_ER,similarity_cluster,104,50_20_15_15,critical_selected_error_upper,1,79,0.6,0.05,4,0.000462962962962963,0.18572628954480416,false
Tox21_NR_ER,similarity_cluster,104,50_20_15_15,critical_selected_error_upper,1,79,0.6,0.1,8,0.000462962962962963,0.2579565127711405,false
Tox21_NR_ER,similarity_cluster,104,50_20_15_15,critical_selected_error_upper,1,92,0.7,0.0,0,0.000462962962962963,0.08006755230267122,true
Tox21_NR_ER,similarity_cluster,104,50_20_15_15,critical_selected_error_upper,1,92,0.7,0.02,2,0.000462962962962963,0.12493031082335346,false
Tox21_NR_ER,similarity_cluster,104,50_20_15_15,critical_selected_error_upper,1,92,0.7,0.05,5,0.000462962962962963,0.17784843069412967,false
Tox21_NR_ER,similarity_cluster,104,50_20_15_15,critical_selected_error_upper,1,92,0.7,0.1,9,0.000462962962962963,0.23910030404512325,false
Tox21_NR_ER,similarity_cluster,104,50_20_15_15,critical_selected_error_upper,1,105,0.8,0.0,0,0.000462962962962963,0.07051304795951877,true
Tox21_NR_ER,similarity_cluster,104,50_20_15_15,critical_selected_error_upper,1,105,0.8,0.02,2,0.000462962962962963,0.11020647375960989,false
Tox21_NR_ER,similarity_cluster,104,50_20_15_15,critical_selected_error_upper,1,105,0.8,0.05,5,0.000462962962962963,0.1571510730259461,false
Tox21_NR_ER,similarity_cluster,104,50_20_15_15,critical_selected_error_upper,1,105,0.8,0.1,10,0.000462962962962963,0.22444764861394978,false
Tox21_NR_ER,similarity_cluster,104,50_20_15_15,critical_selected_error_upper,1,118,0.9,0.0,0,0.000462962962962963,0.06299498056426614,true
Tox21_NR_ER,similarity_cluster,104,50_20_15_15,critical_selected_error_upper,1,118,0.9,0.02,2,0.000462962962962963,0.09858465471068509,true
Tox21_NR_ER,similarity_cluster,104,50_20_15_15,critical_selected_error_upper,1,118,0.9,0.05,6,0.000462962962962963,0.15356895474833146,false
Tox21_NR_ER,similarity_cluster,104,50_20_15_15,critical_selected_error_upper,1,118,0.9,0.1,12,0.000462962962962963,0.2238383614789001,false
Tox21_NR_ER,similarity_cluster,104,50_20_15_15,critical_selected_error_upper,1,132,1.0,0.0,0,0.000462962962962963,0.056506338796053476,true
Tox21_NR_ER,similarity_cluster,104,50_20_15_15,critical_selected_error_upper,1,132,1.0,0.02,3,0.000462962962962963,0.10194576126875675,false
Tox21_NR_ER,similarity_cluster,104,50_20_15_15,critical_selected_error_upper,1,132,1.0,0.05,7,0.000462962962962963,0.14929866251786203,false
Tox21_NR_ER,similarity_cluster,104,50_20_15_15,critical_selected_error_upper,1,132,1.0,0.1,13,0.000462962962962963,0.21153746320153385,false
Tox21_NR_ER,similarity_cluster,105,50_20_15_15,class_retention_lower,0,1035,,0.5,518,0.000462962962962963,0.4486723506557524,false
Tox21_NR_ER,similarity_cluster,105,50_20_15_15,class_retention_lower,0,1035,,0.6,621,0.000462962962962963,0.5484807671021052,true
Tox21_NR_ER,similarity_cluster,105,50_20_15_15,class_retention_lower,0,1035,,0.7,724,0.000462962962962963,0.6504707790937339,true
Tox21_NR_ER,similarity_cluster,105,50_20_15_15,class_retention_lower,0,1035,,0.8,828,0.000462962962962963,0.7561814740201589,true
Tox21_NR_ER,similarity_cluster,105,50_20_15_15,class_retention_lower,0,1035,,0.9,932,0.000462962962962963,0.8661854045874331,true
Tox21_NR_ER,similarity_cluster,105,50_20_15_15,class_retention_lower,0,1035,,1.0,1035,0.000462962962962963,0.9926092215194519,true
Tox21_NR_ER,similarity_cluster,105,50_20_15_15,class_retention_lower,1,136,,0.5,68,0.000462962962962963,0.3575855725997769,false
Tox21_NR_ER,similarity_cluster,105,50_20_15_15,class_retention_lower,1,136,,0.6,82,0.000462962962962963,0.45760138064368133,false
Tox21_NR_ER,similarity_cluster,105,50_20_15_15,class_retention_lower,1,136,,0.7,95,0.000462962962962963,0.5560041481714185,true
Tox21_NR_ER,similarity_cluster,105,50_20_15_15,class_retention_lower,1,136,,0.8,109,0.000462962962962963,0.6692806486948254,true
Tox21_NR_ER,similarity_cluster,105,50_20_15_15,class_retention_lower,1,136,,0.9,122,0.000462962962962963,0.7847573469893123,true
Tox21_NR_ER,similarity_cluster,105,50_20_15_15,class_retention_lower,1,136,,1.0,136,0.000462962962962963,0.9451091281030982,true
Tox21_NR_ER,similarity_cluster,105,50_20_15_15,critical_selected_error_upper,1,68,0.5,0.0,0,0.000462962962962963,0.10676873597620037,false
Tox21_NR_ER,similarity_cluster,105,50_20_15_15,critical_selected_error_upper,1,68,0.5,0.02,1,0.000462962962962963,0.13877556736736227,false
Tox21_NR_ER,similarity_cluster,105,50_20_15_15,critical_selected_error_upper,1,68,0.5,0.05,3,0.000462962962962963,0.1902999581655425,false
Tox21_NR_ER,similarity_cluster,105,50_20_15_15,critical_selected_error_upper,1,68,0.5,0.1,7,0.000462962962962963,0.27576502591800867,false
Tox21_NR_ER,similarity_cluster,105,50_20_15_15,critical_selected_error_upper,1,81,0.6,0.0,0,0.000462962962962963,0.09043465667715363,true
Tox21_NR_ER,similarity_cluster,105,50_20_15_15,critical_selected_error_upper,1,81,0.6,0.02,2,0.000462962962962963,0.14084730616095226,false
Tox21_NR_ER,similarity_cluster,105,50_20_15_15,critical_selected_error_upper,1,81,0.6,0.05,4,0.000462962962962963,0.18147479308331774,false
Tox21_NR_ER,similarity_cluster,105,50_20_15_15,critical_selected_error_upper,1,81,0.6,0.1,8,0.000462962962962963,0.25216244372303326,false
Tox21_NR_ER,similarity_cluster,105,50_20_15_15,critical_selected_error_upper,1,95,0.7,0.0,0,0.000462962962962963,0.07763994437670738,true
Tox21_NR_ER,similarity_cluster,105,50_20_15_15,critical_selected_error_upper,1,95,0.7,0.02,2,0.000462962962962963,0.12119419623602819,false
Tox21_NR_ER,similarity_cluster,105,50_20_15_15,critical_selected_error_upper,1,95,0.7,0.05,5,0.000462962962962963,0.17260373001592305,false
Tox21_NR_ER,similarity_cluster,105,50_20_15_15,critical_selected_error_upper,1,95,0.7,0.1,10,0.000462962962962963,0.24612261906881436,false
Tox21_NR_ER,similarity_cluster,105,50_20_15_15,critical_selected_error_upper,1,108,0.8,0.0,0,0.000462962962962963,0.06862317320090149,true
Tox21_NR_ER,similarity_cluster,105,50_20_15_15,critical_selected_error_upper,1,108,0.8,0.02,2,0.000462962962962963,0.10728798991265194,false
Tox21_NR_ER,similarity_cluster,105,50_20_15_15,critical_selected_error_upper,1,108,0.8,0.05,5,0.000462962962962963,0.1530396341001452,false
Tox21_NR_ER,similarity_cluster,105,50_20_15_15,critical_selected_error_upper,1,108,0.8,0.1,11,0.000462962962962963,0.230917411767216,false
Tox21_NR_ER,similarity_cluster,105,50_20_15_15,critical_selected_error_upper,1,122,0.9,0.0,0,0.000462962962962963,0.06099390362481077,true
Tox21_NR_ER,similarity_cluster,105,50_20_15_15,critical_selected_error_upper,1,122,0.9,0.02,2,0.000462962962962963,0.09548596520341293,true
Tox21_NR_ER,similarity_cluster,105,50_20_15_15,critical_selected_error_upper,1,122,0.9,0.05,6,0.000462962962962963,0.14880736482734042,false
Tox21_NR_ER,similarity_cluster,105,50_20_15_15,critical_selected_error_upper,1,122,0.9,0.1,12,0.000462962962962963,0.21700476553100984,false
Tox21_NR_ER,similarity_cluster,105,50_20_15_15,critical_selected_error_upper,1,136,1.0,0.0,0,0.000462962962962963,0.0548908718969012,true
Tox21_NR_ER,similarity_cluster,105,50_20_15_15,critical_selected_error_upper,1,136,1.0,0.02,3,0.000462962962962963,0.09906862989424488,true
Tox21_NR_ER,similarity_cluster,105,50_20_15_15,critical_selected_error_upper,1,136,1.0,0.05,7,0.000462962962962963,0.14513175888561639,false
Tox21_NR_ER,similarity_cluster,105,50_20_15_15,critical_selected_error_upper,1,136,1.0,0.1,14,0.000462962962962963,0.21524265301068693,false
Tox21_SR_ARE,random_grouped,101,50_20_15_15,class_retention_lower,0,951,,0.5,476,0.000462962962962963,0.44646711466157546,false
Tox21_SR_ARE,random_grouped,101,50_20_15_15,class_retention_lower,0,951,,0.6,571,0.000462962962962963,0.5466379401972622,true
Tox21_SR_ARE,random_grouped,101,50_20_15_15,class_retention_lower,0,951,,0.7,666,0.000462962962962963,0.6491021645877773,true
Tox21_SR_ARE,random_grouped,101,50_20_15_15,class_retention_lower,0,951,,0.8,761,0.000462962962962963,0.7543971860287106,true
Tox21_SR_ARE,random_grouped,101,50_20_15_15,class_retention_lower,0,951,,0.9,856,0.000462962962962963,0.864116534797405,true
Tox21_SR_ARE,random_grouped,101,50_20_15_15,class_retention_lower,0,951,,1.0,951,0.000462962962962963,0.991959039677579,true
Tox21_SR_ARE,random_grouped,101,50_20_15_15,class_retention_lower,1,169,,0.5,84,0.000462962962962963,0.36918400022083736,false
Tox21_SR_ARE,random_grouped,101,50_20_15_15,class_retention_lower,1,169,,0.6,101,0.000462962962962963,0.4675424417040409,false
Tox21_SR_ARE,random_grouped,101,50_20_15_15,class_retention_lower,1,169,,0.7,118,0.000462962962962963,0.5712251979884353,true
Tox21_SR_ARE,random_grouped,101,50_20_15_15,class_retention_lower,1,169,,0.8,135,0.000462962962962963,0.6814203346009904,true
Tox21_SR_ARE,random_grouped,101,50_20_15_15,class_retention_lower,1,169,,0.9,152,0.000462962962962963,0.8016225729309764,true
Tox21_SR_ARE,random_grouped,101,50_20_15_15,class_retention_lower,1,169,,1.0,169,0.000462962962962963,0.9555853971637429,true
Tox21_SR_ARE,random_grouped,101,50_20_15_15,critical_selected_error_upper,1,84,0.5,0.0,0,0.000462962962962963,0.08735028606050671,true
Tox21_SR_ARE,random_grouped,101,50_20_15_15,critical_selected_error_upper,1,84,0.5,0.02,2,0.000462962962962963,0.13611824179519855,false
Tox21_SR_ARE,random_grouped,101,50_20_15_15,critical_selected_error_upper,1,84,0.5,0.05,4,0.000462962962962963,0.1754493837831994,false
Tox21_SR_ARE,random_grouped,101,50_20_15_15,critical_selected_error_upper,1,84,0.5,0.1,8,0.000462962962962963,0.24394080177276042,false
Tox21_SR_ARE,random_grouped,101,50_20_15_15,critical_selected_error_upper,1,101,0.6,0.0,0,0.000462962962962963,0.07320089350691862,true
Tox21_SR_ARE,random_grouped,101,50_20_15_15,critical_selected_error_upper,1,101,0.6,0.02,2,0.000462962962962963,0.1143537744741387,false
Tox21_SR_ARE,random_grouped,101,50_20_15_15,critical_selected_error_upper,1,101,0.6,0.05,5,0.000462962962962963,0.16298857905278785,false
Tox21_SR_ARE,random_grouped,101,50_20_15_15,critical_selected_error_upper,1,101,0.6,0.1,10,0.000462962962962963,0.23264505469439306,false
Tox21_SR_ARE,random_grouped,101,50_20_15_15,critical_selected_error_upper,1,118,0.7,0.0,0,0.000462962962962963,0.06299498056426614,true
Tox21_SR_ARE,random_grouped,101,50_20_15_15,critical_selected_error_upper,1,118,0.7,0.02,2,0.000462962962962963,0.09858465471068509,true
Tox21_SR_ARE,random_grouped,101,50_20_15_15,critical_selected_error_upper,1,118,0.7,0.05,6,0.000462962962962963,0.15356895474833146,false
Tox21_SR_ARE,random_grouped,101,50_20_15_15,critical_selected_error_upper,1,118,0.7,0.1,12,0.000462962962962963,0.2238383614789001,false
Tox21_SR_ARE,random_grouped,101,50_20_15_15,critical_selected_error_upper,1,135,0.8,0.0,0,0.000462962962962963,0.055286019055404506,true
Tox21_SR_ARE,random_grouped,101,50_20_15_15,critical_selected_error_upper,1,135,0.8,0.02,3,0.000462962962962963,0.0997725924944382,true
Tox21_SR_ARE,random_grouped,101,50_20_15_15,critical_selected_error_upper,1,135,0.8,0.05,7,0.000462962962962963,0.14615156333826254,false
Tox21_SR_ARE,random_grouped,101,50_20_15_15,critical_selected_error_upper,1,135,0.8,0.1,14,0.000462962962962963,0.21673224809899916,false
Tox21_SR_ARE,random_grouped,101,50_20_15_15,critical_selected_error_upper,1,152,0.9,0.0,0,0.000462962962962963,0.04925772737853011,true
Tox21_SR_ARE,random_grouped,101,50_20_15_15,critical_selected_error_upper,1,152,0.9,0.02,3,0.000462962962962963,0.08901839101278258,true
Tox21_SR_ARE,random_grouped,101,50_20_15_15,critical_selected_error_upper,1,152,0.9,0.05,8,0.000462962962962963,0.14012989114885915,false
Tox21_SR_ARE,random_grouped,101,50_20_15_15,critical_selected_error_upper,1,152,0.9,0.1,15,0.000462962962962963,0.20242749373647279,false
Tox21_SR_ARE,random_grouped,101,50_20_15_15,critical_selected_error_upper,1,169,1.0,0.0,0,0.000462962962962963,0.044414602836256624,true
Tox21_SR_ARE,random_grouped,101,50_20_15_15,critical_selected_error_upper,1,169,1.0,0.02,3,0.000462962962962963,0.0803558380587037,true
Tox21_SR_ARE,random_grouped,101,50_20_15_15,critical_selected_error_upper,1,169,1.0,0.05,8,0.000462962962962963,0.12663875670810268,false
Tox21_SR_ARE,random_grouped,101,50_20_15_15,critical_selected_error_upper,1,169,1.0,0.1,17,0.000462962962962963,0.1983774270690229,false
Tox21_SR_ARE,random_grouped,102,50_20_15_15,class_retention_lower,0,951,,0.5,476,0.000462962962962963,0.44646711466157546,false
Tox21_SR_ARE,random_grouped,102,50_20_15_15,class_retention_lower,0,951,,0.6,571,0.000462962962962963,0.5466379401972622,true
Tox21_SR_ARE,random_grouped,102,50_20_15_15,class_retention_lower,0,951,,0.7,666,0.000462962962962963,0.6491021645877773,true
Tox21_SR_ARE,random_grouped,102,50_20_15_15,class_retention_lower,0,951,,0.8,761,0.000462962962962963,0.7543971860287106,true
Tox21_SR_ARE,random_grouped,102,50_20_15_15,class_retention_lower,0,951,,0.9,856,0.000462962962962963,0.864116534797405,true
Tox21_SR_ARE,random_grouped,102,50_20_15_15,class_retention_lower,0,951,,1.0,951,0.000462962962962963,0.991959039677579,true
Tox21_SR_ARE,random_grouped,102,50_20_15_15,class_retention_lower,1,169,,0.5,84,0.000462962962962963,0.36918400022083736,false
Tox21_SR_ARE,random_grouped,102,50_20_15_15,class_retention_lower,1,169,,0.6,101,0.000462962962962963,0.4675424417040409,false
Tox21_SR_ARE,random_grouped,102,50_20_15_15,class_retention_lower,1,169,,0.7,118,0.000462962962962963,0.5712251979884353,true
Tox21_SR_ARE,random_grouped,102,50_20_15_15,class_retention_lower,1,169,,0.8,135,0.000462962962962963,0.6814203346009904,true
Tox21_SR_ARE,random_grouped,102,50_20_15_15,class_retention_lower,1,169,,0.9,152,0.000462962962962963,0.8016225729309764,true
Tox21_SR_ARE,random_grouped,102,50_20_15_15,class_retention_lower,1,169,,1.0,169,0.000462962962962963,0.9555853971637429,true
Tox21_SR_ARE,random_grouped,102,50_20_15_15,critical_selected_error_upper,1,84,0.5,0.0,0,0.000462962962962963,0.08735028606050671,true
Tox21_SR_ARE,random_grouped,102,50_20_15_15,critical_selected_error_upper,1,84,0.5,0.02,2,0.000462962962962963,0.13611824179519855,false
Tox21_SR_ARE,random_grouped,102,50_20_15_15,critical_selected_error_upper,1,84,0.5,0.05,4,0.000462962962962963,0.1754493837831994,false
Tox21_SR_ARE,random_grouped,102,50_20_15_15,critical_selected_error_upper,1,84,0.5,0.1,8,0.000462962962962963,0.24394080177276042,false
Tox21_SR_ARE,random_grouped,102,50_20_15_15,critical_selected_error_upper,1,101,0.6,0.0,0,0.000462962962962963,0.07320089350691862,true
Tox21_SR_ARE,random_grouped,102,50_20_15_15,critical_selected_error_upper,1,101,0.6,0.02,2,0.000462962962962963,0.1143537744741387,false
Tox21_SR_ARE,random_grouped,102,50_20_15_15,critical_selected_error_upper,1,101,0.6,0.05,5,0.000462962962962963,0.16298857905278785,false
Tox21_SR_ARE,random_grouped,102,50_20_15_15,critical_selected_error_upper,1,101,0.6,0.1,10,0.000462962962962963,0.23264505469439306,false
Tox21_SR_ARE,random_grouped,102,50_20_15_15,critical_selected_error_upper,1,118,0.7,0.0,0,0.000462962962962963,0.06299498056426614,true
Tox21_SR_ARE,random_grouped,102,50_20_15_15,critical_selected_error_upper,1,118,0.7,0.02,2,0.000462962962962963,0.09858465471068509,true
Tox21_SR_ARE,random_grouped,102,50_20_15_15,critical_selected_error_upper,1,118,0.7,0.05,6,0.000462962962962963,0.15356895474833146,false
Tox21_SR_ARE,random_grouped,102,50_20_15_15,critical_selected_error_upper,1,118,0.7,0.1,12,0.000462962962962963,0.2238383614789001,false
Tox21_SR_ARE,random_grouped,102,50_20_15_15,critical_selected_error_upper,1,135,0.8,0.0,0,0.000462962962962963,0.055286019055404506,true
Tox21_SR_ARE,random_grouped,102,50_20_15_15,critical_selected_error_upper,1,135,0.8,0.02,3,0.000462962962962963,0.0997725924944382,true
Tox21_SR_ARE,random_grouped,102,50_20_15_15,critical_selected_error_upper,1,135,0.8,0.05,7,0.000462962962962963,0.14615156333826254,false
Tox21_SR_ARE,random_grouped,102,50_20_15_15,critical_selected_error_upper,1,135,0.8,0.1,14,0.000462962962962963,0.21673224809899916,false
Tox21_SR_ARE,random_grouped,102,50_20_15_15,critical_selected_error_upper,1,152,0.9,0.0,0,0.000462962962962963,0.04925772737853011,true
Tox21_SR_ARE,random_grouped,102,50_20_15_15,critical_selected_error_upper,1,152,0.9,0.02,3,0.000462962962962963,0.08901839101278258,true
Tox21_SR_ARE,random_grouped,102,50_20_15_15,critical_selected_error_upper,1,152,0.9,0.05,8,0.000462962962962963,0.14012989114885915,false
Tox21_SR_ARE,random_grouped,102,50_20_15_15,critical_selected_error_upper,1,152,0.9,0.1,15,0.000462962962962963,0.20242749373647279,false
Tox21_SR_ARE,random_grouped,102,50_20_15_15,critical_selected_error_upper,1,169,1.0,0.0,0,0.000462962962962963,0.044414602836256624,true
Tox21_SR_ARE,random_grouped,102,50_20_15_15,critical_selected_error_upper,1,169,1.0,0.02,3,0.000462962962962963,0.0803558380587037,true
Tox21_SR_ARE,random_grouped,102,50_20_15_15,critical_selected_error_upper,1,169,1.0,0.05,8,0.000462962962962963,0.12663875670810268,false
Tox21_SR_ARE,random_grouped,102,50_20_15_15,critical_selected_error_upper,1,169,1.0,0.1,17,0.000462962962962963,0.1983774270690229,false
Tox21_SR_ARE,random_grouped,103,50_20_15_15,class_retention_lower,0,950,,0.5,475,0.000462962962962963,0.4459170571054117,false
Tox21_SR_ARE,random_grouped,103,50_20_15_15,class_retention_lower,0,950,,0.6,570,0.000462962962962963,0.5461827321886794,true
Tox21_SR_ARE,random_grouped,103,50_20_15_15,class_retention_lower,0,950,,0.7,665,0.000462962962962963,0.6487466349937172,true
Tox21_SR_ARE,random_grouped,103,50_20_15_15,class_retention_lower,0,950,,0.8,760,0.000462962962962963,0.7541462000295576,true
Tox21_SR_ARE,random_grouped,103,50_20_15_15,class_retention_lower,0,950,,0.9,855,0.000462962962962963,0.8639763982916324,true
Tox21_SR_ARE,random_grouped,103,50_20_15_15,class_retention_lower,0,950,,1.0,950,0.000462962962962963,0.9919506096662418,true
Tox21_SR_ARE,random_grouped,103,50_20_15_15,class_retention_lower,1,169,,0.5,84,0.000462962962962963,0.36918400022083736,false
Tox21_SR_ARE,random_grouped,103,50_20_15_15,class_retention_lower,1,169,,0.6,101,0.000462962962962963,0.4675424417040409,false
Tox21_SR_ARE,random_grouped,103,50_20_15_15,class_retention_lower,1,169,,0.7,118,0.000462962962962963,0.5712251979884353,true
Tox21_SR_ARE,random_grouped,103,50_20_15_15,class_retention_lower,1,169,,0.8,135,0.000462962962962963,0.6814203346009904,true
Tox21_SR_ARE,random_grouped,103,50_20_15_15,class_retention_lower,1,169,,0.9,152,0.000462962962962963,0.8016225729309764,true
Tox21_SR_ARE,random_grouped,103,50_20_15_15,class_retention_lower,1,169,,1.0,169,0.000462962962962963,0.9555853971637429,true
Tox21_SR_ARE,random_grouped,103,50_20_15_15,critical_selected_error_upper,1,84,0.5,0.0,0,0.000462962962962963,0.08735028606050671,true
Tox21_SR_ARE,random_grouped,103,50_20_15_15,critical_selected_error_upper,1,84,0.5,0.02,2,0.000462962962962963,0.13611824179519855,false
Tox21_SR_ARE,random_grouped,103,50_20_15_15,critical_selected_error_upper,1,84,0.5,0.05,4,0.000462962962962963,0.1754493837831994,false
Tox21_SR_ARE,random_grouped,103,50_20_15_15,critical_selected_error_upper,1,84,0.5,0.1,8,0.000462962962962963,0.24394080177276042,false
Tox21_SR_ARE,random_grouped,103,50_20_15_15,critical_selected_error_upper,1,101,0.6,0.0,0,0.000462962962962963,0.07320089350691862,true
Tox21_SR_ARE,random_grouped,103,50_20_15_15,critical_selected_error_upper,1,101,0.6,0.02,2,0.000462962962962963,0.1143537744741387,false
Tox21_SR_ARE,random_grouped,103,50_20_15_15,critical_selected_error_upper,1,101,0.6,0.05,5,0.000462962962962963,0.16298857905278785,false
Tox21_SR_ARE,random_grouped,103,50_20_15_15,critical_selected_error_upper,1,101,0.6,0.1,10,0.000462962962962963,0.23264505469439306,false
Tox21_SR_ARE,random_grouped,103,50_20_15_15,critical_selected_error_upper,1,118,0.7,0.0,0,0.000462962962962963,0.06299498056426614,true
Tox21_SR_ARE,random_grouped,103,50_20_15_15,critical_selected_error_upper,1,118,0.7,0.02,2,0.000462962962962963,0.09858465471068509,true
Tox21_SR_ARE,random_grouped,103,50_20_15_15,critical_selected_error_upper,1,118,0.7,0.05,6,0.000462962962962963,0.15356895474833146,false
Tox21_SR_ARE,random_grouped,103,50_20_15_15,critical_selected_error_upper,1,118,0.7,0.1,12,0.000462962962962963,0.2238383614789001,false
Tox21_SR_ARE,random_grouped,103,50_20_15_15,critical_selected_error_upper,1,135,0.8,0.0,0,0.000462962962962963,0.055286019055404506,true
Tox21_SR_ARE,random_grouped,103,50_20_15_15,critical_selected_error_upper,1,135,0.8,0.02,3,0.000462962962962963,0.0997725924944382,true
Tox21_SR_ARE,random_grouped,103,50_20_15_15,critical_selected_error_upper,1,135,0.8,0.05,7,0.000462962962962963,0.14615156333826254,false
Tox21_SR_ARE,random_grouped,103,50_20_15_15,critical_selected_error_upper,1,135,0.8,0.1,14,0.000462962962962963,0.21673224809899916,false
Tox21_SR_ARE,random_grouped,103,50_20_15_15,critical_selected_error_upper,1,152,0.9,0.0,0,0.000462962962962963,0.04925772737853011,true
Tox21_SR_ARE,random_grouped,103,50_20_15_15,critical_selected_error_upper,1,152,0.9,0.02,3,0.000462962962962963,0.08901839101278258,true
Tox21_SR_ARE,random_grouped,103,50_20_15_15,critical_selected_error_upper,1,152,0.9,0.05,8,0.000462962962962963,0.14012989114885915,false
Tox21_SR_ARE,random_grouped,103,50_20_15_15,critical_selected_error_upper,1,152,0.9,0.1,15,0.000462962962962963,0.20242749373647279,false
Tox21_SR_ARE,random_grouped,103,50_20_15_15,critical_selected_error_upper,1,169,1.0,0.0,0,0.000462962962962963,0.044414602836256624,true
Tox21_SR_ARE,random_grouped,103,50_20_15_15,critical_selected_error_upper,1,169,1.0,0.02,3,0.000462962962962963,0.0803558380587037,true
Tox21_SR_ARE,random_grouped,103,50_20_15_15,critical_selected_error_upper,1,169,1.0,0.05,8,0.000462962962962963,0.12663875670810268,false
Tox21_SR_ARE,random_grouped,103,50_20_15_15,critical_selected_error_upper,1,169,1.0,0.1,17,0.000462962962962963,0.1983774270690229,false
Tox21_SR_ARE,random_grouped,104,50_20_15_15,class_retention_lower,0,951,,0.5,476,0.000462962962962963,0.44646711466157546,false
Tox21_SR_ARE,random_grouped,104,50_20_15_15,class_retention_lower,0,951,,0.6,571,0.000462962962962963,0.5466379401972622,true
Tox21_SR_ARE,random_grouped,104,50_20_15_15,class_retention_lower,0,951,,0.7,666,0.000462962962962963,0.6491021645877773,true
Tox21_SR_ARE,random_grouped,104,50_20_15_15,class_retention_lower,0,951,,0.8,761,0.000462962962962963,0.7543971860287106,true
Tox21_SR_ARE,random_grouped,104,50_20_15_15,class_retention_lower,0,951,,0.9,856,0.000462962962962963,0.864116534797405,true
Tox21_SR_ARE,random_grouped,104,50_20_15_15,class_retention_lower,0,951,,1.0,951,0.000462962962962963,0.991959039677579,true
Tox21_SR_ARE,random_grouped,104,50_20_15_15,class_retention_lower,1,169,,0.5,84,0.000462962962962963,0.36918400022083736,false
Tox21_SR_ARE,random_grouped,104,50_20_15_15,class_retention_lower,1,169,,0.6,101,0.000462962962962963,0.4675424417040409,false
Tox21_SR_ARE,random_grouped,104,50_20_15_15,class_retention_lower,1,169,,0.7,118,0.000462962962962963,0.5712251979884353,true
Tox21_SR_ARE,random_grouped,104,50_20_15_15,class_retention_lower,1,169,,0.8,135,0.000462962962962963,0.6814203346009904,true
Tox21_SR_ARE,random_grouped,104,50_20_15_15,class_retention_lower,1,169,,0.9,152,0.000462962962962963,0.8016225729309764,true
Tox21_SR_ARE,random_grouped,104,50_20_15_15,class_retention_lower,1,169,,1.0,169,0.000462962962962963,0.9555853971637429,true
Tox21_SR_ARE,random_grouped,104,50_20_15_15,critical_selected_error_upper,1,84,0.5,0.0,0,0.000462962962962963,0.08735028606050671,true
Tox21_SR_ARE,random_grouped,104,50_20_15_15,critical_selected_error_upper,1,84,0.5,0.02,2,0.000462962962962963,0.13611824179519855,false
Tox21_SR_ARE,random_grouped,104,50_20_15_15,critical_selected_error_upper,1,84,0.5,0.05,4,0.000462962962962963,0.1754493837831994,false
Tox21_SR_ARE,random_grouped,104,50_20_15_15,critical_selected_error_upper,1,84,0.5,0.1,8,0.000462962962962963,0.24394080177276042,false
Tox21_SR_ARE,random_grouped,104,50_20_15_15,critical_selected_error_upper,1,101,0.6,0.0,0,0.000462962962962963,0.07320089350691862,true
Tox21_SR_ARE,random_grouped,104,50_20_15_15,critical_selected_error_upper,1,101,0.6,0.02,2,0.000462962962962963,0.1143537744741387,false
Tox21_SR_ARE,random_grouped,104,50_20_15_15,critical_selected_error_upper,1,101,0.6,0.05,5,0.000462962962962963,0.16298857905278785,false
Tox21_SR_ARE,random_grouped,104,50_20_15_15,critical_selected_error_upper,1,101,0.6,0.1,10,0.000462962962962963,0.23264505469439306,false
Tox21_SR_ARE,random_grouped,104,50_20_15_15,critical_selected_error_upper,1,118,0.7,0.0,0,0.000462962962962963,0.06299498056426614,true
Tox21_SR_ARE,random_grouped,104,50_20_15_15,critical_selected_error_upper,1,118,0.7,0.02,2,0.000462962962962963,0.09858465471068509,true
Tox21_SR_ARE,random_grouped,104,50_20_15_15,critical_selected_error_upper,1,118,0.7,0.05,6,0.000462962962962963,0.15356895474833146,false
Tox21_SR_ARE,random_grouped,104,50_20_15_15,critical_selected_error_upper,1,118,0.7,0.1,12,0.000462962962962963,0.2238383614789001,false
Tox21_SR_ARE,random_grouped,104,50_20_15_15,critical_selected_error_upper,1,135,0.8,0.0,0,0.000462962962962963,0.055286019055404506,true
Tox21_SR_ARE,random_grouped,104,50_20_15_15,critical_selected_error_upper,1,135,0.8,0.02,3,0.000462962962962963,0.0997725924944382,true
Tox21_SR_ARE,random_grouped,104,50_20_15_15,critical_selected_error_upper,1,135,0.8,0.05,7,0.000462962962962963,0.14615156333826254,false
Tox21_SR_ARE,random_grouped,104,50_20_15_15,critical_selected_error_upper,1,135,0.8,0.1,14,0.000462962962962963,0.21673224809899916,false
Tox21_SR_ARE,random_grouped,104,50_20_15_15,critical_selected_error_upper,1,152,0.9,0.0,0,0.000462962962962963,0.04925772737853011,true
Tox21_SR_ARE,random_grouped,104,50_20_15_15,critical_selected_error_upper,1,152,0.9,0.02,3,0.000462962962962963,0.08901839101278258,true
Tox21_SR_ARE,random_grouped,104,50_20_15_15,critical_selected_error_upper,1,152,0.9,0.05,8,0.000462962962962963,0.14012989114885915,false
Tox21_SR_ARE,random_grouped,104,50_20_15_15,critical_selected_error_upper,1,152,0.9,0.1,15,0.000462962962962963,0.20242749373647279,false
Tox21_SR_ARE,random_grouped,104,50_20_15_15,critical_selected_error_upper,1,169,1.0,0.0,0,0.000462962962962963,0.044414602836256624,true
Tox21_SR_ARE,random_grouped,104,50_20_15_15,critical_selected_error_upper,1,169,1.0,0.02,3,0.000462962962962963,0.0803558380587037,true
Tox21_SR_ARE,random_grouped,104,50_20_15_15,critical_selected_error_upper,1,169,1.0,0.05,8,0.000462962962962963,0.12663875670810268,false
Tox21_SR_ARE,random_grouped,104,50_20_15_15,critical_selected_error_upper,1,169,1.0,0.1,17,0.000462962962962963,0.1983774270690229,false
Tox21_SR_ARE,random_grouped,105,50_20_15_15,class_retention_lower,0,951,,0.5,476,0.000462962962962963,0.44646711466157546,false
Tox21_SR_ARE,random_grouped,105,50_20_15_15,class_retention_lower,0,951,,0.6,571,0.000462962962962963,0.5466379401972622,true
Tox21_SR_ARE,random_grouped,105,50_20_15_15,class_retention_lower,0,951,,0.7,666,0.000462962962962963,0.6491021645877773,true
Tox21_SR_ARE,random_grouped,105,50_20_15_15,class_retention_lower,0,951,,0.8,761,0.000462962962962963,0.7543971860287106,true
Tox21_SR_ARE,random_grouped,105,50_20_15_15,class_retention_lower,0,951,,0.9,856,0.000462962962962963,0.864116534797405,true
Tox21_SR_ARE,random_grouped,105,50_20_15_15,class_retention_lower,0,951,,1.0,951,0.000462962962962963,0.991959039677579,true
Tox21_SR_ARE,random_grouped,105,50_20_15_15,class_retention_lower,1,169,,0.5,84,0.000462962962962963,0.36918400022083736,false
Tox21_SR_ARE,random_grouped,105,50_20_15_15,class_retention_lower,1,169,,0.6,101,0.000462962962962963,0.4675424417040409,false
Tox21_SR_ARE,random_grouped,105,50_20_15_15,class_retention_lower,1,169,,0.7,118,0.000462962962962963,0.5712251979884353,true
Tox21_SR_ARE,random_grouped,105,50_20_15_15,class_retention_lower,1,169,,0.8,135,0.000462962962962963,0.6814203346009904,true
Tox21_SR_ARE,random_grouped,105,50_20_15_15,class_retention_lower,1,169,,0.9,152,0.000462962962962963,0.8016225729309764,true
Tox21_SR_ARE,random_grouped,105,50_20_15_15,class_retention_lower,1,169,,1.0,169,0.000462962962962963,0.9555853971637429,true
Tox21_SR_ARE,random_grouped,105,50_20_15_15,critical_selected_error_upper,1,84,0.5,0.0,0,0.000462962962962963,0.08735028606050671,true
Tox21_SR_ARE,random_grouped,105,50_20_15_15,critical_selected_error_upper,1,84,0.5,0.02,2,0.000462962962962963,0.13611824179519855,false
Tox21_SR_ARE,random_grouped,105,50_20_15_15,critical_selected_error_upper,1,84,0.5,0.05,4,0.000462962962962963,0.1754493837831994,false
Tox21_SR_ARE,random_grouped,105,50_20_15_15,critical_selected_error_upper,1,84,0.5,0.1,8,0.000462962962962963,0.24394080177276042,false
Tox21_SR_ARE,random_grouped,105,50_20_15_15,critical_selected_error_upper,1,101,0.6,0.0,0,0.000462962962962963,0.07320089350691862,true
Tox21_SR_ARE,random_grouped,105,50_20_15_15,critical_selected_error_upper,1,101,0.6,0.02,2,0.000462962962962963,0.1143537744741387,false
Tox21_SR_ARE,random_grouped,105,50_20_15_15,critical_selected_error_upper,1,101,0.6,0.05,5,0.000462962962962963,0.16298857905278785,false
Tox21_SR_ARE,random_grouped,105,50_20_15_15,critical_selected_error_upper,1,101,0.6,0.1,10,0.000462962962962963,0.23264505469439306,false
Tox21_SR_ARE,random_grouped,105,50_20_15_15,critical_selected_error_upper,1,118,0.7,0.0,0,0.000462962962962963,0.06299498056426614,true
Tox21_SR_ARE,random_grouped,105,50_20_15_15,critical_selected_error_upper,1,118,0.7,0.02,2,0.000462962962962963,0.09858465471068509,true
Tox21_SR_ARE,random_grouped,105,50_20_15_15,critical_selected_error_upper,1,118,0.7,0.05,6,0.000462962962962963,0.15356895474833146,false
Tox21_SR_ARE,random_grouped,105,50_20_15_15,critical_selected_error_upper,1,118,0.7,0.1,12,0.000462962962962963,0.2238383614789001,false
Tox21_SR_ARE,random_grouped,105,50_20_15_15,critical_selected_error_upper,1,135,0.8,0.0,0,0.000462962962962963,0.055286019055404506,true
Tox21_SR_ARE,random_grouped,105,50_20_15_15,critical_selected_error_upper,1,135,0.8,0.02,3,0.000462962962962963,0.0997725924944382,true
Tox21_SR_ARE,random_grouped,105,50_20_15_15,critical_selected_error_upper,1,135,0.8,0.05,7,0.000462962962962963,0.14615156333826254,false
Tox21_SR_ARE,random_grouped,105,50_20_15_15,critical_selected_error_upper,1,135,0.8,0.1,14,0.000462962962962963,0.21673224809899916,false
Tox21_SR_ARE,random_grouped,105,50_20_15_15,critical_selected_error_upper,1,152,0.9,0.0,0,0.000462962962962963,0.04925772737853011,true
Tox21_SR_ARE,random_grouped,105,50_20_15_15,critical_selected_error_upper,1,152,0.9,0.02,3,0.000462962962962963,0.08901839101278258,true
Tox21_SR_ARE,random_grouped,105,50_20_15_15,critical_selected_error_upper,1,152,0.9,0.05,8,0.000462962962962963,0.14012989114885915,false
Tox21_SR_ARE,random_grouped,105,50_20_15_15,critical_selected_error_upper,1,152,0.9,0.1,15,0.000462962962962963,0.20242749373647279,false
Tox21_SR_ARE,random_grouped,105,50_20_15_15,critical_selected_error_upper,1,169,1.0,0.0,0,0.000462962962962963,0.044414602836256624,true
Tox21_SR_ARE,random_grouped,105,50_20_15_15,critical_selected_error_upper,1,169,1.0,0.02,3,0.000462962962962963,0.0803558380587037,true
Tox21_SR_ARE,random_grouped,105,50_20_15_15,critical_selected_error_upper,1,169,1.0,0.05,8,0.000462962962962963,0.12663875670810268,false
Tox21_SR_ARE,random_grouped,105,50_20_15_15,critical_selected_error_upper,1,169,1.0,0.1,17,0.000462962962962963,0.1983774270690229,false
Tox21_SR_ARE,strict_scaffold,101,50_20_15_15,class_retention_lower,0,1065,,0.5,532,0.000462962962962963,0.44846416720061943,false
Tox21_SR_ARE,strict_scaffold,101,50_20_15_15,class_retention_lower,0,1065,,0.6,639,0.000462962962962963,0.5492247306609812,true
Tox21_SR_ARE,strict_scaffold,101,50_20_15_15,class_retention_lower,0,1065,,0.7,746,0.000462962962962963,0.6521782576050458,true
Tox21_SR_ARE,strict_scaffold,101,50_20_15_15,class_retention_lower,0,1065,,0.8,852,0.000462962962962963,0.7568389086860385,true
Tox21_SR_ARE,strict_scaffold,101,50_20_15_15,class_retention_lower,0,1065,,0.9,958,0.000462962962962963,0.8656475434722799,true
Tox21_SR_ARE,strict_scaffold,101,50_20_15_15,class_retention_lower,0,1065,,1.0,1065,0.000462962962962963,0.9928166628867474,true
Tox21_SR_ARE,strict_scaffold,101,50_20_15_15,class_retention_lower,1,131,,0.5,66,0.000462962962962963,0.3585472795036061,false
Tox21_SR_ARE,strict_scaffold,101,50_20_15_15,class_retention_lower,1,131,,0.6,79,0.000462962962962963,0.45490871352969436,false
Tox21_SR_ARE,strict_scaffold,101,50_20_15_15,class_retention_lower,1,131,,0.7,92,0.000462962962962963,0.5571273720300696,true
Tox21_SR_ARE,strict_scaffold,101,50_20_15_15,class_retention_lower,1,131,,0.8,105,0.000462962962962963,0.6665294288087434,true
Tox21_SR_ARE,strict_scaffold,101,50_20_15_15,class_retention_lower,1,131,,0.9,118,0.000462962962962963,0.7869540996228168,true
Tox21_SR_ARE,strict_scaffold,101,50_20_15_15,class_retention_lower,1,131,,1.0,131,0.000462962962962963,0.9430748312498698,true
Tox21_SR_ARE,strict_scaffold,101,50_20_15_15,critical_selected_error_upper,1,65,0.5,0.0,0,0.000462962962962963,0.11141145260569311,false
Tox21_SR_ARE,strict_scaffold,101,50_20_15_15,critical_selected_error_upper,1,65,0.5,0.02,1,0.000462962962962963,0.1447408595200341,false
Tox21_SR_ARE,strict_scaffold,101,50_20_15_15,critical_selected_error_upper,1,65,0.5,0.05,3,0.000462962962962963,0.1983440478917535,false
Tox21_SR_ARE,strict_scaffold,101,50_20_15_15,critical_selected_error_upper,1,65,0.5,0.1,6,0.000462962962962963,0.26628851368179307,false
Tox21_SR_ARE,strict_scaffold,101,50_20_15_15,critical_selected_error_upper,1,78,0.6,0.0,0,0.000462962962962963,0.09374463011874166,true
Tox21_SR_ARE,strict_scaffold,101,50_20_15_15,critical_selected_error_upper,1,78,0.6,0.02,2,0.000462962962962963,0.14591612040881052,false
Tox21_SR_ARE,strict_scaffold,101,50_20_15_15,critical_selected_error_upper,1,78,0.6,0.05,4,0.000462962962962963,0.18792737549937974,false
Tox21_SR_ARE,strict_scaffold,101,50_20_15_15,critical_selected_error_upper,1,78,0.6,0.1,8,0.000462962962962963,0.26095389771989175,false
Tox21_SR_ARE,strict_scaffold,101,50_20_15_15,critical_selected_error_upper,1,91,0.7,0.0,0,0.000462962962962963,0.08091082487823148,true
Tox21_SR_ARE,strict_scaffold,101,50_20_15_15,critical_selected_error_upper,1,91,0.7,0.02,2,0.000462962962962963,0.12622732822061117,false
Tox21_SR_ARE,strict_scaffold,101,50_20_15_15,critical_selected_error_upper,1,91,0.7,0.05,5,0.000462962962962963,0.17966801181101852,false
Tox21_SR_ARE,strict_scaffold,101,50_20_15_15,critical_selected_error_upper,1,91,0.7,0.1,9,0.000462962962962963,0.24150855113676112,false
Tox21_SR_ARE,strict_scaffold,101,50_20_15_15,critical_selected_error_upper,1,104,0.8,0.0,0,0.000462962962962963,0.07116634152180258,true
Tox21_SR_ARE,strict_scaffold,101,50_20_15_15,critical_selected_error_upper,1,104,0.8,0.02,2,0.000462962962962963,0.11121486996162783,false
Tox21_SR_ARE,strict_scaffold,101,50_20_15_15,critical_selected_error_upper,1,104,0.8,0.05,5,0.000462962962962963,0.15857098017191074,false
Tox21_SR_ARE,strict_scaffold,101,50_20_15_15,critical_selected_error_upper,1,104,0.8,0.1,10,0.000462962962962963,0.226442604622214,false
Tox21_SR_ARE,strict_scaffold,101,50_20_15_15,critical_selected_error_upper,1,117,0.9,0.0,0,0.000462962962962963,0.06351592773018665,true
Tox21_SR_ARE,strict_scaffold,101,50_20_15_15,critical_selected_error_upper,1,117,0.9,0.02,2,0.000462962962962963,0.09939098140162161,true
Tox21_SR_ARE,strict_scaffold,101,50_20_15_15,critical_selected_error_upper,1,117,0.9,0.05,6,0.000462962962962963,0.154807254182905,false
Tox21_SR_ARE,strict_scaffold,101,50_20_15_15,critical_selected_error_upper,1,117,0.9,0.1,12,0.000462962962962963,0.22561425642943464,false
Tox21_SR_ARE,strict_scaffold,101,50_20_15_15,critical_selected_error_upper,1,131,1.0,0.0,0,0.000462962962962963,0.05692516875012966,true
Tox21_SR_ARE,strict_scaffold,101,50_20_15_15,critical_selected_error_upper,1,131,1.0,0.02,3,0.000462962962962963,0.10269132348709263,false
Tox21_SR_ARE,strict_scaffold,101,50_20_15_15,critical_selected_error_upper,1,131,1.0,0.05,7,0.000462962962962963,0.15037797680967363,false
Tox21_SR_ARE,strict_scaffold,101,50_20_15_15,critical_selected_error_upper,1,131,1.0,0.1,13,0.000462962962962963,0.21304590037718238,false
Tox21_SR_ARE,strict_scaffold,102,50_20_15_15,class_retention_lower,0,1065,,0.5,532,0.000462962962962963,0.44846416720061943,false
Tox21_SR_ARE,strict_scaffold,102,50_20_15_15,class_retention_lower,0,1065,,0.6,639,0.000462962962962963,0.5492247306609812,true
Tox21_SR_ARE,strict_scaffold,102,50_20_15_15,class_retention_lower,0,1065,,0.7,746,0.000462962962962963,0.6521782576050458,true
Tox21_SR_ARE,strict_scaffold,102,50_20_15_15,class_retention_lower,0,1065,,0.8,852,0.000462962962962963,0.7568389086860385,true
Tox21_SR_ARE,strict_scaffold,102,50_20_15_15,class_retention_lower,0,1065,,0.9,958,0.000462962962962963,0.8656475434722799,true
Tox21_SR_ARE,strict_scaffold,102,50_20_15_15,class_retention_lower,0,1065,,1.0,1065,0.000462962962962963,0.9928166628867474,true
Tox21_SR_ARE,strict_scaffold,102,50_20_15_15,class_retention_lower,1,131,,0.5,66,0.000462962962962963,0.3585472795036061,false
Tox21_SR_ARE,strict_scaffold,102,50_20_15_15,class_retention_lower,1,131,,0.6,79,0.000462962962962963,0.45490871352969436,false
Tox21_SR_ARE,strict_scaffold,102,50_20_15_15,class_retention_lower,1,131,,0.7,92,0.000462962962962963,0.5571273720300696,true
Tox21_SR_ARE,strict_scaffold,102,50_20_15_15,class_retention_lower,1,131,,0.8,105,0.000462962962962963,0.6665294288087434,true
Tox21_SR_ARE,strict_scaffold,102,50_20_15_15,class_retention_lower,1,131,,0.9,118,0.000462962962962963,0.7869540996228168,true
Tox21_SR_ARE,strict_scaffold,102,50_20_15_15,class_retention_lower,1,131,,1.0,131,0.000462962962962963,0.9430748312498698,true
Tox21_SR_ARE,strict_scaffold,102,50_20_15_15,critical_selected_error_upper,1,65,0.5,0.0,0,0.000462962962962963,0.11141145260569311,false
Tox21_SR_ARE,strict_scaffold,102,50_20_15_15,critical_selected_error_upper,1,65,0.5,0.02,1,0.000462962962962963,0.1447408595200341,false
Tox21_SR_ARE,strict_scaffold,102,50_20_15_15,critical_selected_error_upper,1,65,0.5,0.05,3,0.000462962962962963,0.1983440478917535,false
Tox21_SR_ARE,strict_scaffold,102,50_20_15_15,critical_selected_error_upper,1,65,0.5,0.1,6,0.000462962962962963,0.26628851368179307,false
Tox21_SR_ARE,strict_scaffold,102,50_20_15_15,critical_selected_error_upper,1,78,0.6,0.0,0,0.000462962962962963,0.09374463011874166,true
Tox21_SR_ARE,strict_scaffold,102,50_20_15_15,critical_selected_error_upper,1,78,0.6,0.02,2,0.000462962962962963,0.14591612040881052,false
Tox21_SR_ARE,strict_scaffold,102,50_20_15_15,critical_selected_error_upper,1,78,0.6,0.05,4,0.000462962962962963,0.18792737549937974,false
Tox21_SR_ARE,strict_scaffold,102,50_20_15_15,critical_selected_error_upper,1,78,0.6,0.1,8,0.000462962962962963,0.26095389771989175,false
Tox21_SR_ARE,strict_scaffold,102,50_20_15_15,critical_selected_error_upper,1,91,0.7,0.0,0,0.000462962962962963,0.08091082487823148,true
Tox21_SR_ARE,strict_scaffold,102,50_20_15_15,critical_selected_error_upper,1,91,0.7,0.02,2,0.000462962962962963,0.12622732822061117,false
Tox21_SR_ARE,strict_scaffold,102,50_20_15_15,critical_selected_error_upper,1,91,0.7,0.05,5,0.000462962962962963,0.17966801181101852,false
Tox21_SR_ARE,strict_scaffold,102,50_20_15_15,critical_selected_error_upper,1,91,0.7,0.1,9,0.000462962962962963,0.24150855113676112,false
Tox21_SR_ARE,strict_scaffold,102,50_20_15_15,critical_selected_error_upper,1,104,0.8,0.0,0,0.000462962962962963,0.07116634152180258,true
Tox21_SR_ARE,strict_scaffold,102,50_20_15_15,critical_selected_error_upper,1,104,0.8,0.02,2,0.000462962962962963,0.11121486996162783,false
Tox21_SR_ARE,strict_scaffold,102,50_20_15_15,critical_selected_error_upper,1,104,0.8,0.05,5,0.000462962962962963,0.15857098017191074,false
Tox21_SR_ARE,strict_scaffold,102,50_20_15_15,critical_selected_error_upper,1,104,0.8,0.1,10,0.000462962962962963,0.226442604622214,false
Tox21_SR_ARE,strict_scaffold,102,50_20_15_15,critical_selected_error_upper,1,117,0.9,0.0,0,0.000462962962962963,0.06351592773018665,true
Tox21_SR_ARE,strict_scaffold,102,50_20_15_15,critical_selected_error_upper,1,117,0.9,0.02,2,0.000462962962962963,0.09939098140162161,true
Tox21_SR_ARE,strict_scaffold,102,50_20_15_15,critical_selected_error_upper,1,117,0.9,0.05,6,0.000462962962962963,0.154807254182905,false
Tox21_SR_ARE,strict_scaffold,102,50_20_15_15,critical_selected_error_upper,1,117,0.9,0.1,12,0.000462962962962963,0.22561425642943464,false
Tox21_SR_ARE,strict_scaffold,102,50_20_15_15,critical_selected_error_upper,1,131,1.0,0.0,0,0.000462962962962963,0.05692516875012966,true
Tox21_SR_ARE,strict_scaffold,102,50_20_15_15,critical_selected_error_upper,1,131,1.0,0.02,3,0.000462962962962963,0.10269132348709263,false
Tox21_SR_ARE,strict_scaffold,102,50_20_15_15,critical_selected_error_upper,1,131,1.0,0.05,7,0.000462962962962963,0.15037797680967363,false
Tox21_SR_ARE,strict_scaffold,102,50_20_15_15,critical_selected_error_upper,1,131,1.0,0.1,13,0.000462962962962963,0.21304590037718238,false
Tox21_SR_ARE,strict_scaffold,103,50_20_15_15,class_retention_lower,0,1065,,0.5,532,0.000462962962962963,0.44846416720061943,false
Tox21_SR_ARE,strict_scaffold,103,50_20_15_15,class_retention_lower,0,1065,,0.6,639,0.000462962962962963,0.5492247306609812,true
Tox21_SR_ARE,strict_scaffold,103,50_20_15_15,class_retention_lower,0,1065,,0.7,746,0.000462962962962963,0.6521782576050458,true
Tox21_SR_ARE,strict_scaffold,103,50_20_15_15,class_retention_lower,0,1065,,0.8,852,0.000462962962962963,0.7568389086860385,true
Tox21_SR_ARE,strict_scaffold,103,50_20_15_15,class_retention_lower,0,1065,,0.9,958,0.000462962962962963,0.8656475434722799,true
Tox21_SR_ARE,strict_scaffold,103,50_20_15_15,class_retention_lower,0,1065,,1.0,1065,0.000462962962962963,0.9928166628867474,true
Tox21_SR_ARE,strict_scaffold,103,50_20_15_15,class_retention_lower,1,131,,0.5,66,0.000462962962962963,0.3585472795036061,false
Tox21_SR_ARE,strict_scaffold,103,50_20_15_15,class_retention_lower,1,131,,0.6,79,0.000462962962962963,0.45490871352969436,false
Tox21_SR_ARE,strict_scaffold,103,50_20_15_15,class_retention_lower,1,131,,0.7,92,0.000462962962962963,0.5571273720300696,true
Tox21_SR_ARE,strict_scaffold,103,50_20_15_15,class_retention_lower,1,131,,0.8,105,0.000462962962962963,0.6665294288087434,true
Tox21_SR_ARE,strict_scaffold,103,50_20_15_15,class_retention_lower,1,131,,0.9,118,0.000462962962962963,0.7869540996228168,true
Tox21_SR_ARE,strict_scaffold,103,50_20_15_15,class_retention_lower,1,131,,1.0,131,0.000462962962962963,0.9430748312498698,true
Tox21_SR_ARE,strict_scaffold,103,50_20_15_15,critical_selected_error_upper,1,65,0.5,0.0,0,0.000462962962962963,0.11141145260569311,false
Tox21_SR_ARE,strict_scaffold,103,50_20_15_15,critical_selected_error_upper,1,65,0.5,0.02,1,0.000462962962962963,0.1447408595200341,false
Tox21_SR_ARE,strict_scaffold,103,50_20_15_15,critical_selected_error_upper,1,65,0.5,0.05,3,0.000462962962962963,0.1983440478917535,false
Tox21_SR_ARE,strict_scaffold,103,50_20_15_15,critical_selected_error_upper,1,65,0.5,0.1,6,0.000462962962962963,0.26628851368179307,false
Tox21_SR_ARE,strict_scaffold,103,50_20_15_15,critical_selected_error_upper,1,78,0.6,0.0,0,0.000462962962962963,0.09374463011874166,true
Tox21_SR_ARE,strict_scaffold,103,50_20_15_15,critical_selected_error_upper,1,78,0.6,0.02,2,0.000462962962962963,0.14591612040881052,false
Tox21_SR_ARE,strict_scaffold,103,50_20_15_15,critical_selected_error_upper,1,78,0.6,0.05,4,0.000462962962962963,0.18792737549937974,false
Tox21_SR_ARE,strict_scaffold,103,50_20_15_15,critical_selected_error_upper,1,78,0.6,0.1,8,0.000462962962962963,0.26095389771989175,false
Tox21_SR_ARE,strict_scaffold,103,50_20_15_15,critical_selected_error_upper,1,91,0.7,0.0,0,0.000462962962962963,0.08091082487823148,true
Tox21_SR_ARE,strict_scaffold,103,50_20_15_15,critical_selected_error_upper,1,91,0.7,0.02,2,0.000462962962962963,0.12622732822061117,false
Tox21_SR_ARE,strict_scaffold,103,50_20_15_15,critical_selected_error_upper,1,91,0.7,0.05,5,0.000462962962962963,0.17966801181101852,false
Tox21_SR_ARE,strict_scaffold,103,50_20_15_15,critical_selected_error_upper,1,91,0.7,0.1,9,0.000462962962962963,0.24150855113676112,false
Tox21_SR_ARE,strict_scaffold,103,50_20_15_15,critical_selected_error_upper,1,104,0.8,0.0,0,0.000462962962962963,0.07116634152180258,true
Tox21_SR_ARE,strict_scaffold,103,50_20_15_15,critical_selected_error_upper,1,104,0.8,0.02,2,0.000462962962962963,0.11121486996162783,false
Tox21_SR_ARE,strict_scaffold,103,50_20_15_15,critical_selected_error_upper,1,104,0.8,0.05,5,0.000462962962962963,0.15857098017191074,false
Tox21_SR_ARE,strict_scaffold,103,50_20_15_15,critical_selected_error_upper,1,104,0.8,0.1,10,0.000462962962962963,0.226442604622214,false
Tox21_SR_ARE,strict_scaffold,103,50_20_15_15,critical_selected_error_upper,1,117,0.9,0.0,0,0.000462962962962963,0.06351592773018665,true
Tox21_SR_ARE,strict_scaffold,103,50_20_15_15,critical_selected_error_upper,1,117,0.9,0.02,2,0.000462962962962963,0.09939098140162161,true
Tox21_SR_ARE,strict_scaffold,103,50_20_15_15,critical_selected_error_upper,1,117,0.9,0.05,6,0.000462962962962963,0.154807254182905,false
Tox21_SR_ARE,strict_scaffold,103,50_20_15_15,critical_selected_error_upper,1,117,0.9,0.1,12,0.000462962962962963,0.22561425642943464,false
Tox21_SR_ARE,strict_scaffold,103,50_20_15_15,critical_selected_error_upper,1,131,1.0,0.0,0,0.000462962962962963,0.05692516875012966,true
Tox21_SR_ARE,strict_scaffold,103,50_20_15_15,critical_selected_error_upper,1,131,1.0,0.02,3,0.000462962962962963,0.10269132348709263,false
Tox21_SR_ARE,strict_scaffold,103,50_20_15_15,critical_selected_error_upper,1,131,1.0,0.05,7,0.000462962962962963,0.15037797680967363,false
Tox21_SR_ARE,strict_scaffold,103,50_20_15_15,critical_selected_error_upper,1,131,1.0,0.1,13,0.000462962962962963,0.21304590037718238,false
Tox21_SR_ARE,strict_scaffold,104,50_20_15_15,class_retention_lower,0,1065,,0.5,532,0.000462962962962963,0.44846416720061943,false
Tox21_SR_ARE,strict_scaffold,104,50_20_15_15,class_retention_lower,0,1065,,0.6,639,0.000462962962962963,0.5492247306609812,true
Tox21_SR_ARE,strict_scaffold,104,50_20_15_15,class_retention_lower,0,1065,,0.7,746,0.000462962962962963,0.6521782576050458,true
Tox21_SR_ARE,strict_scaffold,104,50_20_15_15,class_retention_lower,0,1065,,0.8,852,0.000462962962962963,0.7568389086860385,true
Tox21_SR_ARE,strict_scaffold,104,50_20_15_15,class_retention_lower,0,1065,,0.9,958,0.000462962962962963,0.8656475434722799,true
Tox21_SR_ARE,strict_scaffold,104,50_20_15_15,class_retention_lower,0,1065,,1.0,1065,0.000462962962962963,0.9928166628867474,true
Tox21_SR_ARE,strict_scaffold,104,50_20_15_15,class_retention_lower,1,131,,0.5,66,0.000462962962962963,0.3585472795036061,false
Tox21_SR_ARE,strict_scaffold,104,50_20_15_15,class_retention_lower,1,131,,0.6,79,0.000462962962962963,0.45490871352969436,false
Tox21_SR_ARE,strict_scaffold,104,50_20_15_15,class_retention_lower,1,131,,0.7,92,0.000462962962962963,0.5571273720300696,true
Tox21_SR_ARE,strict_scaffold,104,50_20_15_15,class_retention_lower,1,131,,0.8,105,0.000462962962962963,0.6665294288087434,true
Tox21_SR_ARE,strict_scaffold,104,50_20_15_15,class_retention_lower,1,131,,0.9,118,0.000462962962962963,0.7869540996228168,true
Tox21_SR_ARE,strict_scaffold,104,50_20_15_15,class_retention_lower,1,131,,1.0,131,0.000462962962962963,0.9430748312498698,true
Tox21_SR_ARE,strict_scaffold,104,50_20_15_15,critical_selected_error_upper,1,65,0.5,0.0,0,0.000462962962962963,0.11141145260569311,false
Tox21_SR_ARE,strict_scaffold,104,50_20_15_15,critical_selected_error_upper,1,65,0.5,0.02,1,0.000462962962962963,0.1447408595200341,false
Tox21_SR_ARE,strict_scaffold,104,50_20_15_15,critical_selected_error_upper,1,65,0.5,0.05,3,0.000462962962962963,0.1983440478917535,false
Tox21_SR_ARE,strict_scaffold,104,50_20_15_15,critical_selected_error_upper,1,65,0.5,0.1,6,0.000462962962962963,0.26628851368179307,false
Tox21_SR_ARE,strict_scaffold,104,50_20_15_15,critical_selected_error_upper,1,78,0.6,0.0,0,0.000462962962962963,0.09374463011874166,true
Tox21_SR_ARE,strict_scaffold,104,50_20_15_15,critical_selected_error_upper,1,78,0.6,0.02,2,0.000462962962962963,0.14591612040881052,false
Tox21_SR_ARE,strict_scaffold,104,50_20_15_15,critical_selected_error_upper,1,78,0.6,0.05,4,0.000462962962962963,0.18792737549937974,false
Tox21_SR_ARE,strict_scaffold,104,50_20_15_15,critical_selected_error_upper,1,78,0.6,0.1,8,0.000462962962962963,0.26095389771989175,false
Tox21_SR_ARE,strict_scaffold,104,50_20_15_15,critical_selected_error_upper,1,91,0.7,0.0,0,0.000462962962962963,0.08091082487823148,true
Tox21_SR_ARE,strict_scaffold,104,50_20_15_15,critical_selected_error_upper,1,91,0.7,0.02,2,0.000462962962962963,0.12622732822061117,false
Tox21_SR_ARE,strict_scaffold,104,50_20_15_15,critical_selected_error_upper,1,91,0.7,0.05,5,0.000462962962962963,0.17966801181101852,false
Tox21_SR_ARE,strict_scaffold,104,50_20_15_15,critical_selected_error_upper,1,91,0.7,0.1,9,0.000462962962962963,0.24150855113676112,false
Tox21_SR_ARE,strict_scaffold,104,50_20_15_15,critical_selected_error_upper,1,104,0.8,0.0,0,0.000462962962962963,0.07116634152180258,true
Tox21_SR_ARE,strict_scaffold,104,50_20_15_15,critical_selected_error_upper,1,104,0.8,0.02,2,0.000462962962962963,0.11121486996162783,false
Tox21_SR_ARE,strict_scaffold,104,50_20_15_15,critical_selected_error_upper,1,104,0.8,0.05,5,0.000462962962962963,0.15857098017191074,false
Tox21_SR_ARE,strict_scaffold,104,50_20_15_15,critical_selected_error_upper,1,104,0.8,0.1,10,0.000462962962962963,0.226442604622214,false
Tox21_SR_ARE,strict_scaffold,104,50_20_15_15,critical_selected_error_upper,1,117,0.9,0.0,0,0.000462962962962963,0.06351592773018665,true
Tox21_SR_ARE,strict_scaffold,104,50_20_15_15,critical_selected_error_upper,1,117,0.9,0.02,2,0.000462962962962963,0.09939098140162161,true
Tox21_SR_ARE,strict_scaffold,104,50_20_15_15,critical_selected_error_upper,1,117,0.9,0.05,6,0.000462962962962963,0.154807254182905,false
Tox21_SR_ARE,strict_scaffold,104,50_20_15_15,critical_selected_error_upper,1,117,0.9,0.1,12,0.000462962962962963,0.22561425642943464,false
Tox21_SR_ARE,strict_scaffold,104,50_20_15_15,critical_selected_error_upper,1,131,1.0,0.0,0,0.000462962962962963,0.05692516875012966,true
Tox21_SR_ARE,strict_scaffold,104,50_20_15_15,critical_selected_error_upper,1,131,1.0,0.02,3,0.000462962962962963,0.10269132348709263,false
Tox21_SR_ARE,strict_scaffold,104,50_20_15_15,critical_selected_error_upper,1,131,1.0,0.05,7,0.000462962962962963,0.15037797680967363,false
Tox21_SR_ARE,strict_scaffold,104,50_20_15_15,critical_selected_error_upper,1,131,1.0,0.1,13,0.000462962962962963,0.21304590037718238,false
Tox21_SR_ARE,strict_scaffold,105,50_20_15_15,class_retention_lower,0,1065,,0.5,532,0.000462962962962963,0.44846416720061943,false
Tox21_SR_ARE,strict_scaffold,105,50_20_15_15,class_retention_lower,0,1065,,0.6,639,0.000462962962962963,0.5492247306609812,true
Tox21_SR_ARE,strict_scaffold,105,50_20_15_15,class_retention_lower,0,1065,,0.7,746,0.000462962962962963,0.6521782576050458,true
Tox21_SR_ARE,strict_scaffold,105,50_20_15_15,class_retention_lower,0,1065,,0.8,852,0.000462962962962963,0.7568389086860385,true
Tox21_SR_ARE,strict_scaffold,105,50_20_15_15,class_retention_lower,0,1065,,0.9,958,0.000462962962962963,0.8656475434722799,true
Tox21_SR_ARE,strict_scaffold,105,50_20_15_15,class_retention_lower,0,1065,,1.0,1065,0.000462962962962963,0.9928166628867474,true
Tox21_SR_ARE,strict_scaffold,105,50_20_15_15,class_retention_lower,1,131,,0.5,66,0.000462962962962963,0.3585472795036061,false
Tox21_SR_ARE,strict_scaffold,105,50_20_15_15,class_retention_lower,1,131,,0.6,79,0.000462962962962963,0.45490871352969436,false
Tox21_SR_ARE,strict_scaffold,105,50_20_15_15,class_retention_lower,1,131,,0.7,92,0.000462962962962963,0.5571273720300696,true
Tox21_SR_ARE,strict_scaffold,105,50_20_15_15,class_retention_lower,1,131,,0.8,105,0.000462962962962963,0.6665294288087434,true
Tox21_SR_ARE,strict_scaffold,105,50_20_15_15,class_retention_lower,1,131,,0.9,118,0.000462962962962963,0.7869540996228168,true
Tox21_SR_ARE,strict_scaffold,105,50_20_15_15,class_retention_lower,1,131,,1.0,131,0.000462962962962963,0.9430748312498698,true
Tox21_SR_ARE,strict_scaffold,105,50_20_15_15,critical_selected_error_upper,1,65,0.5,0.0,0,0.000462962962962963,0.11141145260569311,false
Tox21_SR_ARE,strict_scaffold,105,50_20_15_15,critical_selected_error_upper,1,65,0.5,0.02,1,0.000462962962962963,0.1447408595200341,false
Tox21_SR_ARE,strict_scaffold,105,50_20_15_15,critical_selected_error_upper,1,65,0.5,0.05,3,0.000462962962962963,0.1983440478917535,false
Tox21_SR_ARE,strict_scaffold,105,50_20_15_15,critical_selected_error_upper,1,65,0.5,0.1,6,0.000462962962962963,0.26628851368179307,false
Tox21_SR_ARE,strict_scaffold,105,50_20_15_15,critical_selected_error_upper,1,78,0.6,0.0,0,0.000462962962962963,0.09374463011874166,true
Tox21_SR_ARE,strict_scaffold,105,50_20_15_15,critical_selected_error_upper,1,78,0.6,0.02,2,0.000462962962962963,0.14591612040881052,false
Tox21_SR_ARE,strict_scaffold,105,50_20_15_15,critical_selected_error_upper,1,78,0.6,0.05,4,0.000462962962962963,0.18792737549937974,false
Tox21_SR_ARE,strict_scaffold,105,50_20_15_15,critical_selected_error_upper,1,78,0.6,0.1,8,0.000462962962962963,0.26095389771989175,false
Tox21_SR_ARE,strict_scaffold,105,50_20_15_15,critical_selected_error_upper,1,91,0.7,0.0,0,0.000462962962962963,0.08091082487823148,true
Tox21_SR_ARE,strict_scaffold,105,50_20_15_15,critical_selected_error_upper,1,91,0.7,0.02,2,0.000462962962962963,0.12622732822061117,false
Tox21_SR_ARE,strict_scaffold,105,50_20_15_15,critical_selected_error_upper,1,91,0.7,0.05,5,0.000462962962962963,0.17966801181101852,false
Tox21_SR_ARE,strict_scaffold,105,50_20_15_15,critical_selected_error_upper,1,91,0.7,0.1,9,0.000462962962962963,0.24150855113676112,false
Tox21_SR_ARE,strict_scaffold,105,50_20_15_15,critical_selected_error_upper,1,104,0.8,0.0,0,0.000462962962962963,0.07116634152180258,true
Tox21_SR_ARE,strict_scaffold,105,50_20_15_15,critical_selected_error_upper,1,104,0.8,0.02,2,0.000462962962962963,0.11121486996162783,false
Tox21_SR_ARE,strict_scaffold,105,50_20_15_15,critical_selected_error_upper,1,104,0.8,0.05,5,0.000462962962962963,0.15857098017191074,false
Tox21_SR_ARE,strict_scaffold,105,50_20_15_15,critical_selected_error_upper,1,104,0.8,0.1,10,0.000462962962962963,0.226442604622214,false
Tox21_SR_ARE,strict_scaffold,105,50_20_15_15,critical_selected_error_upper,1,117,0.9,0.0,0,0.000462962962962963,0.06351592773018665,true
Tox21_SR_ARE,strict_scaffold,105,50_20_15_15,critical_selected_error_upper,1,117,0.9,0.02,2,0.000462962962962963,0.09939098140162161,true
Tox21_SR_ARE,strict_scaffold,105,50_20_15_15,critical_selected_error_upper,1,117,0.9,0.05,6,0.000462962962962963,0.154807254182905,false
Tox21_SR_ARE,strict_scaffold,105,50_20_15_15,critical_selected_error_upper,1,117,0.9,0.1,12,0.000462962962962963,0.22561425642943464,false
Tox21_SR_ARE,strict_scaffold,105,50_20_15_15,critical_selected_error_upper,1,131,1.0,0.0,0,0.000462962962962963,0.05692516875012966,true
Tox21_SR_ARE,strict_scaffold,105,50_20_15_15,critical_selected_error_upper,1,131,1.0,0.02,3,0.000462962962962963,0.10269132348709263,false
Tox21_SR_ARE,strict_scaffold,105,50_20_15_15,critical_selected_error_upper,1,131,1.0,0.05,7,0.000462962962962963,0.15037797680967363,false
Tox21_SR_ARE,strict_scaffold,105,50_20_15_15,critical_selected_error_upper,1,131,1.0,0.1,13,0.000462962962962963,0.21304590037718238,false
Tox21_SR_ARE,similarity_cluster,101,50_20_15_15,class_retention_lower,0,961,,0.5,480,0.000462962962962963,0.44571241020130853,false
Tox21_SR_ARE,similarity_cluster,101,50_20_15_15,class_retention_lower,0,961,,0.6,577,0.000462962962962963,0.546919313318325,true
Tox21_SR_ARE,similarity_cluster,101,50_20_15_15,class_retention_lower,0,961,,0.7,673,0.000462962962962963,0.6493756355545929,true
Tox21_SR_ARE,similarity_cluster,101,50_20_15_15,class_retention_lower,0,961,,0.8,769,0.000462962962962963,0.754648273935246,true
Tox21_SR_ARE,similarity_cluster,101,50_20_15_15,class_retention_lower,0,961,,0.9,865,0.000462962962962963,0.8643227571137131,true
Tox21_SR_ARE,similarity_cluster,101,50_20_15_15,class_retention_lower,0,961,,1.0,961,0.000462962962962963,0.9920423787120506,true
Tox21_SR_ARE,similarity_cluster,101,50_20_15_15,class_retention_lower,1,159,,0.5,80,0.000462962962962963,0.37109614114878814,false
Tox21_SR_ARE,similarity_cluster,101,50_20_15_15,class_retention_lower,1,159,,0.6,95,0.000462962962962963,0.46327904338963416,false
Tox21_SR_ARE,similarity_cluster,101,50_20_15_15,class_retention_lower,1,159,,0.7,111,0.000462962962962963,0.5669248632903305,true
Tox21_SR_ARE,similarity_cluster,101,50_20_15_15,class_retention_lower,1,159,,0.8,127,0.000462962962962963,0.6772681680017671,true
Tox21_SR_ARE,similarity_cluster,101,50_20_15_15,class_retention_lower,1,159,,0.9,143,0.000462962962962963,0.7978909873762179,true
Tox21_SR_ARE,similarity_cluster,101,50_20_15_15,class_retention_lower,1,159,,1.0,159,0.000462962962962963,0.9528588955803738,true
Tox21_SR_ARE,similarity_cluster,101,50_20_15_15,critical_selected_error_upper,1,79,0.5,0.0,0,0.000462962962962963,0.09261473045408337,true
Tox21_SR_ARE,similarity_cluster,101,50_20_15_15,critical_selected_error_upper,1,79,0.5,0.02,2,0.000462962962962963,0.14418653705174245,false
Tox21_SR_ARE,similarity_cluster,101,50_20_15_15,critical_selected_error_upper,1,79,0.5,0.05,4,0.000462962962962963,0.18572628954480416,false
Tox21_SR_ARE,similarity_cluster,101,50_20_15_15,critical_selected_error_upper,1,79,0.5,0.1,8,0.000462962962962963,0.2579565127711405,false
Tox21_SR_ARE,similarity_cluster,101,50_20_15_15,critical_selected_error_upper,1,95,0.6,0.0,0,0.000462962962962963,0.07763994437670738,true
Tox21_SR_ARE,similarity_cluster,101,50_20_15_15,critical_selected_error_upper,1,95,0.6,0.02,2,0.000462962962962963,0.12119419623602819,false
Tox21_SR_ARE,similarity_cluster,101,50_20_15_15,critical_selected_error_upper,1,95,0.6,0.05,5,0.000462962962962963,0.17260373001592305,false
Tox21_SR_ARE,similarity_cluster,101,50_20_15_15,critical_selected_error_upper,1,95,0.6,0.1,10,0.000462962962962963,0.24612261906881436,false
Tox21_SR_ARE,similarity_cluster,101,50_20_15_15,critical_selected_error_upper,1,111,0.7,0.0,0,0.000462962962962963,0.06683191733232982,true
Tox21_SR_ARE,similarity_cluster,101,50_20_15_15,critical_selected_error_upper,1,111,0.7,0.02,2,0.000462962962962963,0.10451994794890279,false
Tox21_SR_ARE,similarity_cluster,101,50_20_15_15,critical_selected_error_upper,1,111,0.7,0.05,6,0.000462962962962963,0.16267676612476104,false
Tox21_SR_ARE,similarity_cluster,101,50_20_15_15,critical_selected_error_upper,1,111,0.7,0.1,11,0.000462962962962963,0.22513455795155543,false
Tox21_SR_ARE,similarity_cluster,101,50_20_15_15,critical_selected_error_upper,1,127,0.8,0.0,0,0.000462962962962963,0.05866445366325742,true
Tox21_SR_ARE,similarity_cluster,101,50_20_15_15,critical_selected_error_upper,1,127,0.8,0.02,3,0.000462962962962963,0.10578580387864259,false
Tox21_SR_ARE,similarity_cluster,101,50_20_15_15,critical_selected_error_upper,1,127,0.8,0.05,6,0.000462962962962963,0.14325444225618328,false
Tox21_SR_ARE,similarity_cluster,101,50_20_15_15,critical_selected_error_upper,1,127,0.8,0.1,13,0.000462962962962963,0.21930023920798777,false
Tox21_SR_ARE,similarity_cluster,101,50_20_15_15,critical_selected_error_upper,1,143,0.9,0.0,0,0.000462962962962963,0.052275426432255225,true
Tox21_SR_ARE,similarity_cluster,101,50_20_15_15,critical_selected_error_upper,1,143,0.9,0.02,3,0.000462962962962963,0.0944057523179503,true
Tox21_SR_ARE,similarity_cluster,101,50_20_15_15,critical_selected_error_upper,1,143,0.9,0.05,7,0.000462962962962963,0.1383724819628726,false
Tox21_SR_ARE,similarity_cluster,101,50_20_15_15,critical_selected_error_upper,1,143,0.9,0.1,14,0.000462962962962963,0.20536068192076046,false
Tox21_SR_ARE,similarity_cluster,101,50_20_15_15,critical_selected_error_upper,1,159,1.0,0.0,0,0.000462962962962963,0.04714110441962574,true
Tox21_SR_ARE,similarity_cluster,101,50_20_15_15,critical_selected_error_upper,1,159,1.0,0.02,3,0.000462962962962963,0.08523500852227708,true
Tox21_SR_ARE,similarity_cluster,101,50_20_15_15,critical_selected_error_upper,1,159,1.0,0.05,8,0.000462962962962963,0.134241685580587,false
Tox21_SR_ARE,similarity_cluster,101,50_20_15_15,critical_selected_error_upper,1,159,1.0,0.1,16,0.000462962962962963,0.2021090126237813,false
Tox21_SR_ARE,similarity_cluster,102,50_20_15_15,class_retention_lower,0,964,,0.5,482,0.000462962962962963,0.4463125018898531,false
Tox21_SR_ARE,similarity_cluster,102,50_20_15_15,class_retention_lower,0,964,,0.6,578,0.000462962962962963,0.5461616841759958,true
Tox21_SR_ARE,similarity_cluster,102,50_20_15_15,class_retention_lower,0,964,,0.7,675,0.000462962962962963,0.6493491248482982,true
Tox21_SR_ARE,similarity_cluster,102,50_20_15_15,class_retention_lower,0,964,,0.8,771,0.000462962962962963,0.7542782688293521,true
Tox21_SR_ARE,similarity_cluster,102,50_20_15_15,class_retention_lower,0,964,,0.9,868,0.000462962962962963,0.8647365181298464,true
Tox21_SR_ARE,similarity_cluster,102,50_20_15_15,class_retention_lower,0,964,,1.0,964,0.000462962962962963,0.9920670446050981,true
Tox21_SR_ARE,similarity_cluster,102,50_20_15_15,class_retention_lower,1,156,,0.5,78,0.000462962962962963,0.3668597747448509,false
Tox21_SR_ARE,similarity_cluster,102,50_20_15_15,class_retention_lower,1,156,,0.6,94,0.000462962962962963,0.4670611452416452,false
Tox21_SR_ARE,similarity_cluster,102,50_20_15_15,class_retention_lower,1,156,,0.7,109,0.000462962962962963,0.566231632277109,true
Tox21_SR_ARE,similarity_cluster,102,50_20_15_15,class_retention_lower,1,156,,0.8,125,0.000462962962962963,0.6788629389226422,true
Tox21_SR_ARE,similarity_cluster,102,50_20_15_15,class_retention_lower,1,156,,0.9,140,0.000462962962962963,0.7942361928568927,true
Tox21_SR_ARE,similarity_cluster,102,50_20_15_15,class_retention_lower,1,156,,1.0,156,0.000462962962962963,0.9519744586286217,true
Tox21_SR_ARE,similarity_cluster,102,50_20_15_15,critical_selected_error_upper,1,78,0.5,0.0,0,0.000462962962962963,0.09374463011874166,true
Tox21_SR_ARE,similarity_cluster,102,50_20_15_15,critical_selected_error_upper,1,78,0.5,0.02,2,0.000462962962962963,0.14591612040881052,false
Tox21_SR_ARE,similarity_cluster,102,50_20_15_15,critical_selected_error_upper,1,78,0.5,0.05,4,0.000462962962962963,0.18792737549937974,false
Tox21_SR_ARE,similarity_cluster,102,50_20_15_15,critical_selected_error_upper,1,78,0.5,0.1,8,0.000462962962962963,0.26095389771989175,false
Tox21_SR_ARE,similarity_cluster,102,50_20_15_15,critical_selected_error_upper,1,93,0.6,0.0,0,0.000462962962962963,0.07924166569544856,true
Tox21_SR_ARE,similarity_cluster,102,50_20_15_15,critical_selected_error_upper,1,93,0.6,0.02,2,0.000462962962962963,0.12365964014695788,false
Tox21_SR_ARE,similarity_cluster,102,50_20_15_15,critical_selected_error_upper,1,93,0.6,0.05,5,0.000462962962962963,0.17606523455551504,false
Tox21_SR_ARE,similarity_cluster,102,50_20_15_15,critical_selected_error_upper,1,93,0.6,0.1,9,0.000462962962962963,0.2367393696601706,false
Tox21_SR_ARE,similarity_cluster,102,50_20_15_15,critical_selected_error_upper,1,109,0.7,0.0,0,0.000462962962962963,0.06801551803296056,true
Tox21_SR_ARE,similarity_cluster,102,50_20_15_15,critical_selected_error_upper,1,109,0.7,0.02,2,0.000462962962962963,0.10634917736199058,false
Tox21_SR_ARE,similarity_cluster,102,50_20_15_15,critical_selected_error_upper,1,109,0.7,0.05,5,0.000462962962962963,0.15171645438757284,false
Tox21_SR_ARE,similarity_cluster,102,50_20_15_15,critical_selected_error_upper,1,109,0.7,0.1,11,0.000462962962962963,0.22895721164547797,false
Tox21_SR_ARE,similarity_cluster,102,50_20_15_15,critical_selected_error_upper,1,124,0.8,0.0,0,0.000462962962962963,0.06004027843748293,true
Tox21_SR_ARE,similarity_cluster,102,50_20_15_15,critical_selected_error_upper,1,124,0.8,0.02,2,0.000462962962962963,0.0940084833057716,true
Tox21_SR_ARE,similarity_cluster,102,50_20_15_15,critical_selected_error_upper,1,124,0.8,0.05,6,0.000462962962962963,0.14653541516855922,false
Tox21_SR_ARE,similarity_cluster,102,50_20_15_15,critical_selected_error_upper,1,124,0.8,0.1,12,0.000462962962962963,0.21374150423881966,false
Tox21_SR_ARE,similarity_cluster,102,50_20_15_15,critical_selected_error_upper,1,140,0.9,0.0,0,0.000462962962962963,0.05336518401540679,true
Tox21_SR_ARE,similarity_cluster,102,50_20_15_15,critical_selected_error_upper,1,140,0.9,0.02,3,0.000462962962962963,0.0963493168146273,true
Tox21_SR_ARE,similarity_cluster,102,50_20_15_15,critical_selected_error_upper,1,140,0.9,0.05,7,0.000462962962962963,0.14119077479381972,false
Tox21_SR_ARE,similarity_cluster,102,50_20_15_15,critical_selected_error_upper,1,140,0.9,0.1,14,0.000462962962962963,0.209482863831241,false
Tox21_SR_ARE,similarity_cluster,102,50_20_15_15,critical_selected_error_upper,1,156,1.0,0.0,0,0.000462962962962963,0.048025541371377795,true
Tox21_SR_ARE,similarity_cluster,102,50_20_15_15,critical_selected_error_upper,1,156,1.0,0.02,3,0.000462962962962963,0.08681637314000805,true
Tox21_SR_ARE,similarity_cluster,102,50_20_15_15,critical_selected_error_upper,1,156,1.0,0.05,8,0.000462962962962963,0.136703587056936,false
Tox21_SR_ARE,similarity_cluster,102,50_20_15_15,critical_selected_error_upper,1,156,1.0,0.1,16,0.000462962962962963,0.2057638071431065,false
Tox21_SR_ARE,similarity_cluster,103,50_20_15_15,class_retention_lower,0,952,,0.5,476,0.000462962962962963,0.4459740828142653,false
Tox21_SR_ARE,similarity_cluster,103,50_20_15_15,class_retention_lower,0,952,,0.6,571,0.000462962962962963,0.546027403432936,true
Tox21_SR_ARE,similarity_cluster,103,50_20_15_15,class_retention_lower,0,952,,0.7,666,0.000462962962962963,0.6483661862340213,true
Tox21_SR_ARE,similarity_cluster,103,50_20_15_15,class_retention_lower,0,952,,0.8,762,0.000462962962962963,0.7546476612266824,true
Tox21_SR_ARE,similarity_cluster,103,50_20_15_15,class_retention_lower,0,952,,0.9,857,0.000462962962962963,0.8642563830591432,true
Tox21_SR_ARE,similarity_cluster,103,50_20_15_15,class_retention_lower,0,952,,1.0,952,0.000462962962962963,0.9919674520502246,true
Tox21_SR_ARE,similarity_cluster,103,50_20_15_15,class_retention_lower,1,168,,0.5,84,0.000462962962962963,0.3716302589640507,false
Tox21_SR_ARE,similarity_cluster,103,50_20_15_15,class_retention_lower,1,168,,0.6,101,0.000462962962962963,0.4707191917136784,false
Tox21_SR_ARE,similarity_cluster,103,50_20_15_15,class_retention_lower,1,168,,0.7,118,0.000462962962962963,0.5752355726486121,true
Tox21_SR_ARE,similarity_cluster,103,50_20_15_15,class_retention_lower,1,168,,0.8,134,0.000462962962962963,0.6796711919074052,true
Tox21_SR_ARE,similarity_cluster,103,50_20_15_15,class_retention_lower,1,168,,0.9,151,0.000462962962962963,0.8005086760582788,true
Tox21_SR_ARE,similarity_cluster,103,50_20_15_15,class_retention_lower,1,168,,1.0,168,0.000462962962962963,0.9553270193705884,true
Tox21_SR_ARE,similarity_cluster,103,50_20_15_15,critical_selected_error_upper,1,84,0.5,0.0,0,0.000462962962962963,0.08735028606050671,true
Tox21_SR_ARE,similarity_cluster,103,50_20_15_15,critical_selected_error_upper,1,84,0.5,0.02,2,0.000462962962962963,0.13611824179519855,false
Tox21_SR_ARE,similarity_cluster,103,50_20_15_15,critical_selected_error_upper,1,84,0.5,0.05,4,0.000462962962962963,0.1754493837831994,false
Tox21_SR_ARE,similarity_cluster,103,50_20_15_15,critical_selected_error_upper,1,84,0.5,0.1,8,0.000462962962962963,0.24394080177276042,false
Tox21_SR_ARE,similarity_cluster,103,50_20_15_15,critical_selected_error_upper,1,100,0.6,0.0,0,0.000462962962962963,0.07390516410522542,true
Tox21_SR_ARE,similarity_cluster,103,50_20_15_15,critical_selected_error_upper,1,100,0.6,0.02,2,0.000462962962962963,0.11543977697318837,false
Tox21_SR_ARE,similarity_cluster,103,50_20_15_15,critical_selected_error_upper,1,100,0.6,0.05,5,0.000462962962962963,0.16451619237013312,false
Tox21_SR_ARE,similarity_cluster,103,50_20_15_15,critical_selected_error_upper,1,100,0.6,0.1,10,0.000462962962962963,0.23478837310920309,false
Tox21_SR_ARE,similarity_cluster,103,50_20_15_15,critical_selected_error_upper,1,117,0.7,0.0,0,0.000462962962962963,0.06351592773018665,true
Tox21_SR_ARE,similarity_cluster,103,50_20_15_15,critical_selected_error_upper,1,117,0.7,0.02,2,0.000462962962962963,0.09939098140162161,true
Tox21_SR_ARE,similarity_cluster,103,50_20_15_15,critical_selected_error_upper,1,117,0.7,0.05,6,0.000462962962962963,0.154807254182905,false
Tox21_SR_ARE,similarity_cluster,103,50_20_15_15,critical_selected_error_upper,1,117,0.7,0.1,12,0.000462962962962963,0.22561425642943464,false
Tox21_SR_ARE,similarity_cluster,103,50_20_15_15,critical_selected_error_upper,1,134,0.8,0.0,0,0.000462962962962963,0.055686895006128605,true
Tox21_SR_ARE,similarity_cluster,103,50_20_15_15,critical_selected_error_upper,1,134,0.8,0.02,3,0.000462962962962963,0.10048662265621319,false
Tox21_SR_ARE,similarity_cluster,103,50_20_15_15,critical_selected_error_upper,1,134,0.8,0.05,7,0.000462962962962963,0.14718577601319077,false
Tox21_SR_ARE,similarity_cluster,103,50_20_15_15,critical_selected_error_upper,1,134,0.8,0.1,13,0.000462962962962963,0.20858355646041762,false
Tox21_SR_ARE,similarity_cluster,103,50_20_15_15,critical_selected_error_upper,1,151,0.9,0.0,0,0.000462962962962963,0.049575714856450445,true
Tox21_SR_ARE,similarity_cluster,103,50_20_15_15,critical_selected_error_upper,1,151,0.9,0.02,3,0.000462962962962963,0.08958644912873313,true
Tox21_SR_ARE,similarity_cluster,103,50_20_15_15,critical_selected_error_upper,1,151,0.9,0.05,8,0.000462962962962963,0.14101343117877618,false
Tox21_SR_ARE,similarity_cluster,103,50_20_15_15,critical_selected_error_upper,1,151,0.9,0.1,15,0.000462962962962963,0.20368740606791436,false
Tox21_SR_ARE,similarity_cluster,103,50_20_15_15,critical_selected_error_upper,1,168,1.0,0.0,0,0.000462962962962963,0.044672980629411226,true
Tox21_SR_ARE,similarity_cluster,103,50_20_15_15,critical_selected_error_upper,1,168,1.0,0.02,3,0.000462962962962963,0.08081848658088282,true
Tox21_SR_ARE,similarity_cluster,103,50_20_15_15,critical_selected_error_upper,1,168,1.0,0.05,8,0.000462962962962963,0.12736012281613704,false
Tox21_SR_ARE,similarity_cluster,103,50_20_15_15,critical_selected_error_upper,1,168,1.0,0.1,17,0.000462962962962963,0.1994913239417205,false
Tox21_SR_ARE,similarity_cluster,104,50_20_15_15,class_retention_lower,0,912,,0.5,456,0.000462962962962963,0.4447981801115529,false
Tox21_SR_ARE,similarity_cluster,104,50_20_15_15,class_retention_lower,0,912,,0.6,547,0.000462962962962963,0.5448295200346747,true
Tox21_SR_ARE,similarity_cluster,104,50_20_15_15,class_retention_lower,0,912,,0.7,638,0.000462962962962963,0.6471947222563053,true
Tox21_SR_ARE,similarity_cluster,104,50_20_15_15,class_retention_lower,0,912,,0.8,730,0.000462962962962963,0.7536127951435925,true
Tox21_SR_ARE,similarity_cluster,104,50_20_15_15,class_retention_lower,0,912,,0.9,821,0.000462962962962963,0.8634026607960017,true
Tox21_SR_ARE,similarity_cluster,104,50_20_15_15,class_retention_lower,0,912,,1.0,912,0.000462962962962963,0.9916166281234293,true
Tox21_SR_ARE,similarity_cluster,104,50_20_15_15,class_retention_lower,1,208,,0.5,104,0.000462962962962963,0.3844878732256183,false
Tox21_SR_ARE,similarity_cluster,104,50_20_15_15,class_retention_lower,1,208,,0.6,125,0.000462962962962963,0.4839936914451711,false
Tox21_SR_ARE,similarity_cluster,104,50_20_15_15,class_retention_lower,1,208,,0.7,146,0.000462962962962963,0.5883902347164796,true
Tox21_SR_ARE,similarity_cluster,104,50_20_15_15,class_retention_lower,1,208,,0.8,166,0.000462962962962963,0.6933896464058154,true
Tox21_SR_ARE,similarity_cluster,104,50_20_15_15,class_retention_lower,1,208,,0.9,187,0.000462962962962963,0.8126422128894298,true
Tox21_SR_ARE,similarity_cluster,104,50_20_15_15,class_retention_lower,1,208,,1.0,208,0.000462962962962963,0.9637601664720309,true
Tox21_SR_ARE,similarity_cluster,104,50_20_15_15,critical_selected_error_upper,1,104,0.5,0.0,0,0.000462962962962963,0.07116634152180258,true
Tox21_SR_ARE,similarity_cluster,104,50_20_15_15,critical_selected_error_upper,1,104,0.5,0.02,2,0.000462962962962963,0.11121486996162783,false
Tox21_SR_ARE,similarity_cluster,104,50_20_15_15,critical_selected_error_upper,1,104,0.5,0.05,5,0.000462962962962963,0.15857098017191074,false
Tox21_SR_ARE,similarity_cluster,104,50_20_15_15,critical_selected_error_upper,1,104,0.5,0.1,10,0.000462962962962963,0.226442604622214,false
Tox21_SR_ARE,similarity_cluster,104,50_20_15_15,critical_selected_error_upper,1,124,0.6,0.0,0,0.000462962962962963,0.06004027843748293,true
Tox21_SR_ARE,similarity_cluster,104,50_20_15_15,critical_selected_error_upper,1,124,0.6,0.02,2,0.000462962962962963,0.0940084833057716,true
Tox21_SR_ARE,similarity_cluster,104,50_20_15_15,critical_selected_error_upper,1,124,0.6,0.05,6,0.000462962962962963,0.14653541516855922,false
Tox21_SR_ARE,similarity_cluster,104,50_20_15_15,critical_selected_error_upper,1,124,0.6,0.1,12,0.000462962962962963,0.21374150423881966,false
Tox21_SR_ARE,similarity_cluster,104,50_20_15_15,critical_selected_error_upper,1,145,0.7,0.0,0,0.000462962962962963,0.05157330972547698,true
Tox21_SR_ARE,similarity_cluster,104,50_20_15_15,critical_selected_error_upper,1,145,0.7,0.02,3,0.000462962962962963,0.09315299566612818,true
Tox21_SR_ARE,similarity_cluster,104,50_20_15_15,critical_selected_error_upper,1,145,0.7,0.05,7,0.000462962962962963,0.13655521459936604,false
Tox21_SR_ARE,similarity_cluster,104,50_20_15_15,critical_selected_error_upper,1,145,0.7,0.1,14,0.000462962962962963,0.20270123854563285,false
Tox21_SR_ARE,similarity_cluster,104,50_20_15_15,critical_selected_error_upper,1,166,0.8,0.0,0,0.000462962962962963,0.04519885924787401,true
Tox21_SR_ARE,similarity_cluster,104,50_20_15_15,critical_selected_error_upper,1,166,0.8,0.02,3,0.000462962962962963,0.0817599432524622,true
Tox21_SR_ARE,similarity_cluster,104,50_20_15_15,critical_selected_error_upper,1,166,0.8,0.05,8,0.000462962962962963,0.1288277623135489,false
Tox21_SR_ARE,similarity_cluster,104,50_20_15_15,critical_selected_error_upper,1,166,0.8,0.1,17,0.000462962962962963,0.20175695799601448,false
Tox21_SR_ARE,similarity_cluster,104,50_20_15_15,critical_selected_error_upper,1,187,0.9,0.0,0,0.000462962962962963,0.04022662834918504,true
Tox21_SR_ARE,similarity_cluster,104,50_20_15_15,critical_selected_error_upper,1,187,0.9,0.02,4,0.000462962962962963,0.08192105046773883,true
Tox21_SR_ARE,similarity_cluster,104,50_20_15_15,critical_selected_error_upper,1,187,0.9,0.05,9,0.000462962962962963,0.12264142492047522,false
Tox21_SR_ARE,similarity_cluster,104,50_20_15_15,critical_selected_error_upper,1,187,0.9,0.1,19,0.000462962962962963,0.19386155003942468,false
Tox21_SR_ARE,similarity_cluster,104,50_20_15_15,critical_selected_error_upper,1,208,1.0,0.0,0,0.000462962962962963,0.03623983352796874,true
Tox21_SR_ARE,similarity_cluster,104,50_20_15_15,critical_selected_error_upper,1,208,1.0,0.02,4,0.000462962962962963,0.07388527491989137,true
Tox21_SR_ARE,similarity_cluster,104,50_20_15_15,critical_selected_error_upper,1,208,1.0,0.05,10,0.000462962962962963,0.11755942700432356,false
Tox21_SR_ARE,similarity_cluster,104,50_20_15_15,critical_selected_error_upper,1,208,1.0,0.1,21,0.000462962962962963,0.18735778711056952,false
Tox21_SR_ARE,similarity_cluster,105,50_20_15_15,class_retention_lower,0,942,,0.5,471,0.000462962962962963,0.44568714110546886,false
Tox21_SR_ARE,similarity_cluster,105,50_20_15_15,class_retention_lower,0,942,,0.6,565,0.000462962962962963,0.545735189302901,true
Tox21_SR_ARE,similarity_cluster,105,50_20_15_15,class_retention_lower,0,942,,0.7,659,0.000462962962962963,0.6480805170325152,true
Tox21_SR_ARE,similarity_cluster,105,50_20_15_15,class_retention_lower,0,942,,0.8,754,0.000462962962962963,0.7543953245000867,true
Tox21_SR_ARE,similarity_cluster,105,50_20_15_15,class_retention_lower,0,942,,0.9,848,0.000462962962962963,0.8640483639422475,true
Tox21_SR_ARE,similarity_cluster,105,50_20_15_15,class_retention_lower,0,942,,1.0,942,0.000462962962962963,0.9918825278692494,true
Tox21_SR_ARE,similarity_cluster,105,50_20_15_15,class_retention_lower,1,178,,0.5,89,0.000462962962962963,0.37523951417375884,false
Tox21_SR_ARE,similarity_cluster,105,50_20_15_15,class_retention_lower,1,178,,0.6,107,0.000462962962962963,0.47445318724728514,false
Tox21_SR_ARE,similarity_cluster,105,50_20_15_15,class_retention_lower,1,178,,0.7,125,0.000462962962962963,0.5789437422988299,true
Tox21_SR_ARE,similarity_cluster,105,50_20_15_15,class_retention_lower,1,178,,0.8,142,0.000462962962962963,0.683561696702206,true
Tox21_SR_ARE,similarity_cluster,105,50_20_15_15,class_retention_lower,1,178,,0.9,160,0.000462962962962963,0.8039671800301715,true
Tox21_SR_ARE,similarity_cluster,105,50_20_15_15,class_retention_lower,1,178,,1.0,178,0.000462962962962963,0.9577829766576175,true
Tox21_SR_ARE,similarity_cluster,105,50_20_15_15,critical_selected_error_upper,1,89,0.5,0.0,0,0.000462962962962963,0.08265176962487304,true
Tox21_SR_ARE,similarity_cluster,105,50_20_15_15,critical_selected_error_upper,1,89,0.5,0.02,2,0.000462962962962963,0.12890374487686673,false
Tox21_SR_ARE,similarity_cluster,105,50_20_15_15,critical_selected_error_upper,1,89,0.5,0.05,4,0.000462962962962963,0.1662474282363158,false
Tox21_SR_ARE,similarity_cluster,105,50_20_15_15,critical_selected_error_upper,1,89,0.5,0.1,9,0.000462962962962963,0.24647275119266038,false
Tox21_SR_ARE,similarity_cluster,105,50_20_15_15,critical_selected_error_upper,1,106,0.6,0.0,0,0.000462962962962963,0.06987163412265714,true
Tox21_SR_ARE,similarity_cluster,105,50_20_15_15,critical_selected_error_upper,1,106,0.6,0.02,2,0.000462962962962963,0.10921618059938062,false
Tox21_SR_ARE,similarity_cluster,105,50_20_15_15,critical_selected_error_upper,1,106,0.6,0.05,5,0.000462962962962963,0.1557563163996334,false
Tox21_SR_ARE,similarity_cluster,105,50_20_15_15,critical_selected_error_upper,1,106,0.6,0.1,11,0.000462962962962963,0.23493977335514651,false
Tox21_SR_ARE,similarity_cluster,105,50_20_15_15,critical_selected_error_upper,1,124,0.7,0.0,0,0.000462962962962963,0.06004027843748293,true
Tox21_SR_ARE,similarity_cluster,105,50_20_15_15,critical_selected_error_upper,1,124,0.7,0.02,2,0.000462962962962963,0.0940084833057716,true
Tox21_SR_ARE,similarity_cluster,105,50_20_15_15,critical_selected_error_upper,1,124,0.7,0.05,6,0.000462962962962963,0.14653541516855922,false
Tox21_SR_ARE,similarity_cluster,105,50_20_15_15,critical_selected_error_upper,1,124,0.7,0.1,12,0.000462962962962963,0.21374150423881966,false
Tox21_SR_ARE,similarity_cluster,105,50_20_15_15,critical_selected_error_upper,1,142,0.8,0.0,0,0.000462962962962963,0.05263370105224947,true
Tox21_SR_ARE,similarity_cluster,105,50_20_15_15,critical_selected_error_upper,1,142,0.8,0.02,3,0.000462962962962963,0.09504484234921201,true
Tox21_SR_ARE,similarity_cluster,105,50_20_15_15,critical_selected_error_upper,1,142,0.8,0.05,7,0.000462962962962963,0.13929934724060622,false
Tox21_SR_ARE,similarity_cluster,105,50_20_15_15,critical_selected_error_upper,1,142,0.8,0.1,14,0.000462962962962963,0.2067166581356599,false
Tox21_SR_ARE,similarity_cluster,105,50_20_15_15,critical_selected_error_upper,1,160,0.9,0.0,0,0.000462962962962963,0.04685348552695935,true
Tox21_SR_ARE,similarity_cluster,105,50_20_15_15,critical_selected_error_upper,1,160,0.9,0.02,3,0.000462962962962963,0.0847206043435641,true
Tox21_SR_ARE,similarity_cluster,105,50_20_15_15,critical_selected_error_upper,1,160,0.9,0.05,8,0.000462962962962963,0.13344061255786396,false
Tox21_SR_ARE,similarity_cluster,105,50_20_15_15,critical_selected_error_upper,1,160,0.9,0.1,16,0.000462962962962963,0.2009193431753187,false
Tox21_SR_ARE,similarity_cluster,105,50_20_15_15,critical_selected_error_upper,1,178,1.0,0.0,0,0.000462962962962963,0.04221702334238214,true
Tox21_SR_ARE,similarity_cluster,105,50_20_15_15,critical_selected_error_upper,1,178,1.0,0.02,4,0.000462962962962963,0.08592587668971625,true
Tox21_SR_ARE,similarity_cluster,105,50_20_15_15,critical_selected_error_upper,1,178,1.0,0.05,9,0.000462962962962963,0.12858096731073643,false
Tox21_SR_ARE,similarity_cluster,105,50_20_15_15,critical_selected_error_upper,1,178,1.0,0.1,18,0.000462962962962963,0.19603281996982774,false
Tox21_SR_MMP,random_grouped,101,50_20_15_15,class_retention_lower,0,948,,0.5,474,0.000462962962962963,0.4458598510351111,false
Tox21_SR_MMP,random_grouped,101,50_20_15_15,class_retention_lower,0,948,,0.6,569,0.000462962962962963,0.5463387877452541,true
Tox21_SR_MMP,random_grouped,101,50_20_15_15,class_retention_lower,0,948,,0.7,664,0.000462962962962963,0.6491288196539706,true
Tox21_SR_MMP,random_grouped,101,50_20_15_15,class_retention_lower,0,948,,0.8,758,0.000462962962962963,0.7536426893809987,true
Tox21_SR_MMP,random_grouped,101,50_20_15_15,class_retention_lower,0,948,,0.9,853,0.000462962962962963,0.8636952569787701,true
Tox21_SR_MMP,random_grouped,101,50_20_15_15,class_retention_lower,0,948,,1.0,948,0.000462962962962963,0.9919336965051231,true
Tox21_SR_MMP,random_grouped,101,50_20_15_15,class_retention_lower,1,170,,0.5,85,0.000462962962962963,0.3723769552113335,false
Tox21_SR_MMP,random_grouped,101,50_20_15_15,class_retention_lower,1,170,,0.6,102,0.000462962962962963,0.4703099876029112,false
Tox21_SR_MMP,random_grouped,101,50_20_15_15,class_retention_lower,1,170,,0.7,119,0.000462962962962963,0.5735051534221287,true
Tox21_SR_MMP,random_grouped,101,50_20_15_15,class_retention_lower,1,170,,0.8,136,0.000462962962962963,0.6831506262344663,true
Tox21_SR_MMP,random_grouped,101,50_20_15_15,class_retention_lower,1,170,,0.9,153,0.000462962962962963,0.8027241348035871,true
Tox21_SR_MMP,random_grouped,101,50_20_15_15,class_retention_lower,1,170,,1.0,170,0.000462962962962963,0.9558408038705968,true
Tox21_SR_MMP,random_grouped,101,50_20_15_15,critical_selected_error_upper,1,85,0.5,0.0,0,0.000462962962962963,0.0863683576560106,true
Tox21_SR_MMP,random_grouped,101,50_20_15_15,critical_selected_error_upper,1,85,0.5,0.02,2,0.000462962962962963,0.13461155884857398,false
Tox21_SR_MMP,random_grouped,101,50_20_15_15,critical_selected_error_upper,1,85,0.5,0.05,4,0.000462962962962963,0.17352861210146878,false
Tox21_SR_MMP,random_grouped,101,50_20_15_15,critical_selected_error_upper,1,85,0.5,0.1,8,0.000462962962962963,0.24131746809635526,false
Tox21_SR_MMP,random_grouped,101,50_20_15_15,critical_selected_error_upper,1,102,0.6,0.0,0,0.000462962962962963,0.07250991220884477,true
Tox21_SR_MMP,random_grouped,101,50_20_15_15,critical_selected_error_upper,1,102,0.6,0.02,2,0.000462962962962963,0.11328799161636993,false
Tox21_SR_MMP,random_grouped,101,50_20_15_15,critical_selected_error_upper,1,102,0.6,0.05,5,0.000462962962962963,0.16148901027192933,false
Tox21_SR_MMP,random_grouped,101,50_20_15_15,critical_selected_error_upper,1,102,0.6,0.1,10,0.000462962962962963,0.23054033301660243,false
Tox21_SR_MMP,random_grouped,101,50_20_15_15,critical_selected_error_upper,1,118,0.7,0.0,0,0.000462962962962963,0.06299498056426614,true
Tox21_SR_MMP,random_grouped,101,50_20_15_15,critical_selected_error_upper,1,118,0.7,0.02,2,0.000462962962962963,0.09858465471068509,true
Tox21_SR_MMP,random_grouped,101,50_20_15_15,critical_selected_error_upper,1,118,0.7,0.05,6,0.000462962962962963,0.15356895474833146,false
Tox21_SR_MMP,random_grouped,101,50_20_15_15,critical_selected_error_upper,1,118,0.7,0.1,12,0.000462962962962963,0.2238383614789001,false
Tox21_SR_MMP,random_grouped,101,50_20_15_15,critical_selected_error_upper,1,136,0.8,0.0,0,0.000462962962962963,0.0548908718969012,true
Tox21_SR_MMP,random_grouped,101,50_20_15_15,critical_selected_error_upper,1,136,0.8,0.02,3,0.000462962962962963,0.09906862989424488,true
Tox21_SR_MMP,random_grouped,101,50_20_15_15,critical_selected_error_upper,1,136,0.8,0.05,7,0.000462962962962963,0.14513175888561639,false
Tox21_SR_MMP,random_grouped,101,50_20_15_15,critical_selected_error_upper,1,136,0.8,0.1,14,0.000462962962962963,0.21524265301068693,false
Tox21_SR_MMP,random_grouped,101,50_20_15_15,critical_selected_error_upper,1,153,0.9,0.0,0,0.000462962962962963,0.04894379228639944,true
Tox21_SR_MMP,random_grouped,101,50_20_15_15,critical_selected_error_upper,1,153,0.9,0.02,3,0.000462962962962963,0.08845748690877063,true
Tox21_SR_MMP,random_grouped,101,50_20_15_15,critical_selected_error_upper,1,153,0.9,0.05,8,0.000462962962962963,0.13925733757323117,false
Tox21_SR_MMP,random_grouped,101,50_20_15_15,critical_selected_error_upper,1,153,0.9,0.1,15,0.000462962962962963,0.20118302440054353,false
Tox21_SR_MMP,random_grouped,101,50_20_15_15,critical_selected_error_upper,1,170,1.0,0.0,0,0.000462962962962963,0.04415919612940283,true
Tox21_SR_MMP,random_grouped,101,50_20_15_15,critical_selected_error_upper,1,170,1.0,0.02,3,0.000462962962962963,0.07989845356992761,true
Tox21_SR_MMP,random_grouped,101,50_20_15_15,critical_selected_error_upper,1,170,1.0,0.05,8,0.000462962962962963,0.12592550645759654,false
Tox21_SR_MMP,random_grouped,101,50_20_15_15,critical_selected_error_upper,1,170,1.0,0.1,17,0.000462962962962963,0.19727586519641227,false
Tox21_SR_MMP,random_grouped,102,50_20_15_15,class_retention_lower,0,948,,0.5,474,0.000462962962962963,0.4458598510351111,false
Tox21_SR_MMP,random_grouped,102,50_20_15_15,class_retention_lower,0,948,,0.6,569,0.000462962962962963,0.5463387877452541,true
Tox21_SR_MMP,random_grouped,102,50_20_15_15,class_retention_lower,0,948,,0.7,664,0.000462962962962963,0.6491288196539706,true
Tox21_SR_MMP,random_grouped,102,50_20_15_15,class_retention_lower,0,948,,0.8,758,0.000462962962962963,0.7536426893809987,true
Tox21_SR_MMP,random_grouped,102,50_20_15_15,class_retention_lower,0,948,,0.9,853,0.000462962962962963,0.8636952569787701,true
Tox21_SR_MMP,random_grouped,102,50_20_15_15,class_retention_lower,0,948,,1.0,948,0.000462962962962963,0.9919336965051231,true
Tox21_SR_MMP,random_grouped,102,50_20_15_15,class_retention_lower,1,170,,0.5,85,0.000462962962962963,0.3723769552113335,false
Tox21_SR_MMP,random_grouped,102,50_20_15_15,class_retention_lower,1,170,,0.6,102,0.000462962962962963,0.4703099876029112,false
Tox21_SR_MMP,random_grouped,102,50_20_15_15,class_retention_lower,1,170,,0.7,119,0.000462962962962963,0.5735051534221287,true
Tox21_SR_MMP,random_grouped,102,50_20_15_15,class_retention_lower,1,170,,0.8,136,0.000462962962962963,0.6831506262344663,true
Tox21_SR_MMP,random_grouped,102,50_20_15_15,class_retention_lower,1,170,,0.9,153,0.000462962962962963,0.8027241348035871,true
Tox21_SR_MMP,random_grouped,102,50_20_15_15,class_retention_lower,1,170,,1.0,170,0.000462962962962963,0.9558408038705968,true
Tox21_SR_MMP,random_grouped,102,50_20_15_15,critical_selected_error_upper,1,85,0.5,0.0,0,0.000462962962962963,0.0863683576560106,true
Tox21_SR_MMP,random_grouped,102,50_20_15_15,critical_selected_error_upper,1,85,0.5,0.02,2,0.000462962962962963,0.13461155884857398,false
Tox21_SR_MMP,random_grouped,102,50_20_15_15,critical_selected_error_upper,1,85,0.5,0.05,4,0.000462962962962963,0.17352861210146878,false
Tox21_SR_MMP,random_grouped,102,50_20_15_15,critical_selected_error_upper,1,85,0.5,0.1,8,0.000462962962962963,0.24131746809635526,false
Tox21_SR_MMP,random_grouped,102,50_20_15_15,critical_selected_error_upper,1,102,0.6,0.0,0,0.000462962962962963,0.07250991220884477,true
Tox21_SR_MMP,random_grouped,102,50_20_15_15,critical_selected_error_upper,1,102,0.6,0.02,2,0.000462962962962963,0.11328799161636993,false
Tox21_SR_MMP,random_grouped,102,50_20_15_15,critical_selected_error_upper,1,102,0.6,0.05,5,0.000462962962962963,0.16148901027192933,false
Tox21_SR_MMP,random_grouped,102,50_20_15_15,critical_selected_error_upper,1,102,0.6,0.1,10,0.000462962962962963,0.23054033301660243,false
Tox21_SR_MMP,random_grouped,102,50_20_15_15,critical_selected_error_upper,1,118,0.7,0.0,0,0.000462962962962963,0.06299498056426614,true
Tox21_SR_MMP,random_grouped,102,50_20_15_15,critical_selected_error_upper,1,118,0.7,0.02,2,0.000462962962962963,0.09858465471068509,true
Tox21_SR_MMP,random_grouped,102,50_20_15_15,critical_selected_error_upper,1,118,0.7,0.05,6,0.000462962962962963,0.15356895474833146,false
Tox21_SR_MMP,random_grouped,102,50_20_15_15,critical_selected_error_upper,1,118,0.7,0.1,12,0.000462962962962963,0.2238383614789001,false
Tox21_SR_MMP,random_grouped,102,50_20_15_15,critical_selected_error_upper,1,136,0.8,0.0,0,0.000462962962962963,0.0548908718969012,true
Tox21_SR_MMP,random_grouped,102,50_20_15_15,critical_selected_error_upper,1,136,0.8,0.02,3,0.000462962962962963,0.09906862989424488,true
Tox21_SR_MMP,random_grouped,102,50_20_15_15,critical_selected_error_upper,1,136,0.8,0.05,7,0.000462962962962963,0.14513175888561639,false
Tox21_SR_MMP,random_grouped,102,50_20_15_15,critical_selected_error_upper,1,136,0.8,0.1,14,0.000462962962962963,0.21524265301068693,false
Tox21_SR_MMP,random_grouped,102,50_20_15_15,critical_selected_error_upper,1,153,0.9,0.0,0,0.000462962962962963,0.04894379228639944,true
Tox21_SR_MMP,random_grouped,102,50_20_15_15,critical_selected_error_upper,1,153,0.9,0.02,3,0.000462962962962963,0.08845748690877063,true
Tox21_SR_MMP,random_grouped,102,50_20_15_15,critical_selected_error_upper,1,153,0.9,0.05,8,0.000462962962962963,0.13925733757323117,false
Tox21_SR_MMP,random_grouped,102,50_20_15_15,critical_selected_error_upper,1,153,0.9,0.1,15,0.000462962962962963,0.20118302440054353,false
Tox21_SR_MMP,random_grouped,102,50_20_15_15,critical_selected_error_upper,1,170,1.0,0.0,0,0.000462962962962963,0.04415919612940283,true
Tox21_SR_MMP,random_grouped,102,50_20_15_15,critical_selected_error_upper,1,170,1.0,0.02,3,0.000462962962962963,0.07989845356992761,true
Tox21_SR_MMP,random_grouped,102,50_20_15_15,critical_selected_error_upper,1,170,1.0,0.05,8,0.000462962962962963,0.12592550645759654,false
Tox21_SR_MMP,random_grouped,102,50_20_15_15,critical_selected_error_upper,1,170,1.0,0.1,17,0.000462962962962963,0.19727586519641227,false
Tox21_SR_MMP,random_grouped,103,50_20_15_15,class_retention_lower,0,948,,0.5,474,0.000462962962962963,0.4458598510351111,false
Tox21_SR_MMP,random_grouped,103,50_20_15_15,class_retention_lower,0,948,,0.6,569,0.000462962962962963,0.5463387877452541,true
Tox21_SR_MMP,random_grouped,103,50_20_15_15,class_retention_lower,0,948,,0.7,664,0.000462962962962963,0.6491288196539706,true
Tox21_SR_MMP,random_grouped,103,50_20_15_15,class_retention_lower,0,948,,0.8,758,0.000462962962962963,0.7536426893809987,true
Tox21_SR_MMP,random_grouped,103,50_20_15_15,class_retention_lower,0,948,,0.9,853,0.000462962962962963,0.8636952569787701,true
Tox21_SR_MMP,random_grouped,103,50_20_15_15,class_retention_lower,0,948,,1.0,948,0.000462962962962963,0.9919336965051231,true
Tox21_SR_MMP,random_grouped,103,50_20_15_15,class_retention_lower,1,170,,0.5,85,0.000462962962962963,0.3723769552113335,false
Tox21_SR_MMP,random_grouped,103,50_20_15_15,class_retention_lower,1,170,,0.6,102,0.000462962962962963,0.4703099876029112,false
Tox21_SR_MMP,random_grouped,103,50_20_15_15,class_retention_lower,1,170,,0.7,119,0.000462962962962963,0.5735051534221287,true
Tox21_SR_MMP,random_grouped,103,50_20_15_15,class_retention_lower,1,170,,0.8,136,0.000462962962962963,0.6831506262344663,true
Tox21_SR_MMP,random_grouped,103,50_20_15_15,class_retention_lower,1,170,,0.9,153,0.000462962962962963,0.8027241348035871,true
Tox21_SR_MMP,random_grouped,103,50_20_15_15,class_retention_lower,1,170,,1.0,170,0.000462962962962963,0.9558408038705968,true
Tox21_SR_MMP,random_grouped,103,50_20_15_15,critical_selected_error_upper,1,85,0.5,0.0,0,0.000462962962962963,0.0863683576560106,true
Tox21_SR_MMP,random_grouped,103,50_20_15_15,critical_selected_error_upper,1,85,0.5,0.02,2,0.000462962962962963,0.13461155884857398,false
Tox21_SR_MMP,random_grouped,103,50_20_15_15,critical_selected_error_upper,1,85,0.5,0.05,4,0.000462962962962963,0.17352861210146878,false
Tox21_SR_MMP,random_grouped,103,50_20_15_15,critical_selected_error_upper,1,85,0.5,0.1,8,0.000462962962962963,0.24131746809635526,false
Tox21_SR_MMP,random_grouped,103,50_20_15_15,critical_selected_error_upper,1,102,0.6,0.0,0,0.000462962962962963,0.07250991220884477,true
Tox21_SR_MMP,random_grouped,103,50_20_15_15,critical_selected_error_upper,1,102,0.6,0.02,2,0.000462962962962963,0.11328799161636993,false
Tox21_SR_MMP,random_grouped,103,50_20_15_15,critical_selected_error_upper,1,102,0.6,0.05,5,0.000462962962962963,0.16148901027192933,false
Tox21_SR_MMP,random_grouped,103,50_20_15_15,critical_selected_error_upper,1,102,0.6,0.1,10,0.000462962962962963,0.23054033301660243,false
Tox21_SR_MMP,random_grouped,103,50_20_15_15,critical_selected_error_upper,1,118,0.7,0.0,0,0.000462962962962963,0.06299498056426614,true
Tox21_SR_MMP,random_grouped,103,50_20_15_15,critical_selected_error_upper,1,118,0.7,0.02,2,0.000462962962962963,0.09858465471068509,true
Tox21_SR_MMP,random_grouped,103,50_20_15_15,critical_selected_error_upper,1,118,0.7,0.05,6,0.000462962962962963,0.15356895474833146,false
Tox21_SR_MMP,random_grouped,103,50_20_15_15,critical_selected_error_upper,1,118,0.7,0.1,12,0.000462962962962963,0.2238383614789001,false
Tox21_SR_MMP,random_grouped,103,50_20_15_15,critical_selected_error_upper,1,136,0.8,0.0,0,0.000462962962962963,0.0548908718969012,true
Tox21_SR_MMP,random_grouped,103,50_20_15_15,critical_selected_error_upper,1,136,0.8,0.02,3,0.000462962962962963,0.09906862989424488,true
Tox21_SR_MMP,random_grouped,103,50_20_15_15,critical_selected_error_upper,1,136,0.8,0.05,7,0.000462962962962963,0.14513175888561639,false
Tox21_SR_MMP,random_grouped,103,50_20_15_15,critical_selected_error_upper,1,136,0.8,0.1,14,0.000462962962962963,0.21524265301068693,false
Tox21_SR_MMP,random_grouped,103,50_20_15_15,critical_selected_error_upper,1,153,0.9,0.0,0,0.000462962962962963,0.04894379228639944,true
Tox21_SR_MMP,random_grouped,103,50_20_15_15,critical_selected_error_upper,1,153,0.9,0.02,3,0.000462962962962963,0.08845748690877063,true
Tox21_SR_MMP,random_grouped,103,50_20_15_15,critical_selected_error_upper,1,153,0.9,0.05,8,0.000462962962962963,0.13925733757323117,false
Tox21_SR_MMP,random_grouped,103,50_20_15_15,critical_selected_error_upper,1,153,0.9,0.1,15,0.000462962962962963,0.20118302440054353,false
Tox21_SR_MMP,random_grouped,103,50_20_15_15,critical_selected_error_upper,1,170,1.0,0.0,0,0.000462962962962963,0.04415919612940283,true
Tox21_SR_MMP,random_grouped,103,50_20_15_15,critical_selected_error_upper,1,170,1.0,0.02,3,0.000462962962962963,0.07989845356992761,true
Tox21_SR_MMP,random_grouped,103,50_20_15_15,critical_selected_error_upper,1,170,1.0,0.05,8,0.000462962962962963,0.12592550645759654,false
Tox21_SR_MMP,random_grouped,103,50_20_15_15,critical_selected_error_upper,1,170,1.0,0.1,17,0.000462962962962963,0.19727586519641227,false
Tox21_SR_MMP,random_grouped,104,50_20_15_15,class_retention_lower,0,948,,0.5,474,0.000462962962962963,0.4458598510351111,false
Tox21_SR_MMP,random_grouped,104,50_20_15_15,class_retention_lower,0,948,,0.6,569,0.000462962962962963,0.5463387877452541,true
Tox21_SR_MMP,random_grouped,104,50_20_15_15,class_retention_lower,0,948,,0.7,664,0.000462962962962963,0.6491288196539706,true
Tox21_SR_MMP,random_grouped,104,50_20_15_15,class_retention_lower,0,948,,0.8,758,0.000462962962962963,0.7536426893809987,true
Tox21_SR_MMP,random_grouped,104,50_20_15_15,class_retention_lower,0,948,,0.9,853,0.000462962962962963,0.8636952569787701,true
Tox21_SR_MMP,random_grouped,104,50_20_15_15,class_retention_lower,0,948,,1.0,948,0.000462962962962963,0.9919336965051231,true
Tox21_SR_MMP,random_grouped,104,50_20_15_15,class_retention_lower,1,170,,0.5,85,0.000462962962962963,0.3723769552113335,false
Tox21_SR_MMP,random_grouped,104,50_20_15_15,class_retention_lower,1,170,,0.6,102,0.000462962962962963,0.4703099876029112,false
Tox21_SR_MMP,random_grouped,104,50_20_15_15,class_retention_lower,1,170,,0.7,119,0.000462962962962963,0.5735051534221287,true
Tox21_SR_MMP,random_grouped,104,50_20_15_15,class_retention_lower,1,170,,0.8,136,0.000462962962962963,0.6831506262344663,true
Tox21_SR_MMP,random_grouped,104,50_20_15_15,class_retention_lower,1,170,,0.9,153,0.000462962962962963,0.8027241348035871,true
Tox21_SR_MMP,random_grouped,104,50_20_15_15,class_retention_lower,1,170,,1.0,170,0.000462962962962963,0.9558408038705968,true
Tox21_SR_MMP,random_grouped,104,50_20_15_15,critical_selected_error_upper,1,85,0.5,0.0,0,0.000462962962962963,0.0863683576560106,true
Tox21_SR_MMP,random_grouped,104,50_20_15_15,critical_selected_error_upper,1,85,0.5,0.02,2,0.000462962962962963,0.13461155884857398,false
Tox21_SR_MMP,random_grouped,104,50_20_15_15,critical_selected_error_upper,1,85,0.5,0.05,4,0.000462962962962963,0.17352861210146878,false
Tox21_SR_MMP,random_grouped,104,50_20_15_15,critical_selected_error_upper,1,85,0.5,0.1,8,0.000462962962962963,0.24131746809635526,false
Tox21_SR_MMP,random_grouped,104,50_20_15_15,critical_selected_error_upper,1,102,0.6,0.0,0,0.000462962962962963,0.07250991220884477,true
Tox21_SR_MMP,random_grouped,104,50_20_15_15,critical_selected_error_upper,1,102,0.6,0.02,2,0.000462962962962963,0.11328799161636993,false
Tox21_SR_MMP,random_grouped,104,50_20_15_15,critical_selected_error_upper,1,102,0.6,0.05,5,0.000462962962962963,0.16148901027192933,false
Tox21_SR_MMP,random_grouped,104,50_20_15_15,critical_selected_error_upper,1,102,0.6,0.1,10,0.000462962962962963,0.23054033301660243,false
Tox21_SR_MMP,random_grouped,104,50_20_15_15,critical_selected_error_upper,1,118,0.7,0.0,0,0.000462962962962963,0.06299498056426614,true
Tox21_SR_MMP,random_grouped,104,50_20_15_15,critical_selected_error_upper,1,118,0.7,0.02,2,0.000462962962962963,0.09858465471068509,true
Tox21_SR_MMP,random_grouped,104,50_20_15_15,critical_selected_error_upper,1,118,0.7,0.05,6,0.000462962962962963,0.15356895474833146,false
Tox21_SR_MMP,random_grouped,104,50_20_15_15,critical_selected_error_upper,1,118,0.7,0.1,12,0.000462962962962963,0.2238383614789001,false
Tox21_SR_MMP,random_grouped,104,50_20_15_15,critical_selected_error_upper,1,136,0.8,0.0,0,0.000462962962962963,0.0548908718969012,true
Tox21_SR_MMP,random_grouped,104,50_20_15_15,critical_selected_error_upper,1,136,0.8,0.02,3,0.000462962962962963,0.09906862989424488,true
Tox21_SR_MMP,random_grouped,104,50_20_15_15,critical_selected_error_upper,1,136,0.8,0.05,7,0.000462962962962963,0.14513175888561639,false
Tox21_SR_MMP,random_grouped,104,50_20_15_15,critical_selected_error_upper,1,136,0.8,0.1,14,0.000462962962962963,0.21524265301068693,false
Tox21_SR_MMP,random_grouped,104,50_20_15_15,critical_selected_error_upper,1,153,0.9,0.0,0,0.000462962962962963,0.04894379228639944,true
Tox21_SR_MMP,random_grouped,104,50_20_15_15,critical_selected_error_upper,1,153,0.9,0.02,3,0.000462962962962963,0.08845748690877063,true
Tox21_SR_MMP,random_grouped,104,50_20_15_15,critical_selected_error_upper,1,153,0.9,0.05,8,0.000462962962962963,0.13925733757323117,false
Tox21_SR_MMP,random_grouped,104,50_20_15_15,critical_selected_error_upper,1,153,0.9,0.1,15,0.000462962962962963,0.20118302440054353,false
Tox21_SR_MMP,random_grouped,104,50_20_15_15,critical_selected_error_upper,1,170,1.0,0.0,0,0.000462962962962963,0.04415919612940283,true
Tox21_SR_MMP,random_grouped,104,50_20_15_15,critical_selected_error_upper,1,170,1.0,0.02,3,0.000462962962962963,0.07989845356992761,true
Tox21_SR_MMP,random_grouped,104,50_20_15_15,critical_selected_error_upper,1,170,1.0,0.05,8,0.000462962962962963,0.12592550645759654,false
Tox21_SR_MMP,random_grouped,104,50_20_15_15,critical_selected_error_upper,1,170,1.0,0.1,17,0.000462962962962963,0.19727586519641227,false
Tox21_SR_MMP,random_grouped,105,50_20_15_15,class_retention_lower,0,948,,0.5,474,0.000462962962962963,0.4458598510351111,false
Tox21_SR_MMP,random_grouped,105,50_20_15_15,class_retention_lower,0,948,,0.6,569,0.000462962962962963,0.5463387877452541,true
Tox21_SR_MMP,random_grouped,105,50_20_15_15,class_retention_lower,0,948,,0.7,664,0.000462962962962963,0.6491288196539706,true
Tox21_SR_MMP,random_grouped,105,50_20_15_15,class_retention_lower,0,948,,0.8,758,0.000462962962962963,0.7536426893809987,true
Tox21_SR_MMP,random_grouped,105,50_20_15_15,class_retention_lower,0,948,,0.9,853,0.000462962962962963,0.8636952569787701,true
Tox21_SR_MMP,random_grouped,105,50_20_15_15,class_retention_lower,0,948,,1.0,948,0.000462962962962963,0.9919336965051231,true
Tox21_SR_MMP,random_grouped,105,50_20_15_15,class_retention_lower,1,170,,0.5,85,0.000462962962962963,0.3723769552113335,false
Tox21_SR_MMP,random_grouped,105,50_20_15_15,class_retention_lower,1,170,,0.6,102,0.000462962962962963,0.4703099876029112,false
Tox21_SR_MMP,random_grouped,105,50_20_15_15,class_retention_lower,1,170,,0.7,119,0.000462962962962963,0.5735051534221287,true
Tox21_SR_MMP,random_grouped,105,50_20_15_15,class_retention_lower,1,170,,0.8,136,0.000462962962962963,0.6831506262344663,true
Tox21_SR_MMP,random_grouped,105,50_20_15_15,class_retention_lower,1,170,,0.9,153,0.000462962962962963,0.8027241348035871,true
Tox21_SR_MMP,random_grouped,105,50_20_15_15,class_retention_lower,1,170,,1.0,170,0.000462962962962963,0.9558408038705968,true
Tox21_SR_MMP,random_grouped,105,50_20_15_15,critical_selected_error_upper,1,85,0.5,0.0,0,0.000462962962962963,0.0863683576560106,true
Tox21_SR_MMP,random_grouped,105,50_20_15_15,critical_selected_error_upper,1,85,0.5,0.02,2,0.000462962962962963,0.13461155884857398,false
Tox21_SR_MMP,random_grouped,105,50_20_15_15,critical_selected_error_upper,1,85,0.5,0.05,4,0.000462962962962963,0.17352861210146878,false
Tox21_SR_MMP,random_grouped,105,50_20_15_15,critical_selected_error_upper,1,85,0.5,0.1,8,0.000462962962962963,0.24131746809635526,false
Tox21_SR_MMP,random_grouped,105,50_20_15_15,critical_selected_error_upper,1,102,0.6,0.0,0,0.000462962962962963,0.07250991220884477,true
Tox21_SR_MMP,random_grouped,105,50_20_15_15,critical_selected_error_upper,1,102,0.6,0.02,2,0.000462962962962963,0.11328799161636993,false
Tox21_SR_MMP,random_grouped,105,50_20_15_15,critical_selected_error_upper,1,102,0.6,0.05,5,0.000462962962962963,0.16148901027192933,false
Tox21_SR_MMP,random_grouped,105,50_20_15_15,critical_selected_error_upper,1,102,0.6,0.1,10,0.000462962962962963,0.23054033301660243,false
Tox21_SR_MMP,random_grouped,105,50_20_15_15,critical_selected_error_upper,1,118,0.7,0.0,0,0.000462962962962963,0.06299498056426614,true
Tox21_SR_MMP,random_grouped,105,50_20_15_15,critical_selected_error_upper,1,118,0.7,0.02,2,0.000462962962962963,0.09858465471068509,true
Tox21_SR_MMP,random_grouped,105,50_20_15_15,critical_selected_error_upper,1,118,0.7,0.05,6,0.000462962962962963,0.15356895474833146,false
Tox21_SR_MMP,random_grouped,105,50_20_15_15,critical_selected_error_upper,1,118,0.7,0.1,12,0.000462962962962963,0.2238383614789001,false
Tox21_SR_MMP,random_grouped,105,50_20_15_15,critical_selected_error_upper,1,136,0.8,0.0,0,0.000462962962962963,0.0548908718969012,true
Tox21_SR_MMP,random_grouped,105,50_20_15_15,critical_selected_error_upper,1,136,0.8,0.02,3,0.000462962962962963,0.09906862989424488,true
Tox21_SR_MMP,random_grouped,105,50_20_15_15,critical_selected_error_upper,1,136,0.8,0.05,7,0.000462962962962963,0.14513175888561639,false
Tox21_SR_MMP,random_grouped,105,50_20_15_15,critical_selected_error_upper,1,136,0.8,0.1,14,0.000462962962962963,0.21524265301068693,false
Tox21_SR_MMP,random_grouped,105,50_20_15_15,critical_selected_error_upper,1,153,0.9,0.0,0,0.000462962962962963,0.04894379228639944,true
Tox21_SR_MMP,random_grouped,105,50_20_15_15,critical_selected_error_upper,1,153,0.9,0.02,3,0.000462962962962963,0.08845748690877063,true
Tox21_SR_MMP,random_grouped,105,50_20_15_15,critical_selected_error_upper,1,153,0.9,0.05,8,0.000462962962962963,0.13925733757323117,false
Tox21_SR_MMP,random_grouped,105,50_20_15_15,critical_selected_error_upper,1,153,0.9,0.1,15,0.000462962962962963,0.20118302440054353,false
Tox21_SR_MMP,random_grouped,105,50_20_15_15,critical_selected_error_upper,1,170,1.0,0.0,0,0.000462962962962963,0.04415919612940283,true
Tox21_SR_MMP,random_grouped,105,50_20_15_15,critical_selected_error_upper,1,170,1.0,0.02,3,0.000462962962962963,0.07989845356992761,true
Tox21_SR_MMP,random_grouped,105,50_20_15_15,critical_selected_error_upper,1,170,1.0,0.05,8,0.000462962962962963,0.12592550645759654,false
Tox21_SR_MMP,random_grouped,105,50_20_15_15,critical_selected_error_upper,1,170,1.0,0.1,17,0.000462962962962963,0.19727586519641227,false
Tox21_SR_MMP,strict_scaffold,101,50_20_15_15,class_retention_lower,0,955,,0.5,478,0.000462962962962963,0.4465786407695416,false
Tox21_SR_MMP,strict_scaffold,101,50_20_15_15,class_retention_lower,0,955,,0.6,573,0.000462962962962963,0.5463264375958271,true
Tox21_SR_MMP,strict_scaffold,101,50_20_15_15,class_retention_lower,0,955,,0.7,668,0.000462962962962963,0.6483422722519293,true
Tox21_SR_MMP,strict_scaffold,101,50_20_15_15,class_retention_lower,0,955,,0.8,764,0.000462962962962963,0.7542736739638555,true
Tox21_SR_MMP,strict_scaffold,101,50_20_15_15,class_retention_lower,0,955,,0.9,860,0.000462962962962963,0.8646742072392474,true
Tox21_SR_MMP,strict_scaffold,101,50_20_15_15,class_retention_lower,0,955,,1.0,955,0.000462962962962963,0.9919925838878757,true
Tox21_SR_MMP,strict_scaffold,101,50_20_15_15,class_retention_lower,1,172,,0.5,86,0.000462962962962963,0.37311087693213096,false
Tox21_SR_MMP,strict_scaffold,101,50_20_15_15,class_retention_lower,1,172,,0.6,103,0.000462962962962963,0.46991491851132905,false
Tox21_SR_MMP,strict_scaffold,101,50_20_15_15,class_retention_lower,1,172,,0.7,120,0.000462962962962963,0.5718228645964891,true
Tox21_SR_MMP,strict_scaffold,101,50_20_15_15,class_retention_lower,1,172,,0.8,138,0.000462962962962963,0.686555850933338,true
Tox21_SR_MMP,strict_scaffold,101,50_20_15_15,class_retention_lower,1,172,,0.9,155,0.000462962962962963,0.804891061598146,true
Tox21_SR_MMP,strict_scaffold,101,50_20_15_15,class_retention_lower,1,172,,1.0,172,0.000462962962962963,0.9563429066469357,true
Tox21_SR_MMP,strict_scaffold,101,50_20_15_15,critical_selected_error_upper,1,86,0.5,0.0,0,0.000462962962962963,0.08540824490608964,true
Tox21_SR_MMP,strict_scaffold,101,50_20_15_15,critical_selected_error_upper,1,86,0.5,0.02,2,0.000462962962962963,0.1331378116243482,false
Tox21_SR_MMP,strict_scaffold,101,50_20_15_15,critical_selected_error_upper,1,86,0.5,0.05,4,0.000462962962962963,0.17164932912313877,false
Tox21_SR_MMP,strict_scaffold,101,50_20_15_15,critical_selected_error_upper,1,86,0.5,0.1,9,0.000462962962962963,0.2543115185022278,false
Tox21_SR_MMP,strict_scaffold,101,50_20_15_15,critical_selected_error_upper,1,103,0.6,0.0,0,0.000462962962962963,0.07183184776773013,true
Tox21_SR_MMP,strict_scaffold,101,50_20_15_15,critical_selected_error_upper,1,103,0.6,0.02,2,0.000462962962962963,0.11224186958953941,false
Tox21_SR_MMP,strict_scaffold,101,50_20_15_15,critical_selected_error_upper,1,103,0.6,0.05,5,0.000462962962962963,0.16001672264456016,false
Tox21_SR_MMP,strict_scaffold,101,50_20_15_15,critical_selected_error_upper,1,103,0.6,0.1,10,0.000462962962962963,0.22847318027529567,false
Tox21_SR_MMP,strict_scaffold,101,50_20_15_15,critical_selected_error_upper,1,120,0.7,0.0,0,0.000462962962962963,0.06197829992855635,true
Tox21_SR_MMP,strict_scaffold,101,50_20_15_15,critical_selected_error_upper,1,120,0.7,0.02,2,0.000462962962962963,0.09701059198120239,true
Tox21_SR_MMP,strict_scaffold,101,50_20_15_15,critical_selected_error_upper,1,120,0.7,0.05,6,0.000462962962962963,0.1511507397846795,false
Tox21_SR_MMP,strict_scaffold,101,50_20_15_15,critical_selected_error_upper,1,120,0.7,0.1,12,0.000462962962962963,0.22036881131831285,false
Tox21_SR_MMP,strict_scaffold,101,50_20_15_15,critical_selected_error_upper,1,137,0.8,0.0,0,0.000462962962962963,0.05450133163312909,true
Tox21_SR_MMP,strict_scaffold,101,50_20_15_15,critical_selected_error_upper,1,137,0.8,0.02,3,0.000462962962962963,0.09837452360292982,true
Tox21_SR_MMP,strict_scaffold,101,50_20_15_15,critical_selected_error_upper,1,137,0.8,0.05,7,0.000462962962962963,0.1441260641840301,false
Tox21_SR_MMP,strict_scaffold,101,50_20_15_15,critical_selected_error_upper,1,137,0.8,0.1,14,0.000462962962962963,0.21377332061796564,false
Tox21_SR_MMP,strict_scaffold,101,50_20_15_15,critical_selected_error_upper,1,154,0.9,0.0,0,0.000462962962962963,0.04863383262280264,true
Tox21_SR_MMP,strict_scaffold,101,50_20_15_15,critical_selected_error_upper,1,154,0.9,0.02,3,0.000462962962962963,0.08790360260720564,true
Tox21_SR_MMP,strict_scaffold,101,50_20_15_15,critical_selected_error_upper,1,154,0.9,0.05,8,0.000462962962962963,0.1383955671265407,false
Tox21_SR_MMP,strict_scaffold,101,50_20_15_15,critical_selected_error_upper,1,154,0.9,0.1,15,0.000462962962962963,0.19995371682559435,false
Tox21_SR_MMP,strict_scaffold,101,50_20_15_15,critical_selected_error_upper,1,172,1.0,0.0,0,0.000462962962962963,0.04365709335306389,true
Tox21_SR_MMP,strict_scaffold,101,50_20_15_15,critical_selected_error_upper,1,172,1.0,0.02,3,0.000462962962962963,0.07899912155606476,true
Tox21_SR_MMP,strict_scaffold,101,50_20_15_15,critical_selected_error_upper,1,172,1.0,0.05,9,0.000462962962962963,0.13287050820284502,false
Tox21_SR_MMP,strict_scaffold,101,50_20_15_15,critical_selected_error_upper,1,172,1.0,0.1,17,0.000462962962962963,0.19510893840185325,false
Tox21_SR_MMP,strict_scaffold,102,50_20_15_15,class_retention_lower,0,955,,0.5,478,0.000462962962962963,0.4465786407695416,false
Tox21_SR_MMP,strict_scaffold,102,50_20_15_15,class_retention_lower,0,955,,0.6,573,0.000462962962962963,0.5463264375958271,true
Tox21_SR_MMP,strict_scaffold,102,50_20_15_15,class_retention_lower,0,955,,0.7,668,0.000462962962962963,0.6483422722519293,true
Tox21_SR_MMP,strict_scaffold,102,50_20_15_15,class_retention_lower,0,955,,0.8,764,0.000462962962962963,0.7542736739638555,true
Tox21_SR_MMP,strict_scaffold,102,50_20_15_15,class_retention_lower,0,955,,0.9,860,0.000462962962962963,0.8646742072392474,true
Tox21_SR_MMP,strict_scaffold,102,50_20_15_15,class_retention_lower,0,955,,1.0,955,0.000462962962962963,0.9919925838878757,true
Tox21_SR_MMP,strict_scaffold,102,50_20_15_15,class_retention_lower,1,172,,0.5,86,0.000462962962962963,0.37311087693213096,false
Tox21_SR_MMP,strict_scaffold,102,50_20_15_15,class_retention_lower,1,172,,0.6,103,0.000462962962962963,0.46991491851132905,false
Tox21_SR_MMP,strict_scaffold,102,50_20_15_15,class_retention_lower,1,172,,0.7,120,0.000462962962962963,0.5718228645964891,true
Tox21_SR_MMP,strict_scaffold,102,50_20_15_15,class_retention_lower,1,172,,0.8,138,0.000462962962962963,0.686555850933338,true
Tox21_SR_MMP,strict_scaffold,102,50_20_15_15,class_retention_lower,1,172,,0.9,155,0.000462962962962963,0.804891061598146,true
Tox21_SR_MMP,strict_scaffold,102,50_20_15_15,class_retention_lower,1,172,,1.0,172,0.000462962962962963,0.9563429066469357,true
Tox21_SR_MMP,strict_scaffold,102,50_20_15_15,critical_selected_error_upper,1,86,0.5,0.0,0,0.000462962962962963,0.08540824490608964,true
Tox21_SR_MMP,strict_scaffold,102,50_20_15_15,critical_selected_error_upper,1,86,0.5,0.02,2,0.000462962962962963,0.1331378116243482,false
Tox21_SR_MMP,strict_scaffold,102,50_20_15_15,critical_selected_error_upper,1,86,0.5,0.05,4,0.000462962962962963,0.17164932912313877,false
Tox21_SR_MMP,strict_scaffold,102,50_20_15_15,critical_selected_error_upper,1,86,0.5,0.1,9,0.000462962962962963,0.2543115185022278,false
Tox21_SR_MMP,strict_scaffold,102,50_20_15_15,critical_selected_error_upper,1,103,0.6,0.0,0,0.000462962962962963,0.07183184776773013,true
Tox21_SR_MMP,strict_scaffold,102,50_20_15_15,critical_selected_error_upper,1,103,0.6,0.02,2,0.000462962962962963,0.11224186958953941,false
Tox21_SR_MMP,strict_scaffold,102,50_20_15_15,critical_selected_error_upper,1,103,0.6,0.05,5,0.000462962962962963,0.16001672264456016,false
Tox21_SR_MMP,strict_scaffold,102,50_20_15_15,critical_selected_error_upper,1,103,0.6,0.1,10,0.000462962962962963,0.22847318027529567,false
Tox21_SR_MMP,strict_scaffold,102,50_20_15_15,critical_selected_error_upper,1,120,0.7,0.0,0,0.000462962962962963,0.06197829992855635,true
Tox21_SR_MMP,strict_scaffold,102,50_20_15_15,critical_selected_error_upper,1,120,0.7,0.02,2,0.000462962962962963,0.09701059198120239,true
Tox21_SR_MMP,strict_scaffold,102,50_20_15_15,critical_selected_error_upper,1,120,0.7,0.05,6,0.000462962962962963,0.1511507397846795,false
Tox21_SR_MMP,strict_scaffold,102,50_20_15_15,critical_selected_error_upper,1,120,0.7,0.1,12,0.000462962962962963,0.22036881131831285,false
Tox21_SR_MMP,strict_scaffold,102,50_20_15_15,critical_selected_error_upper,1,137,0.8,0.0,0,0.000462962962962963,0.05450133163312909,true
Tox21_SR_MMP,strict_scaffold,102,50_20_15_15,critical_selected_error_upper,1,137,0.8,0.02,3,0.000462962962962963,0.09837452360292982,true
Tox21_SR_MMP,strict_scaffold,102,50_20_15_15,critical_selected_error_upper,1,137,0.8,0.05,7,0.000462962962962963,0.1441260641840301,false
Tox21_SR_MMP,strict_scaffold,102,50_20_15_15,critical_selected_error_upper,1,137,0.8,0.1,14,0.000462962962962963,0.21377332061796564,false
Tox21_SR_MMP,strict_scaffold,102,50_20_15_15,critical_selected_error_upper,1,154,0.9,0.0,0,0.000462962962962963,0.04863383262280264,true
Tox21_SR_MMP,strict_scaffold,102,50_20_15_15,critical_selected_error_upper,1,154,0.9,0.02,3,0.000462962962962963,0.08790360260720564,true
Tox21_SR_MMP,strict_scaffold,102,50_20_15_15,critical_selected_error_upper,1,154,0.9,0.05,8,0.000462962962962963,0.1383955671265407,false
Tox21_SR_MMP,strict_scaffold,102,50_20_15_15,critical_selected_error_upper,1,154,0.9,0.1,15,0.000462962962962963,0.19995371682559435,false
Tox21_SR_MMP,strict_scaffold,102,50_20_15_15,critical_selected_error_upper,1,172,1.0,0.0,0,0.000462962962962963,0.04365709335306389,true
Tox21_SR_MMP,strict_scaffold,102,50_20_15_15,critical_selected_error_upper,1,172,1.0,0.02,3,0.000462962962962963,0.07899912155606476,true
Tox21_SR_MMP,strict_scaffold,102,50_20_15_15,critical_selected_error_upper,1,172,1.0,0.05,9,0.000462962962962963,0.13287050820284502,false
Tox21_SR_MMP,strict_scaffold,102,50_20_15_15,critical_selected_error_upper,1,172,1.0,0.1,17,0.000462962962962963,0.19510893840185325,false
Tox21_SR_MMP,strict_scaffold,103,50_20_15_15,class_retention_lower,0,955,,0.5,478,0.000462962962962963,0.4465786407695416,false
Tox21_SR_MMP,strict_scaffold,103,50_20_15_15,class_retention_lower,0,955,,0.6,573,0.000462962962962963,0.5463264375958271,true
Tox21_SR_MMP,strict_scaffold,103,50_20_15_15,class_retention_lower,0,955,,0.7,668,0.000462962962962963,0.6483422722519293,true
Tox21_SR_MMP,strict_scaffold,103,50_20_15_15,class_retention_lower,0,955,,0.8,764,0.000462962962962963,0.7542736739638555,true
Tox21_SR_MMP,strict_scaffold,103,50_20_15_15,class_retention_lower,0,955,,0.9,860,0.000462962962962963,0.8646742072392474,true
Tox21_SR_MMP,strict_scaffold,103,50_20_15_15,class_retention_lower,0,955,,1.0,955,0.000462962962962963,0.9919925838878757,true
Tox21_SR_MMP,strict_scaffold,103,50_20_15_15,class_retention_lower,1,172,,0.5,86,0.000462962962962963,0.37311087693213096,false
Tox21_SR_MMP,strict_scaffold,103,50_20_15_15,class_retention_lower,1,172,,0.6,103,0.000462962962962963,0.46991491851132905,false
Tox21_SR_MMP,strict_scaffold,103,50_20_15_15,class_retention_lower,1,172,,0.7,120,0.000462962962962963,0.5718228645964891,true
Tox21_SR_MMP,strict_scaffold,103,50_20_15_15,class_retention_lower,1,172,,0.8,138,0.000462962962962963,0.686555850933338,true
Tox21_SR_MMP,strict_scaffold,103,50_20_15_15,class_retention_lower,1,172,,0.9,155,0.000462962962962963,0.804891061598146,true
Tox21_SR_MMP,strict_scaffold,103,50_20_15_15,class_retention_lower,1,172,,1.0,172,0.000462962962962963,0.9563429066469357,true
Tox21_SR_MMP,strict_scaffold,103,50_20_15_15,critical_selected_error_upper,1,86,0.5,0.0,0,0.000462962962962963,0.08540824490608964,true
Tox21_SR_MMP,strict_scaffold,103,50_20_15_15,critical_selected_error_upper,1,86,0.5,0.02,2,0.000462962962962963,0.1331378116243482,false
Tox21_SR_MMP,strict_scaffold,103,50_20_15_15,critical_selected_error_upper,1,86,0.5,0.05,4,0.000462962962962963,0.17164932912313877,false
Tox21_SR_MMP,strict_scaffold,103,50_20_15_15,critical_selected_error_upper,1,86,0.5,0.1,9,0.000462962962962963,0.2543115185022278,false
Tox21_SR_MMP,strict_scaffold,103,50_20_15_15,critical_selected_error_upper,1,103,0.6,0.0,0,0.000462962962962963,0.07183184776773013,true
Tox21_SR_MMP,strict_scaffold,103,50_20_15_15,critical_selected_error_upper,1,103,0.6,0.02,2,0.000462962962962963,0.11224186958953941,false
Tox21_SR_MMP,strict_scaffold,103,50_20_15_15,critical_selected_error_upper,1,103,0.6,0.05,5,0.000462962962962963,0.16001672264456016,false
Tox21_SR_MMP,strict_scaffold,103,50_20_15_15,critical_selected_error_upper,1,103,0.6,0.1,10,0.000462962962962963,0.22847318027529567,false
Tox21_SR_MMP,strict_scaffold,103,50_20_15_15,critical_selected_error_upper,1,120,0.7,0.0,0,0.000462962962962963,0.06197829992855635,true
Tox21_SR_MMP,strict_scaffold,103,50_20_15_15,critical_selected_error_upper,1,120,0.7,0.02,2,0.000462962962962963,0.09701059198120239,true
Tox21_SR_MMP,strict_scaffold,103,50_20_15_15,critical_selected_error_upper,1,120,0.7,0.05,6,0.000462962962962963,0.1511507397846795,false
Tox21_SR_MMP,strict_scaffold,103,50_20_15_15,critical_selected_error_upper,1,120,0.7,0.1,12,0.000462962962962963,0.22036881131831285,false
Tox21_SR_MMP,strict_scaffold,103,50_20_15_15,critical_selected_error_upper,1,137,0.8,0.0,0,0.000462962962962963,0.05450133163312909,true
Tox21_SR_MMP,strict_scaffold,103,50_20_15_15,critical_selected_error_upper,1,137,0.8,0.02,3,0.000462962962962963,0.09837452360292982,true
Tox21_SR_MMP,strict_scaffold,103,50_20_15_15,critical_selected_error_upper,1,137,0.8,0.05,7,0.000462962962962963,0.1441260641840301,false
Tox21_SR_MMP,strict_scaffold,103,50_20_15_15,critical_selected_error_upper,1,137,0.8,0.1,14,0.000462962962962963,0.21377332061796564,false
Tox21_SR_MMP,strict_scaffold,103,50_20_15_15,critical_selected_error_upper,1,154,0.9,0.0,0,0.000462962962962963,0.04863383262280264,true
Tox21_SR_MMP,strict_scaffold,103,50_20_15_15,critical_selected_error_upper,1,154,0.9,0.02,3,0.000462962962962963,0.08790360260720564,true
Tox21_SR_MMP,strict_scaffold,103,50_20_15_15,critical_selected_error_upper,1,154,0.9,0.05,8,0.000462962962962963,0.1383955671265407,false
Tox21_SR_MMP,strict_scaffold,103,50_20_15_15,critical_selected_error_upper,1,154,0.9,0.1,15,0.000462962962962963,0.19995371682559435,false
Tox21_SR_MMP,strict_scaffold,103,50_20_15_15,critical_selected_error_upper,1,172,1.0,0.0,0,0.000462962962962963,0.04365709335306389,true
Tox21_SR_MMP,strict_scaffold,103,50_20_15_15,critical_selected_error_upper,1,172,1.0,0.02,3,0.000462962962962963,0.07899912155606476,true
Tox21_SR_MMP,strict_scaffold,103,50_20_15_15,critical_selected_error_upper,1,172,1.0,0.05,9,0.000462962962962963,0.13287050820284502,false
Tox21_SR_MMP,strict_scaffold,103,50_20_15_15,critical_selected_error_upper,1,172,1.0,0.1,17,0.000462962962962963,0.19510893840185325,false
Tox21_SR_MMP,strict_scaffold,104,50_20_15_15,class_retention_lower,0,955,,0.5,478,0.000462962962962963,0.4465786407695416,false
Tox21_SR_MMP,strict_scaffold,104,50_20_15_15,class_retention_lower,0,955,,0.6,573,0.000462962962962963,0.5463264375958271,true
Tox21_SR_MMP,strict_scaffold,104,50_20_15_15,class_retention_lower,0,955,,0.7,668,0.000462962962962963,0.6483422722519293,true
Tox21_SR_MMP,strict_scaffold,104,50_20_15_15,class_retention_lower,0,955,,0.8,764,0.000462962962962963,0.7542736739638555,true
Tox21_SR_MMP,strict_scaffold,104,50_20_15_15,class_retention_lower,0,955,,0.9,860,0.000462962962962963,0.8646742072392474,true
Tox21_SR_MMP,strict_scaffold,104,50_20_15_15,class_retention_lower,0,955,,1.0,955,0.000462962962962963,0.9919925838878757,true
Tox21_SR_MMP,strict_scaffold,104,50_20_15_15,class_retention_lower,1,172,,0.5,86,0.000462962962962963,0.37311087693213096,false
Tox21_SR_MMP,strict_scaffold,104,50_20_15_15,class_retention_lower,1,172,,0.6,103,0.000462962962962963,0.46991491851132905,false
Tox21_SR_MMP,strict_scaffold,104,50_20_15_15,class_retention_lower,1,172,,0.7,120,0.000462962962962963,0.5718228645964891,true
Tox21_SR_MMP,strict_scaffold,104,50_20_15_15,class_retention_lower,1,172,,0.8,138,0.000462962962962963,0.686555850933338,true
Tox21_SR_MMP,strict_scaffold,104,50_20_15_15,class_retention_lower,1,172,,0.9,155,0.000462962962962963,0.804891061598146,true
Tox21_SR_MMP,strict_scaffold,104,50_20_15_15,class_retention_lower,1,172,,1.0,172,0.000462962962962963,0.9563429066469357,true
Tox21_SR_MMP,strict_scaffold,104,50_20_15_15,critical_selected_error_upper,1,86,0.5,0.0,0,0.000462962962962963,0.08540824490608964,true
Tox21_SR_MMP,strict_scaffold,104,50_20_15_15,critical_selected_error_upper,1,86,0.5,0.02,2,0.000462962962962963,0.1331378116243482,false
Tox21_SR_MMP,strict_scaffold,104,50_20_15_15,critical_selected_error_upper,1,86,0.5,0.05,4,0.000462962962962963,0.17164932912313877,false
Tox21_SR_MMP,strict_scaffold,104,50_20_15_15,critical_selected_error_upper,1,86,0.5,0.1,9,0.000462962962962963,0.2543115185022278,false
Tox21_SR_MMP,strict_scaffold,104,50_20_15_15,critical_selected_error_upper,1,103,0.6,0.0,0,0.000462962962962963,0.07183184776773013,true
Tox21_SR_MMP,strict_scaffold,104,50_20_15_15,critical_selected_error_upper,1,103,0.6,0.02,2,0.000462962962962963,0.11224186958953941,false
Tox21_SR_MMP,strict_scaffold,104,50_20_15_15,critical_selected_error_upper,1,103,0.6,0.05,5,0.000462962962962963,0.16001672264456016,false
Tox21_SR_MMP,strict_scaffold,104,50_20_15_15,critical_selected_error_upper,1,103,0.6,0.1,10,0.000462962962962963,0.22847318027529567,false
Tox21_SR_MMP,strict_scaffold,104,50_20_15_15,critical_selected_error_upper,1,120,0.7,0.0,0,0.000462962962962963,0.06197829992855635,true
Tox21_SR_MMP,strict_scaffold,104,50_20_15_15,critical_selected_error_upper,1,120,0.7,0.02,2,0.000462962962962963,0.09701059198120239,true
Tox21_SR_MMP,strict_scaffold,104,50_20_15_15,critical_selected_error_upper,1,120,0.7,0.05,6,0.000462962962962963,0.1511507397846795,false
Tox21_SR_MMP,strict_scaffold,104,50_20_15_15,critical_selected_error_upper,1,120,0.7,0.1,12,0.000462962962962963,0.22036881131831285,false
Tox21_SR_MMP,strict_scaffold,104,50_20_15_15,critical_selected_error_upper,1,137,0.8,0.0,0,0.000462962962962963,0.05450133163312909,true
Tox21_SR_MMP,strict_scaffold,104,50_20_15_15,critical_selected_error_upper,1,137,0.8,0.02,3,0.000462962962962963,0.09837452360292982,true
Tox21_SR_MMP,strict_scaffold,104,50_20_15_15,critical_selected_error_upper,1,137,0.8,0.05,7,0.000462962962962963,0.1441260641840301,false
Tox21_SR_MMP,strict_scaffold,104,50_20_15_15,critical_selected_error_upper,1,137,0.8,0.1,14,0.000462962962962963,0.21377332061796564,false
Tox21_SR_MMP,strict_scaffold,104,50_20_15_15,critical_selected_error_upper,1,154,0.9,0.0,0,0.000462962962962963,0.04863383262280264,true
Tox21_SR_MMP,strict_scaffold,104,50_20_15_15,critical_selected_error_upper,1,154,0.9,0.02,3,0.000462962962962963,0.08790360260720564,true
Tox21_SR_MMP,strict_scaffold,104,50_20_15_15,critical_selected_error_upper,1,154,0.9,0.05,8,0.000462962962962963,0.1383955671265407,false
Tox21_SR_MMP,strict_scaffold,104,50_20_15_15,critical_selected_error_upper,1,154,0.9,0.1,15,0.000462962962962963,0.19995371682559435,false
Tox21_SR_MMP,strict_scaffold,104,50_20_15_15,critical_selected_error_upper,1,172,1.0,0.0,0,0.000462962962962963,0.04365709335306389,true
Tox21_SR_MMP,strict_scaffold,104,50_20_15_15,critical_selected_error_upper,1,172,1.0,0.02,3,0.000462962962962963,0.07899912155606476,true
Tox21_SR_MMP,strict_scaffold,104,50_20_15_15,critical_selected_error_upper,1,172,1.0,0.05,9,0.000462962962962963,0.13287050820284502,false
Tox21_SR_MMP,strict_scaffold,104,50_20_15_15,critical_selected_error_upper,1,172,1.0,0.1,17,0.000462962962962963,0.19510893840185325,false
Tox21_SR_MMP,strict_scaffold,105,50_20_15_15,class_retention_lower,0,955,,0.5,478,0.000462962962962963,0.4465786407695416,false
Tox21_SR_MMP,strict_scaffold,105,50_20_15_15,class_retention_lower,0,955,,0.6,573,0.000462962962962963,0.5463264375958271,true
Tox21_SR_MMP,strict_scaffold,105,50_20_15_15,class_retention_lower,0,955,,0.7,668,0.000462962962962963,0.6483422722519293,true
Tox21_SR_MMP,strict_scaffold,105,50_20_15_15,class_retention_lower,0,955,,0.8,764,0.000462962962962963,0.7542736739638555,true
Tox21_SR_MMP,strict_scaffold,105,50_20_15_15,class_retention_lower,0,955,,0.9,860,0.000462962962962963,0.8646742072392474,true
Tox21_SR_MMP,strict_scaffold,105,50_20_15_15,class_retention_lower,0,955,,1.0,955,0.000462962962962963,0.9919925838878757,true
Tox21_SR_MMP,strict_scaffold,105,50_20_15_15,class_retention_lower,1,172,,0.5,86,0.000462962962962963,0.37311087693213096,false
Tox21_SR_MMP,strict_scaffold,105,50_20_15_15,class_retention_lower,1,172,,0.6,103,0.000462962962962963,0.46991491851132905,false
Tox21_SR_MMP,strict_scaffold,105,50_20_15_15,class_retention_lower,1,172,,0.7,120,0.000462962962962963,0.5718228645964891,true
Tox21_SR_MMP,strict_scaffold,105,50_20_15_15,class_retention_lower,1,172,,0.8,138,0.000462962962962963,0.686555850933338,true
Tox21_SR_MMP,strict_scaffold,105,50_20_15_15,class_retention_lower,1,172,,0.9,155,0.000462962962962963,0.804891061598146,true
Tox21_SR_MMP,strict_scaffold,105,50_20_15_15,class_retention_lower,1,172,,1.0,172,0.000462962962962963,0.9563429066469357,true
Tox21_SR_MMP,strict_scaffold,105,50_20_15_15,critical_selected_error_upper,1,86,0.5,0.0,0,0.000462962962962963,0.08540824490608964,true
Tox21_SR_MMP,strict_scaffold,105,50_20_15_15,critical_selected_error_upper,1,86,0.5,0.02,2,0.000462962962962963,0.1331378116243482,false
Tox21_SR_MMP,strict_scaffold,105,50_20_15_15,critical_selected_error_upper,1,86,0.5,0.05,4,0.000462962962962963,0.17164932912313877,false
Tox21_SR_MMP,strict_scaffold,105,50_20_15_15,critical_selected_error_upper,1,86,0.5,0.1,9,0.000462962962962963,0.2543115185022278,false
Tox21_SR_MMP,strict_scaffold,105,50_20_15_15,critical_selected_error_upper,1,103,0.6,0.0,0,0.000462962962962963,0.07183184776773013,true
Tox21_SR_MMP,strict_scaffold,105,50_20_15_15,critical_selected_error_upper,1,103,0.6,0.02,2,0.000462962962962963,0.11224186958953941,false
Tox21_SR_MMP,strict_scaffold,105,50_20_15_15,critical_selected_error_upper,1,103,0.6,0.05,5,0.000462962962962963,0.16001672264456016,false
Tox21_SR_MMP,strict_scaffold,105,50_20_15_15,critical_selected_error_upper,1,103,0.6,0.1,10,0.000462962962962963,0.22847318027529567,false
Tox21_SR_MMP,strict_scaffold,105,50_20_15_15,critical_selected_error_upper,1,120,0.7,0.0,0,0.000462962962962963,0.06197829992855635,true
Tox21_SR_MMP,strict_scaffold,105,50_20_15_15,critical_selected_error_upper,1,120,0.7,0.02,2,0.000462962962962963,0.09701059198120239,true
Tox21_SR_MMP,strict_scaffold,105,50_20_15_15,critical_selected_error_upper,1,120,0.7,0.05,6,0.000462962962962963,0.1511507397846795,false
Tox21_SR_MMP,strict_scaffold,105,50_20_15_15,critical_selected_error_upper,1,120,0.7,0.1,12,0.000462962962962963,0.22036881131831285,false
Tox21_SR_MMP,strict_scaffold,105,50_20_15_15,critical_selected_error_upper,1,137,0.8,0.0,0,0.000462962962962963,0.05450133163312909,true
Tox21_SR_MMP,strict_scaffold,105,50_20_15_15,critical_selected_error_upper,1,137,0.8,0.02,3,0.000462962962962963,0.09837452360292982,true
Tox21_SR_MMP,strict_scaffold,105,50_20_15_15,critical_selected_error_upper,1,137,0.8,0.05,7,0.000462962962962963,0.1441260641840301,false
Tox21_SR_MMP,strict_scaffold,105,50_20_15_15,critical_selected_error_upper,1,137,0.8,0.1,14,0.000462962962962963,0.21377332061796564,false
Tox21_SR_MMP,strict_scaffold,105,50_20_15_15,critical_selected_error_upper,1,154,0.9,0.0,0,0.000462962962962963,0.04863383262280264,true
Tox21_SR_MMP,strict_scaffold,105,50_20_15_15,critical_selected_error_upper,1,154,0.9,0.02,3,0.000462962962962963,0.08790360260720564,true
Tox21_SR_MMP,strict_scaffold,105,50_20_15_15,critical_selected_error_upper,1,154,0.9,0.05,8,0.000462962962962963,0.1383955671265407,false
Tox21_SR_MMP,strict_scaffold,105,50_20_15_15,critical_selected_error_upper,1,154,0.9,0.1,15,0.000462962962962963,0.19995371682559435,false
Tox21_SR_MMP,strict_scaffold,105,50_20_15_15,critical_selected_error_upper,1,172,1.0,0.0,0,0.000462962962962963,0.04365709335306389,true
Tox21_SR_MMP,strict_scaffold,105,50_20_15_15,critical_selected_error_upper,1,172,1.0,0.02,3,0.000462962962962963,0.07899912155606476,true
Tox21_SR_MMP,strict_scaffold,105,50_20_15_15,critical_selected_error_upper,1,172,1.0,0.05,9,0.000462962962962963,0.13287050820284502,false
Tox21_SR_MMP,strict_scaffold,105,50_20_15_15,critical_selected_error_upper,1,172,1.0,0.1,17,0.000462962962962963,0.19510893840185325,false
Tox21_SR_MMP,similarity_cluster,101,50_20_15_15,class_retention_lower,0,943,,0.5,472,0.000462962962962963,0.44624195084222273,false
Tox21_SR_MMP,similarity_cluster,101,50_20_15_15,class_retention_lower,0,943,,0.6,566,0.000462962962962963,0.5461946039909132,true
Tox21_SR_MMP,similarity_cluster,101,50_20_15_15,class_retention_lower,0,943,,0.7,660,0.000462962962962963,0.6484396667622849,true
Tox21_SR_MMP,similarity_cluster,101,50_20_15_15,class_retention_lower,0,943,,0.8,754,0.000462962962962963,0.7535112771570965,true
Tox21_SR_MMP,similarity_cluster,101,50_20_15_15,class_retention_lower,0,943,,0.9,849,0.000462962962962963,0.8641896037396328,true
Tox21_SR_MMP,similarity_cluster,101,50_20_15_15,class_retention_lower,0,943,,1.0,943,0.000462962962962963,0.9918911010091013,true
Tox21_SR_MMP,similarity_cluster,101,50_20_15_15,class_retention_lower,1,175,,0.5,88,0.000462962962962963,0.37692159083287247,false
Tox21_SR_MMP,similarity_cluster,101,50_20_15_15,class_retention_lower,1,175,,0.6,105,0.000462962962962963,0.4722174424242392,false
Tox21_SR_MMP,similarity_cluster,101,50_20_15_15,class_retention_lower,1,175,,0.7,122,0.000462962962962963,0.5724094679023017,true
Tox21_SR_MMP,similarity_cluster,101,50_20_15_15,class_retention_lower,1,175,,0.8,140,0.000462962962962963,0.6850253209804851,true
Tox21_SR_MMP,similarity_cluster,101,50_20_15_15,class_retention_lower,1,175,,0.9,158,0.000462962962962963,0.8080538760624072,true
Tox21_SR_MMP,similarity_cluster,101,50_20_15_15,class_retention_lower,1,175,,1.0,175,0.000462962962962963,0.9570750143329889,true
Tox21_SR_MMP,similarity_cluster,101,50_20_15_15,critical_selected_error_upper,1,87,0.5,0.0,0,0.000462962962962963,0.0844692292879666,true
Tox21_SR_MMP,similarity_cluster,101,50_20_15_15,critical_selected_error_upper,1,87,0.5,0.02,2,0.000462962962962963,0.13169593368792618,false
Tox21_SR_MMP,similarity_cluster,101,50_20_15_15,critical_selected_error_upper,1,87,0.5,0.05,4,0.000462962962962963,0.16981020885338854,false
Tox21_SR_MMP,similarity_cluster,101,50_20_15_15,critical_selected_error_upper,1,87,0.5,0.1,9,0.000462962962962963,0.25164409864528386,false
Tox21_SR_MMP,similarity_cluster,101,50_20_15_15,critical_selected_error_upper,1,105,0.6,0.0,0,0.000462962962962963,0.07051304795951877,true
Tox21_SR_MMP,similarity_cluster,101,50_20_15_15,critical_selected_error_upper,1,105,0.6,0.02,2,0.000462962962962963,0.11020647375960989,false
Tox21_SR_MMP,similarity_cluster,101,50_20_15_15,critical_selected_error_upper,1,105,0.6,0.05,5,0.000462962962962963,0.1571510730259461,false
Tox21_SR_MMP,similarity_cluster,101,50_20_15_15,critical_selected_error_upper,1,105,0.6,0.1,10,0.000462962962962963,0.22444764861394978,false
Tox21_SR_MMP,similarity_cluster,101,50_20_15_15,critical_selected_error_upper,1,122,0.7,0.0,0,0.000462962962962963,0.06099390362481077,true
Tox21_SR_MMP,similarity_cluster,101,50_20_15_15,critical_selected_error_upper,1,122,0.7,0.02,2,0.000462962962962963,0.09548596520341293,true
Tox21_SR_MMP,similarity_cluster,101,50_20_15_15,critical_selected_error_upper,1,122,0.7,0.05,6,0.000462962962962963,0.14880736482734042,false
Tox21_SR_MMP,similarity_cluster,101,50_20_15_15,critical_selected_error_upper,1,122,0.7,0.1,12,0.000462962962962963,0.21700476553100984,false
Tox21_SR_MMP,similarity_cluster,101,50_20_15_15,critical_selected_error_upper,1,140,0.8,0.0,0,0.000462962962962963,0.05336518401540679,true
Tox21_SR_MMP,similarity_cluster,101,50_20_15_15,critical_selected_error_upper,1,140,0.8,0.02,3,0.000462962962962963,0.0963493168146273,true
Tox21_SR_MMP,similarity_cluster,101,50_20_15_15,critical_selected_error_upper,1,140,0.8,0.05,7,0.000462962962962963,0.14119077479381972,false
Tox21_SR_MMP,similarity_cluster,101,50_20_15_15,critical_selected_error_upper,1,140,0.8,0.1,14,0.000462962962962963,0.209482863831241,false
Tox21_SR_MMP,similarity_cluster,101,50_20_15_15,critical_selected_error_upper,1,157,0.9,0.0,0,0.000462962962962963,0.047727065309037094,true
Tox21_SR_MMP,similarity_cluster,101,50_20_15_15,critical_selected_error_upper,1,157,0.9,0.02,3,0.000462962962962963,0.08628277581730517,true
Tox21_SR_MMP,similarity_cluster,101,50_20_15_15,critical_selected_error_upper,1,157,0.9,0.05,8,0.000462962962962963,0.1358729950737535,false
Tox21_SR_MMP,similarity_cluster,101,50_20_15_15,critical_selected_error_upper,1,157,0.9,0.1,16,0.000462962962962963,0.2045309893071316,false
Tox21_SR_MMP,similarity_cluster,101,50_20_15_15,critical_selected_error_upper,1,175,1.0,0.0,0,0.000462962962962963,0.042924985667010696,true
Tox21_SR_MMP,similarity_cluster,101,50_20_15_15,critical_selected_error_upper,1,175,1.0,0.02,4,0.000462962962962963,0.08734922119650526,true
Tox21_SR_MMP,similarity_cluster,101,50_20_15_15,critical_selected_error_upper,1,175,1.0,0.05,9,0.000462962962962963,0.13069059401085847,false
Tox21_SR_MMP,similarity_cluster,101,50_20_15_15,critical_selected_error_upper,1,175,1.0,0.1,18,0.000462962962962963,0.19920658735736846,false
Tox21_SR_MMP,similarity_cluster,102,50_20_15_15,class_retention_lower,0,932,,0.5,466,0.000462962962962963,0.445395593788168,false
Tox21_SR_MMP,similarity_cluster,102,50_20_15_15,class_retention_lower,0,932,,0.6,559,0.000462962962962963,0.5454382245952164,true
Tox21_SR_MMP,similarity_cluster,102,50_20_15_15,class_retention_lower,0,932,,0.7,652,0.000462962962962963,0.6477901374500744,true
Tox21_SR_MMP,similarity_cluster,102,50_20_15_15,class_retention_lower,0,932,,0.8,746,0.000462962962962963,0.7541388123366832,true
Tox21_SR_MMP,similarity_cluster,102,50_20_15_15,class_retention_lower,0,932,,0.9,839,0.000462962962962963,0.8638368045749154,true
Tox21_SR_MMP,similarity_cluster,102,50_20_15_15,class_retention_lower,0,932,,1.0,932,0.000462962962962963,0.9917957887871733,true
Tox21_SR_MMP,similarity_cluster,102,50_20_15_15,class_retention_lower,1,186,,0.5,93,0.000462962962962963,0.377919111852421,false
Tox21_SR_MMP,similarity_cluster,102,50_20_15_15,class_retention_lower,1,186,,0.6,112,0.000462962962962963,0.47830450444580697,false
Tox21_SR_MMP,similarity_cluster,102,50_20_15_15,class_retention_lower,1,186,,0.7,130,0.000462962962962963,0.5782662606005009,true
Tox21_SR_MMP,similarity_cluster,102,50_20_15_15,class_retention_lower,1,186,,0.8,149,0.000462962962962963,0.6900840875899199,true
Tox21_SR_MMP,similarity_cluster,102,50_20_15_15,class_retention_lower,1,186,,0.9,167,0.000462962962962963,0.8051518271280055,true
Tox21_SR_MMP,similarity_cluster,102,50_20_15_15,class_retention_lower,1,186,,1.0,186,0.000462962962962963,0.959561532318043,true
Tox21_SR_MMP,similarity_cluster,102,50_20_15_15,critical_selected_error_upper,1,93,0.5,0.0,0,0.000462962962962963,0.07924166569544856,true
Tox21_SR_MMP,similarity_cluster,102,50_20_15_15,critical_selected_error_upper,1,93,0.5,0.02,2,0.000462962962962963,0.12365964014695788,false
Tox21_SR_MMP,similarity_cluster,102,50_20_15_15,critical_selected_error_upper,1,93,0.5,0.05,5,0.000462962962962963,0.17606523455551504,false
Tox21_SR_MMP,similarity_cluster,102,50_20_15_15,critical_selected_error_upper,1,93,0.5,0.1,9,0.000462962962962963,0.2367393696601706,false
Tox21_SR_MMP,similarity_cluster,102,50_20_15_15,critical_selected_error_upper,1,111,0.6,0.0,0,0.000462962962962963,0.06683191733232982,true
Tox21_SR_MMP,similarity_cluster,102,50_20_15_15,critical_selected_error_upper,1,111,0.6,0.02,2,0.000462962962962963,0.10451994794890279,false
Tox21_SR_MMP,similarity_cluster,102,50_20_15_15,critical_selected_error_upper,1,111,0.6,0.05,6,0.000462962962962963,0.16267676612476104,false
Tox21_SR_MMP,similarity_cluster,102,50_20_15_15,critical_selected_error_upper,1,111,0.6,0.1,11,0.000462962962962963,0.22513455795155543,false
Tox21_SR_MMP,similarity_cluster,102,50_20_15_15,critical_selected_error_upper,1,130,0.7,0.0,0,0.000462962962962963,0.05735025200538727,true
Tox21_SR_MMP,similarity_cluster,102,50_20_15_15,critical_selected_error_upper,1,130,0.7,0.02,3,0.000462962962962963,0.10344786127084087,false
Tox21_SR_MMP,similarity_cluster,102,50_20_15_15,critical_selected_error_upper,1,130,0.7,0.05,6,0.000462962962962963,0.14011694523312904,false
Tox21_SR_MMP,similarity_cluster,102,50_20_15_15,critical_selected_error_upper,1,130,0.7,0.1,13,0.000462962962962963,0.21457592507087916,false
Tox21_SR_MMP,similarity_cluster,102,50_20_15_15,critical_selected_error_upper,1,148,0.8,0.0,0,0.000462962962962963,0.05055479155344228,true
Tox21_SR_MMP,similarity_cluster,102,50_20_15_15,critical_selected_error_upper,1,148,0.8,0.02,3,0.000462962962962963,0.09133494192214799,true
Tox21_SR_MMP,similarity_cluster,102,50_20_15_15,critical_selected_error_upper,1,148,0.8,0.05,7,0.000462962962962963,0.13391695990080085,false
Tox21_SR_MMP,similarity_cluster,102,50_20_15_15,critical_selected_error_upper,1,148,0.8,0.1,15,0.000462962962962963,0.207562719235462,false
Tox21_SR_MMP,similarity_cluster,102,50_20_15_15,critical_selected_error_upper,1,167,0.9,0.0,0,0.000462962962962963,0.04493438164547934,true
Tox21_SR_MMP,similarity_cluster,102,50_20_15_15,critical_selected_error_upper,1,167,0.9,0.02,3,0.000462962962962963,0.08128649048703308,true
Tox21_SR_MMP,similarity_cluster,102,50_20_15_15,critical_selected_error_upper,1,167,0.9,0.05,8,0.000462962962962963,0.12808974391046224,false
Tox21_SR_MMP,similarity_cluster,102,50_20_15_15,critical_selected_error_upper,1,167,0.9,0.1,17,0.000462962962962963,0.20061776347425767,false
Tox21_SR_MMP,similarity_cluster,102,50_20_15_15,critical_selected_error_upper,1,186,1.0,0.0,0,0.000462962962962963,0.04043846768195661,true
Tox21_SR_MMP,similarity_cluster,102,50_20_15_15,critical_selected_error_upper,1,186,1.0,0.02,4,0.000462962962962963,0.08234750981848897,true
Tox21_SR_MMP,similarity_cluster,102,50_20_15_15,critical_selected_error_upper,1,186,1.0,0.05,9,0.000462962962962963,0.12327416696544766,false
Tox21_SR_MMP,similarity_cluster,102,50_20_15_15,critical_selected_error_upper,1,186,1.0,0.1,19,0.000462962962962963,0.1948481728719939,false
Tox21_SR_MMP,similarity_cluster,103,50_20_15_15,class_retention_lower,0,952,,0.5,476,0.000462962962962963,0.4459740828142653,false
Tox21_SR_MMP,similarity_cluster,103,50_20_15_15,class_retention_lower,0,952,,0.6,571,0.000462962962962963,0.546027403432936,true
Tox21_SR_MMP,similarity_cluster,103,50_20_15_15,class_retention_lower,0,952,,0.7,666,0.000462962962962963,0.6483661862340213,true
Tox21_SR_MMP,similarity_cluster,103,50_20_15_15,class_retention_lower,0,952,,0.8,762,0.000462962962962963,0.7546476612266824,true
Tox21_SR_MMP,similarity_cluster,103,50_20_15_15,class_retention_lower,0,952,,0.9,857,0.000462962962962963,0.8642563830591432,true
Tox21_SR_MMP,similarity_cluster,103,50_20_15_15,class_retention_lower,0,952,,1.0,952,0.000462962962962963,0.9919674520502246,true
Tox21_SR_MMP,similarity_cluster,103,50_20_15_15,class_retention_lower,1,166,,0.5,83,0.000462962962962963,0.3708704147259759,false
Tox21_SR_MMP,similarity_cluster,103,50_20_15_15,class_retention_lower,1,166,,0.6,100,0.000462962962962963,0.47114313963138327,false
Tox21_SR_MMP,similarity_cluster,103,50_20_15_15,class_retention_lower,1,166,,0.7,116,0.000462962962962963,0.5706161418067938,true
Tox21_SR_MMP,similarity_cluster,103,50_20_15_15,class_retention_lower,1,166,,0.8,133,0.000462962962962963,0.6829579073199363,true
Tox21_SR_MMP,similarity_cluster,103,50_20_15_15,class_retention_lower,1,166,,0.9,149,0.000462962962962963,0.7982430420039848,true
Tox21_SR_MMP,similarity_cluster,103,50_20_15_15,class_retention_lower,1,166,,1.0,166,0.000462962962962963,0.9548011407521255,true
Tox21_SR_MMP,similarity_cluster,103,50_20_15_15,critical_selected_error_upper,1,83,0.5,0.0,0,0.000462962962962963,0.08835478161843889,true
Tox21_SR_MMP,similarity_cluster,103,50_20_15_15,critical_selected_error_upper,1,83,0.5,0.02,2,0.000462962962962963,0.1376589749184159,false
Tox21_SR_MMP,similarity_cluster,103,50_20_15_15,critical_selected_error_upper,1,83,0.5,0.05,4,0.000462962962962963,0.17741302897406366,false
Tox21_SR_MMP,similarity_cluster,103,50_20_15_15,critical_selected_error_upper,1,83,0.5,0.1,8,0.000462962962962963,0.24662147014148947,false
Tox21_SR_MMP,similarity_cluster,103,50_20_15_15,critical_selected_error_upper,1,99,0.6,0.0,0,0.000462962962962963,0.07462311089650821,true
Tox21_SR_MMP,similarity_cluster,103,50_20_15_15,critical_selected_error_upper,1,99,0.6,0.02,2,0.000462962962962963,0.11654657927404817,false
Tox21_SR_MMP,similarity_cluster,103,50_20_15_15,critical_selected_error_upper,1,99,0.6,0.05,5,0.000462962962962963,0.1660726422725909,false
Tox21_SR_MMP,similarity_cluster,103,50_20_15_15,critical_selected_error_upper,1,99,0.6,0.1,10,0.000462962962962963,0.2369713536447498,false
Tox21_SR_MMP,similarity_cluster,103,50_20_15_15,critical_selected_error_upper,1,116,0.7,0.0,0,0.000462962962962963,0.06404555957996702,true
Tox21_SR_MMP,similarity_cluster,103,50_20_15_15,critical_selected_error_upper,1,116,0.7,0.02,2,0.000462962962962963,0.1002105952122129,false
Tox21_SR_MMP,similarity_cluster,103,50_20_15_15,critical_selected_error_upper,1,116,0.7,0.05,6,0.000462962962962963,0.15606564508489637,false
Tox21_SR_MMP,similarity_cluster,103,50_20_15_15,critical_selected_error_upper,1,116,0.7,0.1,12,0.000462962962962963,0.22741843358567654,false
Tox21_SR_MMP,similarity_cluster,103,50_20_15_15,critical_selected_error_upper,1,132,0.8,0.0,0,0.000462962962962963,0.056506338796053476,true
Tox21_SR_MMP,similarity_cluster,103,50_20_15_15,critical_selected_error_upper,1,132,0.8,0.02,3,0.000462962962962963,0.10194576126875675,false
Tox21_SR_MMP,similarity_cluster,103,50_20_15_15,critical_selected_error_upper,1,132,0.8,0.05,7,0.000462962962962963,0.14929866251786203,false
Tox21_SR_MMP,similarity_cluster,103,50_20_15_15,critical_selected_error_upper,1,132,0.8,0.1,13,0.000462962962962963,0.21153746320153385,false
Tox21_SR_MMP,similarity_cluster,103,50_20_15_15,critical_selected_error_upper,1,149,0.9,0.0,0,0.000462962962962963,0.0502241648578368,true
Tox21_SR_MMP,similarity_cluster,103,50_20_15_15,critical_selected_error_upper,1,149,0.9,0.02,3,0.000462962962962963,0.09074458154843734,true
Tox21_SR_MMP,similarity_cluster,103,50_20_15_15,critical_selected_error_upper,1,149,0.9,0.05,7,0.000462962962962963,0.1330600193409458,false
Tox21_SR_MMP,similarity_cluster,103,50_20_15_15,critical_selected_error_upper,1,149,0.9,0.1,15,0.000462962962962963,0.20625471972149306,false
Tox21_SR_MMP,similarity_cluster,103,50_20_15_15,critical_selected_error_upper,1,166,1.0,0.0,0,0.000462962962962963,0.04519885924787401,true
Tox21_SR_MMP,similarity_cluster,103,50_20_15_15,critical_selected_error_upper,1,166,1.0,0.02,3,0.000462962962962963,0.0817599432524622,true
Tox21_SR_MMP,similarity_cluster,103,50_20_15_15,critical_selected_error_upper,1,166,1.0,0.05,8,0.000462962962962963,0.1288277623135489,false
Tox21_SR_MMP,similarity_cluster,103,50_20_15_15,critical_selected_error_upper,1,166,1.0,0.1,17,0.000462962962962963,0.20175695799601448,false
Tox21_SR_MMP,similarity_cluster,104,50_20_15_15,class_retention_lower,0,950,,0.5,475,0.000462962962962963,0.4459170571054117,false
Tox21_SR_MMP,similarity_cluster,104,50_20_15_15,class_retention_lower,0,950,,0.6,570,0.000462962962962963,0.5461827321886794,true
Tox21_SR_MMP,similarity_cluster,104,50_20_15_15,class_retention_lower,0,950,,0.7,665,0.000462962962962963,0.6487466349937172,true
Tox21_SR_MMP,similarity_cluster,104,50_20_15_15,class_retention_lower,0,950,,0.8,760,0.000462962962962963,0.7541462000295576,true
Tox21_SR_MMP,similarity_cluster,104,50_20_15_15,class_retention_lower,0,950,,0.9,855,0.000462962962962963,0.8639763982916324,true
Tox21_SR_MMP,similarity_cluster,104,50_20_15_15,class_retention_lower,0,950,,1.0,950,0.000462962962962963,0.9919506096662418,true
Tox21_SR_MMP,similarity_cluster,104,50_20_15_15,class_retention_lower,1,168,,0.5,84,0.000462962962962963,0.3716302589640507,false
Tox21_SR_MMP,similarity_cluster,104,50_20_15_15,class_retention_lower,1,168,,0.6,101,0.000462962962962963,0.4707191917136784,false
Tox21_SR_MMP,similarity_cluster,104,50_20_15_15,class_retention_lower,1,168,,0.7,118,0.000462962962962963,0.5752355726486121,true
Tox21_SR_MMP,similarity_cluster,104,50_20_15_15,class_retention_lower,1,168,,0.8,134,0.000462962962962963,0.6796711919074052,true
Tox21_SR_MMP,similarity_cluster,104,50_20_15_15,class_retention_lower,1,168,,0.9,151,0.000462962962962963,0.8005086760582788,true
Tox21_SR_MMP,similarity_cluster,104,50_20_15_15,class_retention_lower,1,168,,1.0,168,0.000462962962962963,0.9553270193705884,true
Tox21_SR_MMP,similarity_cluster,104,50_20_15_15,critical_selected_error_upper,1,84,0.5,0.0,0,0.000462962962962963,0.08735028606050671,true
Tox21_SR_MMP,similarity_cluster,104,50_20_15_15,critical_selected_error_upper,1,84,0.5,0.02,2,0.000462962962962963,0.13611824179519855,false
Tox21_SR_MMP,similarity_cluster,104,50_20_15_15,critical_selected_error_upper,1,84,0.5,0.05,4,0.000462962962962963,0.1754493837831994,false
Tox21_SR_MMP,similarity_cluster,104,50_20_15_15,critical_selected_error_upper,1,84,0.5,0.1,8,0.000462962962962963,0.24394080177276042,false
Tox21_SR_MMP,similarity_cluster,104,50_20_15_15,critical_selected_error_upper,1,100,0.6,0.0,0,0.000462962962962963,0.07390516410522542,true
Tox21_SR_MMP,similarity_cluster,104,50_20_15_15,critical_selected_error_upper,1,100,0.6,0.02,2,0.000462962962962963,0.11543977697318837,false
Tox21_SR_MMP,similarity_cluster,104,50_20_15_15,critical_selected_error_upper,1,100,0.6,0.05,5,0.000462962962962963,0.16451619237013312,false
Tox21_SR_MMP,similarity_cluster,104,50_20_15_15,critical_selected_error_upper,1,100,0.6,0.1,10,0.000462962962962963,0.23478837310920309,false
Tox21_SR_MMP,similarity_cluster,104,50_20_15_15,critical_selected_error_upper,1,117,0.7,0.0,0,0.000462962962962963,0.06351592773018665,true
Tox21_SR_MMP,similarity_cluster,104,50_20_15_15,critical_selected_error_upper,1,117,0.7,0.02,2,0.000462962962962963,0.09939098140162161,true
Tox21_SR_MMP,similarity_cluster,104,50_20_15_15,critical_selected_error_upper,1,117,0.7,0.05,6,0.000462962962962963,0.154807254182905,false
Tox21_SR_MMP,similarity_cluster,104,50_20_15_15,critical_selected_error_upper,1,117,0.7,0.1,12,0.000462962962962963,0.22561425642943464,false
Tox21_SR_MMP,similarity_cluster,104,50_20_15_15,critical_selected_error_upper,1,134,0.8,0.0,0,0.000462962962962963,0.055686895006128605,true
Tox21_SR_MMP,similarity_cluster,104,50_20_15_15,critical_selected_error_upper,1,134,0.8,0.02,3,0.000462962962962963,0.10048662265621319,false
Tox21_SR_MMP,similarity_cluster,104,50_20_15_15,critical_selected_error_upper,1,134,0.8,0.05,7,0.000462962962962963,0.14718577601319077,false
Tox21_SR_MMP,similarity_cluster,104,50_20_15_15,critical_selected_error_upper,1,134,0.8,0.1,13,0.000462962962962963,0.20858355646041762,false
Tox21_SR_MMP,similarity_cluster,104,50_20_15_15,critical_selected_error_upper,1,151,0.9,0.0,0,0.000462962962962963,0.049575714856450445,true
Tox21_SR_MMP,similarity_cluster,104,50_20_15_15,critical_selected_error_upper,1,151,0.9,0.02,3,0.000462962962962963,0.08958644912873313,true
Tox21_SR_MMP,similarity_cluster,104,50_20_15_15,critical_selected_error_upper,1,151,0.9,0.05,8,0.000462962962962963,0.14101343117877618,false
Tox21_SR_MMP,similarity_cluster,104,50_20_15_15,critical_selected_error_upper,1,151,0.9,0.1,15,0.000462962962962963,0.20368740606791436,false
Tox21_SR_MMP,similarity_cluster,104,50_20_15_15,critical_selected_error_upper,1,168,1.0,0.0,0,0.000462962962962963,0.044672980629411226,true
Tox21_SR_MMP,similarity_cluster,104,50_20_15_15,critical_selected_error_upper,1,168,1.0,0.02,3,0.000462962962962963,0.08081848658088282,true
Tox21_SR_MMP,similarity_cluster,104,50_20_15_15,critical_selected_error_upper,1,168,1.0,0.05,8,0.000462962962962963,0.12736012281613704,false
Tox21_SR_MMP,similarity_cluster,104,50_20_15_15,critical_selected_error_upper,1,168,1.0,0.1,17,0.000462962962962963,0.1994913239417205,false
Tox21_SR_MMP,similarity_cluster,105,50_20_15_15,class_retention_lower,0,957,,0.5,478,0.000462962962962963,0.44559764339283625,false
Tox21_SR_MMP,similarity_cluster,105,50_20_15_15,class_retention_lower,0,957,,0.6,574,0.000462962962962963,0.546171768225702,true
Tox21_SR_MMP,similarity_cluster,105,50_20_15_15,class_retention_lower,0,957,,0.7,670,0.000462962962962963,0.6490497621726539,true
Tox21_SR_MMP,similarity_cluster,105,50_20_15_15,class_retention_lower,0,957,,0.8,766,0.000462962962962963,0.7547722987206571,true
Tox21_SR_MMP,similarity_cluster,105,50_20_15_15,class_retention_lower,0,957,,0.9,861,0.000462962962962963,0.8637671248476404,true
Tox21_SR_MMP,similarity_cluster,105,50_20_15_15,class_retention_lower,0,957,,1.0,957,0.000462962962962963,0.9920092512605827,true
Tox21_SR_MMP,similarity_cluster,105,50_20_15_15,class_retention_lower,1,161,,0.5,80,0.000462962962962963,0.3659564432230021,false
Tox21_SR_MMP,similarity_cluster,105,50_20_15_15,class_retention_lower,1,161,,0.6,97,0.000462962962962963,0.4691492110274689,false
Tox21_SR_MMP,similarity_cluster,105,50_20_15_15,class_retention_lower,1,161,,0.7,113,0.000462962962962963,0.5717733030582276,true
Tox21_SR_MMP,similarity_cluster,105,50_20_15_15,class_retention_lower,1,161,,0.8,129,0.000462962962962963,0.6809606412974915,true
Tox21_SR_MMP,similarity_cluster,105,50_20_15_15,class_retention_lower,1,161,,0.9,145,0.000462962962962963,0.8002564442217109,true
Tox21_SR_MMP,similarity_cluster,105,50_20_15_15,class_retention_lower,1,161,,1.0,161,0.000462962962962963,0.9534306456663766,true
Tox21_SR_MMP,similarity_cluster,105,50_20_15_15,critical_selected_error_upper,1,80,0.5,0.0,0,0.000462962962962963,0.09151172194789371,true
Tox21_SR_MMP,similarity_cluster,105,50_20_15_15,critical_selected_error_upper,1,80,0.5,0.02,2,0.000462962962962963,0.14249739878554163,false
Tox21_SR_MMP,similarity_cluster,105,50_20_15_15,critical_selected_error_upper,1,80,0.5,0.05,4,0.000462962962962963,0.18357600634414947,false
Tox21_SR_MMP,similarity_cluster,105,50_20_15_15,critical_selected_error_upper,1,80,0.5,0.1,8,0.000462962962962963,0.25502677755668623,false
Tox21_SR_MMP,similarity_cluster,105,50_20_15_15,critical_selected_error_upper,1,96,0.6,0.0,0,0.000462962962962963,0.07686310924467159,true
Tox21_SR_MMP,similarity_cluster,105,50_20_15_15,critical_selected_error_upper,1,96,0.6,0.02,2,0.000462962962962963,0.11999792885522002,false
Tox21_SR_MMP,similarity_cluster,105,50_20_15_15,critical_selected_error_upper,1,96,0.6,0.05,5,0.000462962962962963,0.17092339093563805,false
Tox21_SR_MMP,similarity_cluster,105,50_20_15_15,critical_selected_error_upper,1,96,0.6,0.1,10,0.000462962962962963,0.24376952233915883,false
Tox21_SR_MMP,similarity_cluster,105,50_20_15_15,critical_selected_error_upper,1,112,0.7,0.0,0,0.000462962962962963,0.0662554252113501,true
Tox21_SR_MMP,similarity_cluster,105,50_20_15_15,critical_selected_error_upper,1,112,0.7,0.02,2,0.000462962962962963,0.10362870739575314,false
Tox21_SR_MMP,similarity_cluster,105,50_20_15_15,critical_selected_error_upper,1,112,0.7,0.05,6,0.000462962962962963,0.16131020683499564,false
Tox21_SR_MMP,similarity_cluster,105,50_20_15_15,critical_selected_error_upper,1,112,0.7,0.1,11,0.000462962962962963,0.223270500928869,false
Tox21_SR_MMP,similarity_cluster,105,50_20_15_15,critical_selected_error_upper,1,128,0.8,0.0,0,0.000462962962962963,0.05821974691512891,true
Tox21_SR_MMP,similarity_cluster,105,50_20_15_15,critical_selected_error_upper,1,128,0.8,0.02,3,0.000462962962962963,0.10499484649674029,false
Tox21_SR_MMP,similarity_cluster,105,50_20_15_15,critical_selected_error_upper,1,128,0.8,0.05,6,0.000462962962962963,0.14219313893133545,false
Tox21_SR_MMP,similarity_cluster,105,50_20_15_15,critical_selected_error_upper,1,128,0.8,0.1,13,0.000462962962962963,0.21770260942846031,false
Tox21_SR_MMP,similarity_cluster,105,50_20_15_15,critical_selected_error_upper,1,144,0.9,0.0,0,0.000462962962962963,0.05192199516641002,true
Tox21_SR_MMP,similarity_cluster,105,50_20_15_15,critical_selected_error_upper,1,144,0.9,0.02,3,0.000462962962962963,0.0937751932753217,true
Tox21_SR_MMP,similarity_cluster,105,50_20_15_15,critical_selected_error_upper,1,144,0.9,0.05,7,0.000462962962962963,0.13745785117208842,false
Tox21_SR_MMP,similarity_cluster,105,50_20_15_15,critical_selected_error_upper,1,144,0.9,0.1,14,0.000462962962962963,0.20402232200739118,false
Tox21_SR_MMP,similarity_cluster,105,50_20_15_15,critical_selected_error_upper,1,161,1.0,0.0,0,0.000462962962962963,0.04656935433362293,true
Tox21_SR_MMP,similarity_cluster,105,50_20_15_15,critical_selected_error_upper,1,161,1.0,0.02,3,0.000462962962962963,0.08421236834775486,true
Tox21_SR_MMP,similarity_cluster,105,50_20_15_15,critical_selected_error_upper,1,161,1.0,0.05,8,0.000462962962962963,0.132649030674268,false
Tox21_SR_MMP,similarity_cluster,105,50_20_15_15,critical_selected_error_upper,1,161,1.0,0.1,16,0.000462962962962963,0.19974355577828837,false
Tox21_SR_p53,random_grouped,101,50_20_15_15,class_retention_lower,0,1232,,0.5,616,0.000462962962962963,0.45252967910555636,false
Tox21_SR_p53,random_grouped,101,50_20_15_15,class_retention_lower,0,1232,,0.6,739,0.000462962962962963,0.5526874169603343,true
Tox21_SR_p53,random_grouped,101,50_20_15_15,class_retention_lower,0,1232,,0.7,862,0.000462962962962963,0.6548594681006874,true
Tox21_SR_p53,random_grouped,101,50_20_15_15,class_retention_lower,0,1232,,0.8,986,0.000462962962962963,0.7603793948364983,true
Tox21_SR_p53,random_grouped,101,50_20_15_15,class_retention_lower,0,1232,,0.9,1109,0.000462962962962963,0.8689554839192397,true
Tox21_SR_p53,random_grouped,101,50_20_15_15,class_retention_lower,0,1232,,1.0,1232,0.000462962962962963,0.9937873467721698,true
Tox21_SR_p53,random_grouped,101,50_20_15_15,class_retention_lower,1,78,,0.5,39,0.000462962962962963,0.3136409645871689,false
Tox21_SR_p53,random_grouped,101,50_20_15_15,class_retention_lower,1,78,,0.6,47,0.000462962962962963,0.40985792395203263,false
Tox21_SR_p53,random_grouped,101,50_20_15_15,class_retention_lower,1,78,,0.7,55,0.000462962962962963,0.5139144460612297,true
Tox21_SR_p53,random_grouped,101,50_20_15_15,class_retention_lower,1,78,,0.8,62,0.000462962962962963,0.612756603804939,true
Tox21_SR_p53,random_grouped,101,50_20_15_15,class_retention_lower,1,78,,0.9,70,0.000462962962962963,0.7390461022801071,true
Tox21_SR_p53,random_grouped,101,50_20_15_15,class_retention_lower,1,78,,1.0,78,0.000462962962962963,0.9062553698812574,true
Tox21_SR_p53,random_grouped,101,50_20_15_15,critical_selected_error_upper,1,39,0.5,0.0,0,0.000462962962962963,0.17870120456138364,false
Tox21_SR_p53,random_grouped,101,50_20_15_15,critical_selected_error_upper,1,39,0.5,0.02,1,0.000462962962962963,0.23048920737189865,false
Tox21_SR_p53,random_grouped,101,50_20_15_15,critical_selected_error_upper,1,39,0.5,0.05,2,0.000462962962962963,0.27372590500358884,false
Tox21_SR_p53,random_grouped,101,50_20_15_15,critical_selected_error_upper,1,39,0.5,0.1,4,0.000462962962962963,0.3484834132153222,false
Tox21_SR_p53,random_grouped,101,50_20_15_15,critical_selected_error_upper,1,46,0.6,0.0,0,0.000462962962962963,0.15372429167360144,false
Tox21_SR_p53,random_grouped,101,50_20_15_15,critical_selected_error_upper,1,46,0.6,0.02,1,0.000462962962962963,0.1988198205549268,false
Tox21_SR_p53,random_grouped,101,50_20_15_15,critical_selected_error_upper,1,46,0.6,0.05,2,0.000462962962962963,0.23662401325430257,false
Tox21_SR_p53,random_grouped,101,50_20_15_15,critical_selected_error_upper,1,46,0.6,0.1,5,0.000462962962962963,0.3321885504992324,false
Tox21_SR_p53,random_grouped,101,50_20_15_15,critical_selected_error_upper,1,54,0.7,0.0,0,0.000462962962962963,0.13253720650164205,false
Tox21_SR_p53,random_grouped,101,50_20_15_15,critical_selected_error_upper,1,54,0.7,0.02,1,0.000462962962962963,0.17180682926045762,false
Tox21_SR_p53,random_grouped,101,50_20_15_15,critical_selected_error_upper,1,54,0.7,0.05,3,0.000462962962962963,0.23468631518916094,false
Tox21_SR_p53,random_grouped,101,50_20_15_15,critical_selected_error_upper,1,54,0.7,0.1,5,0.000462962962962963,0.2887749590272147,false
Tox21_SR_p53,random_grouped,101,50_20_15_15,critical_selected_error_upper,1,62,0.8,0.0,0,0.000462962962962963,0.11647572184011538,false
Tox21_SR_p53,random_grouped,101,50_20_15_15,critical_selected_error_upper,1,62,0.8,0.02,1,0.000462962962962963,0.15124081763244338,false
Tox21_SR_p53,random_grouped,101,50_20_15_15,critical_selected_error_upper,1,62,0.8,0.05,3,0.000462962962962963,0.2070951936906314,false
Tox21_SR_p53,random_grouped,101,50_20_15_15,critical_selected_error_upper,1,62,0.8,0.1,6,0.000462962962962963,0.2777933199953223,false
Tox21_SR_p53,random_grouped,101,50_20_15_15,critical_selected_error_upper,1,70,0.9,0.0,0,0.000462962962962963,0.10388252516581535,false
Tox21_SR_p53,random_grouped,101,50_20_15_15,critical_selected_error_upper,1,70,0.9,0.02,1,0.000462962962962963,0.1350640958749031,false
Tox21_SR_p53,random_grouped,101,50_20_15_15,critical_selected_error_upper,1,70,0.9,0.05,4,0.000462962962962963,0.20760247072735719,false
Tox21_SR_p53,random_grouped,101,50_20_15_15,critical_selected_error_upper,1,70,0.9,0.1,7,0.000462962962962963,0.2686748486467381,false
Tox21_SR_p53,random_grouped,101,50_20_15_15,critical_selected_error_upper,1,78,1.0,0.0,0,0.000462962962962963,0.09374463011874166,true
Tox21_SR_p53,random_grouped,101,50_20_15_15,critical_selected_error_upper,1,78,1.0,0.02,2,0.000462962962962963,0.14591612040881052,false
Tox21_SR_p53,random_grouped,101,50_20_15_15,critical_selected_error_upper,1,78,1.0,0.05,4,0.000462962962962963,0.18792737549937974,false
Tox21_SR_p53,random_grouped,101,50_20_15_15,critical_selected_error_upper,1,78,1.0,0.1,8,0.000462962962962963,0.26095389771989175,false
Tox21_SR_p53,random_grouped,102,50_20_15_15,class_retention_lower,0,1232,,0.5,616,0.000462962962962963,0.45252967910555636,false
Tox21_SR_p53,random_grouped,102,50_20_15_15,class_retention_lower,0,1232,,0.6,739,0.000462962962962963,0.5526874169603343,true
Tox21_SR_p53,random_grouped,102,50_20_15_15,class_retention_lower,0,1232,,0.7,862,0.000462962962962963,0.6548594681006874,true
Tox21_SR_p53,random_grouped,102,50_20_15_15,class_retention_lower,0,1232,,0.8,986,0.000462962962962963,0.7603793948364983,true
Tox21_SR_p53,random_grouped,102,50_20_15_15,class_retention_lower,0,1232,,0.9,1109,0.000462962962962963,0.8689554839192397,true
Tox21_SR_p53,random_grouped,102,50_20_15_15,class_retention_lower,0,1232,,1.0,1232,0.000462962962962963,0.9937873467721698,true
Tox21_SR_p53,random_grouped,102,50_20_15_15,class_retention_lower,1,78,,0.5,39,0.000462962962962963,0.3136409645871689,false
Tox21_SR_p53,random_grouped,102,50_20_15_15,class_retention_lower,1,78,,0.6,47,0.000462962962962963,0.40985792395203263,false
Tox21_SR_p53,random_grouped,102,50_20_15_15,class_retention_lower,1,78,,0.7,55,0.000462962962962963,0.5139144460612297,true
Tox21_SR_p53,random_grouped,102,50_20_15_15,class_retention_lower,1,78,,0.8,62,0.000462962962962963,0.612756603804939,true
Tox21_SR_p53,random_grouped,102,50_20_15_15,class_retention_lower,1,78,,0.9,70,0.000462962962962963,0.7390461022801071,true
Tox21_SR_p53,random_grouped,102,50_20_15_15,class_retention_lower,1,78,,1.0,78,0.000462962962962963,0.9062553698812574,true
Tox21_SR_p53,random_grouped,102,50_20_15_15,critical_selected_error_upper,1,39,0.5,0.0,0,0.000462962962962963,0.17870120456138364,false
Tox21_SR_p53,random_grouped,102,50_20_15_15,critical_selected_error_upper,1,39,0.5,0.02,1,0.000462962962962963,0.23048920737189865,false
Tox21_SR_p53,random_grouped,102,50_20_15_15,critical_selected_error_upper,1,39,0.5,0.05,2,0.000462962962962963,0.27372590500358884,false
Tox21_SR_p53,random_grouped,102,50_20_15_15,critical_selected_error_upper,1,39,0.5,0.1,4,0.000462962962962963,0.3484834132153222,false
Tox21_SR_p53,random_grouped,102,50_20_15_15,critical_selected_error_upper,1,46,0.6,0.0,0,0.000462962962962963,0.15372429167360144,false
Tox21_SR_p53,random_grouped,102,50_20_15_15,critical_selected_error_upper,1,46,0.6,0.02,1,0.000462962962962963,0.1988198205549268,false
Tox21_SR_p53,random_grouped,102,50_20_15_15,critical_selected_error_upper,1,46,0.6,0.05,2,0.000462962962962963,0.23662401325430257,false
Tox21_SR_p53,random_grouped,102,50_20_15_15,critical_selected_error_upper,1,46,0.6,0.1,5,0.000462962962962963,0.3321885504992324,false
Tox21_SR_p53,random_grouped,102,50_20_15_15,critical_selected_error_upper,1,54,0.7,0.0,0,0.000462962962962963,0.13253720650164205,false
Tox21_SR_p53,random_grouped,102,50_20_15_15,critical_selected_error_upper,1,54,0.7,0.02,1,0.000462962962962963,0.17180682926045762,false
Tox21_SR_p53,random_grouped,102,50_20_15_15,critical_selected_error_upper,1,54,0.7,0.05,3,0.000462962962962963,0.23468631518916094,false
Tox21_SR_p53,random_grouped,102,50_20_15_15,critical_selected_error_upper,1,54,0.7,0.1,5,0.000462962962962963,0.2887749590272147,false
Tox21_SR_p53,random_grouped,102,50_20_15_15,critical_selected_error_upper,1,62,0.8,0.0,0,0.000462962962962963,0.11647572184011538,false
Tox21_SR_p53,random_grouped,102,50_20_15_15,critical_selected_error_upper,1,62,0.8,0.02,1,0.000462962962962963,0.15124081763244338,false
Tox21_SR_p53,random_grouped,102,50_20_15_15,critical_selected_error_upper,1,62,0.8,0.05,3,0.000462962962962963,0.2070951936906314,false
Tox21_SR_p53,random_grouped,102,50_20_15_15,critical_selected_error_upper,1,62,0.8,0.1,6,0.000462962962962963,0.2777933199953223,false
Tox21_SR_p53,random_grouped,102,50_20_15_15,critical_selected_error_upper,1,70,0.9,0.0,0,0.000462962962962963,0.10388252516581535,false
Tox21_SR_p53,random_grouped,102,50_20_15_15,critical_selected_error_upper,1,70,0.9,0.02,1,0.000462962962962963,0.1350640958749031,false
Tox21_SR_p53,random_grouped,102,50_20_15_15,critical_selected_error_upper,1,70,0.9,0.05,4,0.000462962962962963,0.20760247072735719,false
Tox21_SR_p53,random_grouped,102,50_20_15_15,critical_selected_error_upper,1,70,0.9,0.1,7,0.000462962962962963,0.2686748486467381,false
Tox21_SR_p53,random_grouped,102,50_20_15_15,critical_selected_error_upper,1,78,1.0,0.0,0,0.000462962962962963,0.09374463011874166,true
Tox21_SR_p53,random_grouped,102,50_20_15_15,critical_selected_error_upper,1,78,1.0,0.02,2,0.000462962962962963,0.14591612040881052,false
Tox21_SR_p53,random_grouped,102,50_20_15_15,critical_selected_error_upper,1,78,1.0,0.05,4,0.000462962962962963,0.18792737549937974,false
Tox21_SR_p53,random_grouped,102,50_20_15_15,critical_selected_error_upper,1,78,1.0,0.1,8,0.000462962962962963,0.26095389771989175,false
Tox21_SR_p53,random_grouped,103,50_20_15_15,class_retention_lower,0,1232,,0.5,616,0.000462962962962963,0.45252967910555636,false
Tox21_SR_p53,random_grouped,103,50_20_15_15,class_retention_lower,0,1232,,0.6,739,0.000462962962962963,0.5526874169603343,true
Tox21_SR_p53,random_grouped,103,50_20_15_15,class_retention_lower,0,1232,,0.7,862,0.000462962962962963,0.6548594681006874,true
Tox21_SR_p53,random_grouped,103,50_20_15_15,class_retention_lower,0,1232,,0.8,986,0.000462962962962963,0.7603793948364983,true
Tox21_SR_p53,random_grouped,103,50_20_15_15,class_retention_lower,0,1232,,0.9,1109,0.000462962962962963,0.8689554839192397,true
Tox21_SR_p53,random_grouped,103,50_20_15_15,class_retention_lower,0,1232,,1.0,1232,0.000462962962962963,0.9937873467721698,true
Tox21_SR_p53,random_grouped,103,50_20_15_15,class_retention_lower,1,78,,0.5,39,0.000462962962962963,0.3136409645871689,false
Tox21_SR_p53,random_grouped,103,50_20_15_15,class_retention_lower,1,78,,0.6,47,0.000462962962962963,0.40985792395203263,false
Tox21_SR_p53,random_grouped,103,50_20_15_15,class_retention_lower,1,78,,0.7,55,0.000462962962962963,0.5139144460612297,true
Tox21_SR_p53,random_grouped,103,50_20_15_15,class_retention_lower,1,78,,0.8,62,0.000462962962962963,0.612756603804939,true
Tox21_SR_p53,random_grouped,103,50_20_15_15,class_retention_lower,1,78,,0.9,70,0.000462962962962963,0.7390461022801071,true
Tox21_SR_p53,random_grouped,103,50_20_15_15,class_retention_lower,1,78,,1.0,78,0.000462962962962963,0.9062553698812574,true
Tox21_SR_p53,random_grouped,103,50_20_15_15,critical_selected_error_upper,1,39,0.5,0.0,0,0.000462962962962963,0.17870120456138364,false
Tox21_SR_p53,random_grouped,103,50_20_15_15,critical_selected_error_upper,1,39,0.5,0.02,1,0.000462962962962963,0.23048920737189865,false
Tox21_SR_p53,random_grouped,103,50_20_15_15,critical_selected_error_upper,1,39,0.5,0.05,2,0.000462962962962963,0.27372590500358884,false
Tox21_SR_p53,random_grouped,103,50_20_15_15,critical_selected_error_upper,1,39,0.5,0.1,4,0.000462962962962963,0.3484834132153222,false
Tox21_SR_p53,random_grouped,103,50_20_15_15,critical_selected_error_upper,1,46,0.6,0.0,0,0.000462962962962963,0.15372429167360144,false
Tox21_SR_p53,random_grouped,103,50_20_15_15,critical_selected_error_upper,1,46,0.6,0.02,1,0.000462962962962963,0.1988198205549268,false
Tox21_SR_p53,random_grouped,103,50_20_15_15,critical_selected_error_upper,1,46,0.6,0.05,2,0.000462962962962963,0.23662401325430257,false
Tox21_SR_p53,random_grouped,103,50_20_15_15,critical_selected_error_upper,1,46,0.6,0.1,5,0.000462962962962963,0.3321885504992324,false
Tox21_SR_p53,random_grouped,103,50_20_15_15,critical_selected_error_upper,1,54,0.7,0.0,0,0.000462962962962963,0.13253720650164205,false
Tox21_SR_p53,random_grouped,103,50_20_15_15,critical_selected_error_upper,1,54,0.7,0.02,1,0.000462962962962963,0.17180682926045762,false
Tox21_SR_p53,random_grouped,103,50_20_15_15,critical_selected_error_upper,1,54,0.7,0.05,3,0.000462962962962963,0.23468631518916094,false
Tox21_SR_p53,random_grouped,103,50_20_15_15,critical_selected_error_upper,1,54,0.7,0.1,5,0.000462962962962963,0.2887749590272147,false
Tox21_SR_p53,random_grouped,103,50_20_15_15,critical_selected_error_upper,1,62,0.8,0.0,0,0.000462962962962963,0.11647572184011538,false
Tox21_SR_p53,random_grouped,103,50_20_15_15,critical_selected_error_upper,1,62,0.8,0.02,1,0.000462962962962963,0.15124081763244338,false
Tox21_SR_p53,random_grouped,103,50_20_15_15,critical_selected_error_upper,1,62,0.8,0.05,3,0.000462962962962963,0.2070951936906314,false
Tox21_SR_p53,random_grouped,103,50_20_15_15,critical_selected_error_upper,1,62,0.8,0.1,6,0.000462962962962963,0.2777933199953223,false
Tox21_SR_p53,random_grouped,103,50_20_15_15,critical_selected_error_upper,1,70,0.9,0.0,0,0.000462962962962963,0.10388252516581535,false
Tox21_SR_p53,random_grouped,103,50_20_15_15,critical_selected_error_upper,1,70,0.9,0.02,1,0.000462962962962963,0.1350640958749031,false
Tox21_SR_p53,random_grouped,103,50_20_15_15,critical_selected_error_upper,1,70,0.9,0.05,4,0.000462962962962963,0.20760247072735719,false
Tox21_SR_p53,random_grouped,103,50_20_15_15,critical_selected_error_upper,1,70,0.9,0.1,7,0.000462962962962963,0.2686748486467381,false
Tox21_SR_p53,random_grouped,103,50_20_15_15,critical_selected_error_upper,1,78,1.0,0.0,0,0.000462962962962963,0.09374463011874166,true
Tox21_SR_p53,random_grouped,103,50_20_15_15,critical_selected_error_upper,1,78,1.0,0.02,2,0.000462962962962963,0.14591612040881052,false
Tox21_SR_p53,random_grouped,103,50_20_15_15,critical_selected_error_upper,1,78,1.0,0.05,4,0.000462962962962963,0.18792737549937974,false
Tox21_SR_p53,random_grouped,103,50_20_15_15,critical_selected_error_upper,1,78,1.0,0.1,8,0.000462962962962963,0.26095389771989175,false
Tox21_SR_p53,random_grouped,104,50_20_15_15,class_retention_lower,0,1232,,0.5,616,0.000462962962962963,0.45252967910555636,false
Tox21_SR_p53,random_grouped,104,50_20_15_15,class_retention_lower,0,1232,,0.6,739,0.000462962962962963,0.5526874169603343,true
Tox21_SR_p53,random_grouped,104,50_20_15_15,class_retention_lower,0,1232,,0.7,862,0.000462962962962963,0.6548594681006874,true
Tox21_SR_p53,random_grouped,104,50_20_15_15,class_retention_lower,0,1232,,0.8,986,0.000462962962962963,0.7603793948364983,true
Tox21_SR_p53,random_grouped,104,50_20_15_15,class_retention_lower,0,1232,,0.9,1109,0.000462962962962963,0.8689554839192397,true
Tox21_SR_p53,random_grouped,104,50_20_15_15,class_retention_lower,0,1232,,1.0,1232,0.000462962962962963,0.9937873467721698,true
Tox21_SR_p53,random_grouped,104,50_20_15_15,class_retention_lower,1,78,,0.5,39,0.000462962962962963,0.3136409645871689,false
Tox21_SR_p53,random_grouped,104,50_20_15_15,class_retention_lower,1,78,,0.6,47,0.000462962962962963,0.40985792395203263,false
Tox21_SR_p53,random_grouped,104,50_20_15_15,class_retention_lower,1,78,,0.7,55,0.000462962962962963,0.5139144460612297,true
Tox21_SR_p53,random_grouped,104,50_20_15_15,class_retention_lower,1,78,,0.8,62,0.000462962962962963,0.612756603804939,true
Tox21_SR_p53,random_grouped,104,50_20_15_15,class_retention_lower,1,78,,0.9,70,0.000462962962962963,0.7390461022801071,true
Tox21_SR_p53,random_grouped,104,50_20_15_15,class_retention_lower,1,78,,1.0,78,0.000462962962962963,0.9062553698812574,true
Tox21_SR_p53,random_grouped,104,50_20_15_15,critical_selected_error_upper,1,39,0.5,0.0,0,0.000462962962962963,0.17870120456138364,false
Tox21_SR_p53,random_grouped,104,50_20_15_15,critical_selected_error_upper,1,39,0.5,0.02,1,0.000462962962962963,0.23048920737189865,false
Tox21_SR_p53,random_grouped,104,50_20_15_15,critical_selected_error_upper,1,39,0.5,0.05,2,0.000462962962962963,0.27372590500358884,false
Tox21_SR_p53,random_grouped,104,50_20_15_15,critical_selected_error_upper,1,39,0.5,0.1,4,0.000462962962962963,0.3484834132153222,false
Tox21_SR_p53,random_grouped,104,50_20_15_15,critical_selected_error_upper,1,46,0.6,0.0,0,0.000462962962962963,0.15372429167360144,false
Tox21_SR_p53,random_grouped,104,50_20_15_15,critical_selected_error_upper,1,46,0.6,0.02,1,0.000462962962962963,0.1988198205549268,false
Tox21_SR_p53,random_grouped,104,50_20_15_15,critical_selected_error_upper,1,46,0.6,0.05,2,0.000462962962962963,0.23662401325430257,false
Tox21_SR_p53,random_grouped,104,50_20_15_15,critical_selected_error_upper,1,46,0.6,0.1,5,0.000462962962962963,0.3321885504992324,false
Tox21_SR_p53,random_grouped,104,50_20_15_15,critical_selected_error_upper,1,54,0.7,0.0,0,0.000462962962962963,0.13253720650164205,false
Tox21_SR_p53,random_grouped,104,50_20_15_15,critical_selected_error_upper,1,54,0.7,0.02,1,0.000462962962962963,0.17180682926045762,false
Tox21_SR_p53,random_grouped,104,50_20_15_15,critical_selected_error_upper,1,54,0.7,0.05,3,0.000462962962962963,0.23468631518916094,false
Tox21_SR_p53,random_grouped,104,50_20_15_15,critical_selected_error_upper,1,54,0.7,0.1,5,0.000462962962962963,0.2887749590272147,false
Tox21_SR_p53,random_grouped,104,50_20_15_15,critical_selected_error_upper,1,62,0.8,0.0,0,0.000462962962962963,0.11647572184011538,false
Tox21_SR_p53,random_grouped,104,50_20_15_15,critical_selected_error_upper,1,62,0.8,0.02,1,0.000462962962962963,0.15124081763244338,false
Tox21_SR_p53,random_grouped,104,50_20_15_15,critical_selected_error_upper,1,62,0.8,0.05,3,0.000462962962962963,0.2070951936906314,false
Tox21_SR_p53,random_grouped,104,50_20_15_15,critical_selected_error_upper,1,62,0.8,0.1,6,0.000462962962962963,0.2777933199953223,false
Tox21_SR_p53,random_grouped,104,50_20_15_15,critical_selected_error_upper,1,70,0.9,0.0,0,0.000462962962962963,0.10388252516581535,false
Tox21_SR_p53,random_grouped,104,50_20_15_15,critical_selected_error_upper,1,70,0.9,0.02,1,0.000462962962962963,0.1350640958749031,false
Tox21_SR_p53,random_grouped,104,50_20_15_15,critical_selected_error_upper,1,70,0.9,0.05,4,0.000462962962962963,0.20760247072735719,false
Tox21_SR_p53,random_grouped,104,50_20_15_15,critical_selected_error_upper,1,70,0.9,0.1,7,0.000462962962962963,0.2686748486467381,false
Tox21_SR_p53,random_grouped,104,50_20_15_15,critical_selected_error_upper,1,78,1.0,0.0,0,0.000462962962962963,0.09374463011874166,true
Tox21_SR_p53,random_grouped,104,50_20_15_15,critical_selected_error_upper,1,78,1.0,0.02,2,0.000462962962962963,0.14591612040881052,false
Tox21_SR_p53,random_grouped,104,50_20_15_15,critical_selected_error_upper,1,78,1.0,0.05,4,0.000462962962962963,0.18792737549937974,false
Tox21_SR_p53,random_grouped,104,50_20_15_15,critical_selected_error_upper,1,78,1.0,0.1,8,0.000462962962962963,0.26095389771989175,false
Tox21_SR_p53,random_grouped,105,50_20_15_15,class_retention_lower,0,1232,,0.5,616,0.000462962962962963,0.45252967910555636,false
Tox21_SR_p53,random_grouped,105,50_20_15_15,class_retention_lower,0,1232,,0.6,739,0.000462962962962963,0.5526874169603343,true
Tox21_SR_p53,random_grouped,105,50_20_15_15,class_retention_lower,0,1232,,0.7,862,0.000462962962962963,0.6548594681006874,true
Tox21_SR_p53,random_grouped,105,50_20_15_15,class_retention_lower,0,1232,,0.8,986,0.000462962962962963,0.7603793948364983,true
Tox21_SR_p53,random_grouped,105,50_20_15_15,class_retention_lower,0,1232,,0.9,1109,0.000462962962962963,0.8689554839192397,true
Tox21_SR_p53,random_grouped,105,50_20_15_15,class_retention_lower,0,1232,,1.0,1232,0.000462962962962963,0.9937873467721698,true
Tox21_SR_p53,random_grouped,105,50_20_15_15,class_retention_lower,1,78,,0.5,39,0.000462962962962963,0.3136409645871689,false
Tox21_SR_p53,random_grouped,105,50_20_15_15,class_retention_lower,1,78,,0.6,47,0.000462962962962963,0.40985792395203263,false
Tox21_SR_p53,random_grouped,105,50_20_15_15,class_retention_lower,1,78,,0.7,55,0.000462962962962963,0.5139144460612297,true
Tox21_SR_p53,random_grouped,105,50_20_15_15,class_retention_lower,1,78,,0.8,62,0.000462962962962963,0.612756603804939,true
Tox21_SR_p53,random_grouped,105,50_20_15_15,class_retention_lower,1,78,,0.9,70,0.000462962962962963,0.7390461022801071,true
Tox21_SR_p53,random_grouped,105,50_20_15_15,class_retention_lower,1,78,,1.0,78,0.000462962962962963,0.9062553698812574,true
Tox21_SR_p53,random_grouped,105,50_20_15_15,critical_selected_error_upper,1,39,0.5,0.0,0,0.000462962962962963,0.17870120456138364,false
Tox21_SR_p53,random_grouped,105,50_20_15_15,critical_selected_error_upper,1,39,0.5,0.02,1,0.000462962962962963,0.23048920737189865,false
Tox21_SR_p53,random_grouped,105,50_20_15_15,critical_selected_error_upper,1,39,0.5,0.05,2,0.000462962962962963,0.27372590500358884,false
Tox21_SR_p53,random_grouped,105,50_20_15_15,critical_selected_error_upper,1,39,0.5,0.1,4,0.000462962962962963,0.3484834132153222,false
Tox21_SR_p53,random_grouped,105,50_20_15_15,critical_selected_error_upper,1,46,0.6,0.0,0,0.000462962962962963,0.15372429167360144,false
Tox21_SR_p53,random_grouped,105,50_20_15_15,critical_selected_error_upper,1,46,0.6,0.02,1,0.000462962962962963,0.1988198205549268,false
Tox21_SR_p53,random_grouped,105,50_20_15_15,critical_selected_error_upper,1,46,0.6,0.05,2,0.000462962962962963,0.23662401325430257,false
Tox21_SR_p53,random_grouped,105,50_20_15_15,critical_selected_error_upper,1,46,0.6,0.1,5,0.000462962962962963,0.3321885504992324,false
Tox21_SR_p53,random_grouped,105,50_20_15_15,critical_selected_error_upper,1,54,0.7,0.0,0,0.000462962962962963,0.13253720650164205,false
Tox21_SR_p53,random_grouped,105,50_20_15_15,critical_selected_error_upper,1,54,0.7,0.02,1,0.000462962962962963,0.17180682926045762,false
Tox21_SR_p53,random_grouped,105,50_20_15_15,critical_selected_error_upper,1,54,0.7,0.05,3,0.000462962962962963,0.23468631518916094,false
Tox21_SR_p53,random_grouped,105,50_20_15_15,critical_selected_error_upper,1,54,0.7,0.1,5,0.000462962962962963,0.2887749590272147,false
Tox21_SR_p53,random_grouped,105,50_20_15_15,critical_selected_error_upper,1,62,0.8,0.0,0,0.000462962962962963,0.11647572184011538,false
Tox21_SR_p53,random_grouped,105,50_20_15_15,critical_selected_error_upper,1,62,0.8,0.02,1,0.000462962962962963,0.15124081763244338,false
Tox21_SR_p53,random_grouped,105,50_20_15_15,critical_selected_error_upper,1,62,0.8,0.05,3,0.000462962962962963,0.2070951936906314,false
Tox21_SR_p53,random_grouped,105,50_20_15_15,critical_selected_error_upper,1,62,0.8,0.1,6,0.000462962962962963,0.2777933199953223,false
Tox21_SR_p53,random_grouped,105,50_20_15_15,critical_selected_error_upper,1,70,0.9,0.0,0,0.000462962962962963,0.10388252516581535,false
Tox21_SR_p53,random_grouped,105,50_20_15_15,critical_selected_error_upper,1,70,0.9,0.02,1,0.000462962962962963,0.1350640958749031,false
Tox21_SR_p53,random_grouped,105,50_20_15_15,critical_selected_error_upper,1,70,0.9,0.05,4,0.000462962962962963,0.20760247072735719,false
Tox21_SR_p53,random_grouped,105,50_20_15_15,critical_selected_error_upper,1,70,0.9,0.1,7,0.000462962962962963,0.2686748486467381,false
Tox21_SR_p53,random_grouped,105,50_20_15_15,critical_selected_error_upper,1,78,1.0,0.0,0,0.000462962962962963,0.09374463011874166,true
Tox21_SR_p53,random_grouped,105,50_20_15_15,critical_selected_error_upper,1,78,1.0,0.02,2,0.000462962962962963,0.14591612040881052,false
Tox21_SR_p53,random_grouped,105,50_20_15_15,critical_selected_error_upper,1,78,1.0,0.05,4,0.000462962962962963,0.18792737549937974,false
Tox21_SR_p53,random_grouped,105,50_20_15_15,critical_selected_error_upper,1,78,1.0,0.1,8,0.000462962962962963,0.26095389771989175,false
Tox21_SR_p53,strict_scaffold,101,50_20_15_15,class_retention_lower,0,1264,,0.5,632,0.000462962962962963,0.4531365795149118,false
Tox21_SR_p53,strict_scaffold,101,50_20_15_15,class_retention_lower,0,1264,,0.6,758,0.000462962962962963,0.5531421821594442,true
Tox21_SR_p53,strict_scaffold,101,50_20_15_15,class_retention_lower,0,1264,,0.7,885,0.000462962962962963,0.6559483571540201,true
Tox21_SR_p53,strict_scaffold,101,50_20_15_15,class_retention_lower,0,1264,,0.8,1011,0.000462962962962963,0.7604020456870331,true
Tox21_SR_p53,strict_scaffold,101,50_20_15_15,class_retention_lower,0,1264,,0.9,1138,0.000462962962962963,0.8695621375335114,true
Tox21_SR_p53,strict_scaffold,101,50_20_15_15,class_retention_lower,0,1264,,1.0,1264,0.000462962962962963,0.9939441519165402,true
Tox21_SR_p53,strict_scaffold,101,50_20_15_15,class_retention_lower,1,46,,0.5,23,0.000462962962962963,0.26166065543843525,false
Tox21_SR_p53,strict_scaffold,101,50_20_15_15,class_retention_lower,1,46,,0.6,28,0.000462962962962963,0.35781018934242426,false
Tox21_SR_p53,strict_scaffold,101,50_20_15_15,class_retention_lower,1,46,,0.7,32,0.000462962962962963,0.4425018338862245,false
Tox21_SR_p53,strict_scaffold,101,50_20_15_15,class_retention_lower,1,46,,0.8,37,0.000462962962962963,0.5601396012840407,true
Tox21_SR_p53,strict_scaffold,101,50_20_15_15,class_retention_lower,1,46,,0.9,41,0.000462962962962963,0.6678114495007661,true
Tox21_SR_p53,strict_scaffold,101,50_20_15_15,class_retention_lower,1,46,,1.0,46,0.000462962962962963,0.8462757083263971,true
Tox21_SR_p53,strict_scaffold,101,50_20_15_15,critical_selected_error_upper,1,23,0.5,0.0,0,0.000462962962962963,0.2838174254966524,false
Tox21_SR_p53,strict_scaffold,101,50_20_15_15,critical_selected_error_upper,1,23,0.5,0.02,0,0.000462962962962963,0.2838174254966524,false
Tox21_SR_p53,strict_scaffold,101,50_20_15_15,critical_selected_error_upper,1,23,0.5,0.05,1,0.000462962962962963,0.36149727783615326,false
Tox21_SR_p53,strict_scaffold,101,50_20_15_15,critical_selected_error_upper,1,23,0.5,0.1,2,0.000462962962962963,0.4250387310940248,false
Tox21_SR_p53,strict_scaffold,101,50_20_15_15,critical_selected_error_upper,1,27,0.6,0.0,0,0.000462962962962963,0.24750830189602518,false
Tox21_SR_p53,strict_scaffold,101,50_20_15_15,critical_selected_error_upper,1,27,0.6,0.02,1,0.000462962962962963,0.31668366023301087,false
Tox21_SR_p53,strict_scaffold,101,50_20_15_15,critical_selected_error_upper,1,27,0.6,0.05,1,0.000462962962962963,0.31668366023301087,false
Tox21_SR_p53,strict_scaffold,101,50_20_15_15,critical_selected_error_upper,1,27,0.6,0.1,3,0.000462962962962963,0.42432839150817486,false
Tox21_SR_p53,strict_scaffold,101,50_20_15_15,critical_selected_error_upper,1,32,0.7,0.0,0,0.000462962962962963,0.2133196174960368,false
Tox21_SR_p53,strict_scaffold,101,50_20_15_15,critical_selected_error_upper,1,32,0.7,0.02,1,0.000462962962962963,0.27405478014028867,false
Tox21_SR_p53,strict_scaffold,101,50_20_15_15,critical_selected_error_upper,1,32,0.7,0.05,2,0.000462962962962963,0.32445175142866634,false
Tox21_SR_p53,strict_scaffold,101,50_20_15_15,critical_selected_error_upper,1,32,0.7,0.1,3,0.000462962962962963,0.36946111650044866,false
Tox21_SR_p53,strict_scaffold,101,50_20_15_15,critical_selected_error_upper,1,36,0.8,0.0,0,0.000462962962962963,0.1920652560252177,false
Tox21_SR_p53,strict_scaffold,101,50_20_15_15,critical_selected_error_upper,1,36,0.8,0.02,1,0.000462962962962963,0.24735346552332485,false
Tox21_SR_p53,strict_scaffold,101,50_20_15_15,critical_selected_error_upper,1,36,0.8,0.05,2,0.000462962962962963,0.2934063094460247,false
Tox21_SR_p53,strict_scaffold,101,50_20_15_15,critical_selected_error_upper,1,36,0.8,0.1,4,0.000462962962962963,0.37279773107335085,false
Tox21_SR_p53,strict_scaffold,101,50_20_15_15,critical_selected_error_upper,1,41,0.9,0.0,0,0.000462962962962963,0.17077600675972007,false
Tox21_SR_p53,strict_scaffold,101,50_20_15_15,critical_selected_error_upper,1,41,0.9,0.02,1,0.000462962962962963,0.22046149460561304,false
Tox21_SR_p53,strict_scaffold,101,50_20_15_15,critical_selected_error_upper,1,41,0.9,0.05,2,0.000462962962962963,0.2619980373116526,false
Tox21_SR_p53,strict_scaffold,101,50_20_15_15,critical_selected_error_upper,1,41,0.9,0.1,4,0.000462962962962963,0.3339378261194773,false
Tox21_SR_p53,strict_scaffold,101,50_20_15_15,critical_selected_error_upper,1,46,1.0,0.0,0,0.000462962962962963,0.15372429167360144,false
Tox21_SR_p53,strict_scaffold,101,50_20_15_15,critical_selected_error_upper,1,46,1.0,0.02,1,0.000462962962962963,0.1988198205549268,false
Tox21_SR_p53,strict_scaffold,101,50_20_15_15,critical_selected_error_upper,1,46,1.0,0.05,2,0.000462962962962963,0.23662401325430257,false
Tox21_SR_p53,strict_scaffold,101,50_20_15_15,critical_selected_error_upper,1,46,1.0,0.1,5,0.000462962962962963,0.3321885504992324,false
Tox21_SR_p53,strict_scaffold,102,50_20_15_15,class_retention_lower,0,1262,,0.5,631,0.000462962962962963,0.4530993262673462,false
Tox21_SR_p53,strict_scaffold,102,50_20_15_15,class_retention_lower,0,1262,,0.6,757,0.000462962962962963,0.5532646870993438,true
Tox21_SR_p53,strict_scaffold,102,50_20_15_15,class_retention_lower,0,1262,,0.7,883,0.000462962962962963,0.6554206977311992,true
Tox21_SR_p53,strict_scaffold,102,50_20_15_15,class_retention_lower,0,1262,,0.8,1010,0.000462962962962963,0.7608744477390275,true
Tox21_SR_p53,strict_scaffold,102,50_20_15_15,class_retention_lower,0,1262,,0.9,1136,0.000462962962962963,0.8693589957644767,true
Tox21_SR_p53,strict_scaffold,102,50_20_15_15,class_retention_lower,0,1262,,1.0,1262,0.000462962962962963,0.9939345838575087,true
Tox21_SR_p53,strict_scaffold,102,50_20_15_15,class_retention_lower,1,48,,0.5,24,0.000462962962962963,0.2662257959554899,false
Tox21_SR_p53,strict_scaffold,102,50_20_15_15,class_retention_lower,1,48,,0.6,29,0.000462962962962963,0.3587557411584171,false
Tox21_SR_p53,strict_scaffold,102,50_20_15_15,class_retention_lower,1,48,,0.7,34,0.000462962962962963,0.46109417273514913,false
Tox21_SR_p53,strict_scaffold,102,50_20_15_15,class_retention_lower,1,48,,0.8,38,0.000462962962962963,0.5514358483886466,true
Tox21_SR_p53,strict_scaffold,102,50_20_15_15,class_retention_lower,1,48,,0.9,43,0.000462962962962963,0.6798301922091268,true
Tox21_SR_p53,strict_scaffold,102,50_20_15_15,class_retention_lower,1,48,,1.0,48,0.000462962962962963,0.8521817190734138,true
Tox21_SR_p53,strict_scaffold,102,50_20_15_15,critical_selected_error_upper,1,24,0.5,0.0,0,0.000462962962962963,0.27378631767707895,false
Tox21_SR_p53,strict_scaffold,102,50_20_15_15,critical_selected_error_upper,1,24,0.5,0.02,0,0.000462962962962963,0.27378631767707895,false
Tox21_SR_p53,strict_scaffold,102,50_20_15_15,critical_selected_error_upper,1,24,0.5,0.05,1,0.000462962962962963,0.34916573267995943,false
Tox21_SR_p53,strict_scaffold,102,50_20_15_15,critical_selected_error_upper,1,24,0.5,0.1,2,0.000462962962962963,0.41096172006943343,false
Tox21_SR_p53,strict_scaffold,102,50_20_15_15,critical_selected_error_upper,1,28,0.6,0.0,0,0.000462962962962963,0.23982712977030382,false
Tox21_SR_p53,strict_scaffold,102,50_20_15_15,critical_selected_error_upper,1,28,0.6,0.02,1,0.000462962962962963,0.307141763677396,false
Tox21_SR_p53,strict_scaffold,102,50_20_15_15,critical_selected_error_upper,1,28,0.6,0.05,1,0.000462962962962963,0.307141763677396,false
Tox21_SR_p53,strict_scaffold,102,50_20_15_15,critical_selected_error_upper,1,28,0.6,0.1,3,0.000462962962962963,0.41212149791956276,false
Tox21_SR_p53,strict_scaffold,102,50_20_15_15,critical_selected_error_upper,1,33,0.7,0.0,0,0.000462962962962963,0.2075790535529643,false
Tox21_SR_p53,strict_scaffold,102,50_20_15_15,critical_selected_error_upper,1,33,0.7,0.02,1,0.000462962962962963,0.26685780332821235,false
Tox21_SR_p53,strict_scaffold,102,50_20_15_15,critical_selected_error_upper,1,33,0.7,0.05,2,0.000462962962962963,0.3160980650053901,false
Tox21_SR_p53,strict_scaffold,102,50_20_15_15,critical_selected_error_upper,1,33,0.7,0.1,3,0.000462962962962963,0.36011592863720265,false
Tox21_SR_p53,strict_scaffold,102,50_20_15_15,critical_selected_error_upper,1,38,0.8,0.0,0,0.000462962962962963,0.18294514099507306,false
Tox21_SR_p53,strict_scaffold,102,50_20_15_15,critical_selected_error_upper,1,38,0.8,0.02,1,0.000462962962962963,0.23585087504942384,false
Tox21_SR_p53,strict_scaffold,102,50_20_15_15,critical_selected_error_upper,1,38,0.8,0.05,2,0.000462962962962963,0.2799888361943221,false
Tox21_SR_p53,strict_scaffold,102,50_20_15_15,critical_selected_error_upper,1,38,0.8,0.1,4,0.000462962962962963,0.3562340235248907,false
Tox21_SR_p53,strict_scaffold,102,50_20_15_15,critical_selected_error_upper,1,43,0.9,0.0,0,0.000462962962962963,0.1635219215142407,false
Tox21_SR_p53,strict_scaffold,102,50_20_15_15,critical_selected_error_upper,1,43,0.9,0.02,1,0.000462962962962963,0.21126572151684664,false
Tox21_SR_p53,strict_scaffold,102,50_20_15_15,critical_selected_error_upper,1,43,0.9,0.05,2,0.000462962962962963,0.2512267542122495,false
Tox21_SR_p53,strict_scaffold,102,50_20_15_15,critical_selected_error_upper,1,43,0.9,0.1,4,0.000462962962962963,0.3205427812469196,false
Tox21_SR_p53,strict_scaffold,102,50_20_15_15,critical_selected_error_upper,1,48,1.0,0.0,0,0.000462962962962963,0.14781828092658486,false
Tox21_SR_p53,strict_scaffold,102,50_20_15_15,critical_selected_error_upper,1,48,1.0,0.02,1,0.000462962962962963,0.19130331430377273,false
Tox21_SR_p53,strict_scaffold,102,50_20_15_15,critical_selected_error_upper,1,48,1.0,0.05,2,0.000462962962962963,0.22779153158410484,false
Tox21_SR_p53,strict_scaffold,102,50_20_15_15,critical_selected_error_upper,1,48,1.0,0.1,5,0.000462962962962963,0.3201698077908716,false
Tox21_SR_p53,strict_scaffold,103,50_20_15_15,class_retention_lower,0,1265,,0.5,632,0.000462962962962963,0.4527623415946192,false
Tox21_SR_p53,strict_scaffold,103,50_20_15_15,class_retention_lower,0,1265,,0.6,759,0.000462962962962963,0.5534813951494915,true
Tox21_SR_p53,strict_scaffold,103,50_20_15_15,class_retention_lower,0,1265,,0.7,886,0.000462962962962963,0.6562115837492276,true
Tox21_SR_p53,strict_scaffold,103,50_20_15_15,class_retention_lower,0,1265,,0.8,1012,0.000462962962962963,0.7605867127542976,true
Tox21_SR_p53,strict_scaffold,103,50_20_15_15,class_retention_lower,0,1265,,0.9,1138,0.000462962962962963,0.8687804638932253,true
Tox21_SR_p53,strict_scaffold,103,50_20_15_15,class_retention_lower,0,1265,,1.0,1265,0.000462962962962963,0.993948924634962,true
Tox21_SR_p53,strict_scaffold,103,50_20_15_15,class_retention_lower,1,45,,0.5,22,0.000462962962962963,0.2500635610885083,false
Tox21_SR_p53,strict_scaffold,103,50_20_15_15,class_retention_lower,1,45,,0.6,27,0.000462962962962963,0.34704682848112084,false
Tox21_SR_p53,strict_scaffold,103,50_20_15_15,class_retention_lower,1,45,,0.7,31,0.000462962962962963,0.43274443632562515,false
Tox21_SR_p53,strict_scaffold,103,50_20_15_15,class_retention_lower,1,45,,0.8,36,0.000462962962962963,0.5520544711360471,true
Tox21_SR_p53,strict_scaffold,103,50_20_15_15,class_retention_lower,1,45,,0.9,40,0.000462962962962963,0.6614619979839649,true
Tox21_SR_p53,strict_scaffold,103,50_20_15_15,class_retention_lower,1,45,,1.0,45,0.000462962962962963,0.8431425903983041,true
Tox21_SR_p53,strict_scaffold,103,50_20_15_15,critical_selected_error_upper,1,22,0.5,0.0,0,0.000462962962962963,0.29460249309447134,false
Tox21_SR_p53,strict_scaffold,103,50_20_15_15,critical_selected_error_upper,1,22,0.5,0.02,0,0.000462962962962963,0.29460249309447134,false
Tox21_SR_p53,strict_scaffold,103,50_20_15_15,critical_selected_error_upper,1,22,0.5,0.05,1,0.000462962962962963,0.3747125925007869,false
Tox21_SR_p53,strict_scaffold,103,50_20_15_15,critical_selected_error_upper,1,22,0.5,0.1,2,0.000462962962962963,0.44008197751971545,false
Tox21_SR_p53,strict_scaffold,103,50_20_15_15,critical_selected_error_upper,1,27,0.6,0.0,0,0.000462962962962963,0.24750830189602518,false
Tox21_SR_p53,strict_scaffold,103,50_20_15_15,critical_selected_error_upper,1,27,0.6,0.02,1,0.000462962962962963,0.31668366023301087,false
Tox21_SR_p53,strict_scaffold,103,50_20_15_15,critical_selected_error_upper,1,27,0.6,0.05,1,0.000462962962962963,0.31668366023301087,false
Tox21_SR_p53,strict_scaffold,103,50_20_15_15,critical_selected_error_upper,1,27,0.6,0.1,3,0.000462962962962963,0.42432839150817486,false
Tox21_SR_p53,strict_scaffold,103,50_20_15_15,critical_selected_error_upper,1,31,0.7,0.0,0,0.000462962962962963,0.21938484990205484,false
Tox21_SR_p53,strict_scaffold,103,50_20_15_15,critical_selected_error_upper,1,31,0.7,0.02,1,0.000462962962962963,0.28164674570615167,false
Tox21_SR_p53,strict_scaffold,103,50_20_15_15,critical_selected_error_upper,1,31,0.7,0.05,2,0.000462962962962963,0.3332522834137861,false
Tox21_SR_p53,strict_scaffold,103,50_20_15_15,critical_selected_error_upper,1,31,0.7,0.1,3,0.000462962962962963,0.37929417416476074,false
Tox21_SR_p53,strict_scaffold,103,50_20_15_15,critical_selected_error_upper,1,36,0.8,0.0,0,0.000462962962962963,0.1920652560252177,false
Tox21_SR_p53,strict_scaffold,103,50_20_15_15,critical_selected_error_upper,1,36,0.8,0.02,1,0.000462962962962963,0.24735346552332485,false
Tox21_SR_p53,strict_scaffold,103,50_20_15_15,critical_selected_error_upper,1,36,0.8,0.05,2,0.000462962962962963,0.2934063094460247,false
Tox21_SR_p53,strict_scaffold,103,50_20_15_15,critical_selected_error_upper,1,36,0.8,0.1,4,0.000462962962962963,0.37279773107335085,false
Tox21_SR_p53,strict_scaffold,103,50_20_15_15,critical_selected_error_upper,1,40,0.9,0.0,0,0.000462962962962963,0.17464904864191882,false
Tox21_SR_p53,strict_scaffold,103,50_20_15_15,critical_selected_error_upper,1,40,0.9,0.02,1,0.000462962962962963,0.2253645041032346,false
Tox21_SR_p53,strict_scaffold,103,50_20_15_15,critical_selected_error_upper,1,40,0.9,0.05,2,0.000462962962962963,0.26773468446011145,false
Tox21_SR_p53,strict_scaffold,103,50_20_15_15,critical_selected_error_upper,1,40,0.9,0.1,4,0.000462962962962963,0.34105790168855954,false
Tox21_SR_p53,strict_scaffold,103,50_20_15_15,critical_selected_error_upper,1,45,1.0,0.0,0,0.000462962962962963,0.1568574096016945,false
Tox21_SR_p53,strict_scaffold,103,50_20_15_15,critical_selected_error_upper,1,45,1.0,0.02,1,0.000462962962962963,0.20280300560527742,false
Tox21_SR_p53,strict_scaffold,103,50_20_15_15,critical_selected_error_upper,1,45,1.0,0.05,2,0.000462962962962963,0.24130050259847521,false
Tox21_SR_p53,strict_scaffold,103,50_20_15_15,critical_selected_error_upper,1,45,1.0,0.1,4,0.000462962962962963,0.3081689250719554,false
Tox21_SR_p53,strict_scaffold,104,50_20_15_15,class_retention_lower,0,1264,,0.5,632,0.000462962962962963,0.4531365795149118,false
Tox21_SR_p53,strict_scaffold,104,50_20_15_15,class_retention_lower,0,1264,,0.6,758,0.000462962962962963,0.5531421821594442,true
Tox21_SR_p53,strict_scaffold,104,50_20_15_15,class_retention_lower,0,1264,,0.7,885,0.000462962962962963,0.6559483571540201,true
Tox21_SR_p53,strict_scaffold,104,50_20_15_15,class_retention_lower,0,1264,,0.8,1011,0.000462962962962963,0.7604020456870331,true
Tox21_SR_p53,strict_scaffold,104,50_20_15_15,class_retention_lower,0,1264,,0.9,1138,0.000462962962962963,0.8695621375335114,true
Tox21_SR_p53,strict_scaffold,104,50_20_15_15,class_retention_lower,0,1264,,1.0,1264,0.000462962962962963,0.9939441519165402,true
Tox21_SR_p53,strict_scaffold,104,50_20_15_15,class_retention_lower,1,46,,0.5,23,0.000462962962962963,0.26166065543843525,false
Tox21_SR_p53,strict_scaffold,104,50_20_15_15,class_retention_lower,1,46,,0.6,28,0.000462962962962963,0.35781018934242426,false
Tox21_SR_p53,strict_scaffold,104,50_20_15_15,class_retention_lower,1,46,,0.7,32,0.000462962962962963,0.4425018338862245,false
Tox21_SR_p53,strict_scaffold,104,50_20_15_15,class_retention_lower,1,46,,0.8,37,0.000462962962962963,0.5601396012840407,true
Tox21_SR_p53,strict_scaffold,104,50_20_15_15,class_retention_lower,1,46,,0.9,41,0.000462962962962963,0.6678114495007661,true
Tox21_SR_p53,strict_scaffold,104,50_20_15_15,class_retention_lower,1,46,,1.0,46,0.000462962962962963,0.8462757083263971,true
Tox21_SR_p53,strict_scaffold,104,50_20_15_15,critical_selected_error_upper,1,23,0.5,0.0,0,0.000462962962962963,0.2838174254966524,false
Tox21_SR_p53,strict_scaffold,104,50_20_15_15,critical_selected_error_upper,1,23,0.5,0.02,0,0.000462962962962963,0.2838174254966524,false
Tox21_SR_p53,strict_scaffold,104,50_20_15_15,critical_selected_error_upper,1,23,0.5,0.05,1,0.000462962962962963,0.36149727783615326,false
Tox21_SR_p53,strict_scaffold,104,50_20_15_15,critical_selected_error_upper,1,23,0.5,0.1,2,0.000462962962962963,0.4250387310940248,false
Tox21_SR_p53,strict_scaffold,104,50_20_15_15,critical_selected_error_upper,1,27,0.6,0.0,0,0.000462962962962963,0.24750830189602518,false
Tox21_SR_p53,strict_scaffold,104,50_20_15_15,critical_selected_error_upper,1,27,0.6,0.02,1,0.000462962962962963,0.31668366023301087,false
Tox21_SR_p53,strict_scaffold,104,50_20_15_15,critical_selected_error_upper,1,27,0.6,0.05,1,0.000462962962962963,0.31668366023301087,false
Tox21_SR_p53,strict_scaffold,104,50_20_15_15,critical_selected_error_upper,1,27,0.6,0.1,3,0.000462962962962963,0.42432839150817486,false
Tox21_SR_p53,strict_scaffold,104,50_20_15_15,critical_selected_error_upper,1,32,0.7,0.0,0,0.000462962962962963,0.2133196174960368,false
Tox21_SR_p53,strict_scaffold,104,50_20_15_15,critical_selected_error_upper,1,32,0.7,0.02,1,0.000462962962962963,0.27405478014028867,false
Tox21_SR_p53,strict_scaffold,104,50_20_15_15,critical_selected_error_upper,1,32,0.7,0.05,2,0.000462962962962963,0.32445175142866634,false
Tox21_SR_p53,strict_scaffold,104,50_20_15_15,critical_selected_error_upper,1,32,0.7,0.1,3,0.000462962962962963,0.36946111650044866,false
Tox21_SR_p53,strict_scaffold,104,50_20_15_15,critical_selected_error_upper,1,36,0.8,0.0,0,0.000462962962962963,0.1920652560252177,false
Tox21_SR_p53,strict_scaffold,104,50_20_15_15,critical_selected_error_upper,1,36,0.8,0.02,1,0.000462962962962963,0.24735346552332485,false
Tox21_SR_p53,strict_scaffold,104,50_20_15_15,critical_selected_error_upper,1,36,0.8,0.05,2,0.000462962962962963,0.2934063094460247,false
Tox21_SR_p53,strict_scaffold,104,50_20_15_15,critical_selected_error_upper,1,36,0.8,0.1,4,0.000462962962962963,0.37279773107335085,false
Tox21_SR_p53,strict_scaffold,104,50_20_15_15,critical_selected_error_upper,1,41,0.9,0.0,0,0.000462962962962963,0.17077600675972007,false
Tox21_SR_p53,strict_scaffold,104,50_20_15_15,critical_selected_error_upper,1,41,0.9,0.02,1,0.000462962962962963,0.22046149460561304,false
Tox21_SR_p53,strict_scaffold,104,50_20_15_15,critical_selected_error_upper,1,41,0.9,0.05,2,0.000462962962962963,0.2619980373116526,false
Tox21_SR_p53,strict_scaffold,104,50_20_15_15,critical_selected_error_upper,1,41,0.9,0.1,4,0.000462962962962963,0.3339378261194773,false
Tox21_SR_p53,strict_scaffold,104,50_20_15_15,critical_selected_error_upper,1,46,1.0,0.0,0,0.000462962962962963,0.15372429167360144,false
Tox21_SR_p53,strict_scaffold,104,50_20_15_15,critical_selected_error_upper,1,46,1.0,0.02,1,0.000462962962962963,0.1988198205549268,false
Tox21_SR_p53,strict_scaffold,104,50_20_15_15,critical_selected_error_upper,1,46,1.0,0.05,2,0.000462962962962963,0.23662401325430257,false
Tox21_SR_p53,strict_scaffold,104,50_20_15_15,critical_selected_error_upper,1,46,1.0,0.1,5,0.000462962962962963,0.3321885504992324,false
Tox21_SR_p53,strict_scaffold,105,50_20_15_15,class_retention_lower,0,1264,,0.5,632,0.000462962962962963,0.4531365795149118,false
Tox21_SR_p53,strict_scaffold,105,50_20_15_15,class_retention_lower,0,1264,,0.6,758,0.000462962962962963,0.5531421821594442,true
Tox21_SR_p53,strict_scaffold,105,50_20_15_15,class_retention_lower,0,1264,,0.7,885,0.000462962962962963,0.6559483571540201,true
Tox21_SR_p53,strict_scaffold,105,50_20_15_15,class_retention_lower,0,1264,,0.8,1011,0.000462962962962963,0.7604020456870331,true
Tox21_SR_p53,strict_scaffold,105,50_20_15_15,class_retention_lower,0,1264,,0.9,1138,0.000462962962962963,0.8695621375335114,true
Tox21_SR_p53,strict_scaffold,105,50_20_15_15,class_retention_lower,0,1264,,1.0,1264,0.000462962962962963,0.9939441519165402,true
Tox21_SR_p53,strict_scaffold,105,50_20_15_15,class_retention_lower,1,46,,0.5,23,0.000462962962962963,0.26166065543843525,false
Tox21_SR_p53,strict_scaffold,105,50_20_15_15,class_retention_lower,1,46,,0.6,28,0.000462962962962963,0.35781018934242426,false
Tox21_SR_p53,strict_scaffold,105,50_20_15_15,class_retention_lower,1,46,,0.7,32,0.000462962962962963,0.4425018338862245,false
Tox21_SR_p53,strict_scaffold,105,50_20_15_15,class_retention_lower,1,46,,0.8,37,0.000462962962962963,0.5601396012840407,true
Tox21_SR_p53,strict_scaffold,105,50_20_15_15,class_retention_lower,1,46,,0.9,41,0.000462962962962963,0.6678114495007661,true
Tox21_SR_p53,strict_scaffold,105,50_20_15_15,class_retention_lower,1,46,,1.0,46,0.000462962962962963,0.8462757083263971,true
Tox21_SR_p53,strict_scaffold,105,50_20_15_15,critical_selected_error_upper,1,23,0.5,0.0,0,0.000462962962962963,0.2838174254966524,false
Tox21_SR_p53,strict_scaffold,105,50_20_15_15,critical_selected_error_upper,1,23,0.5,0.02,0,0.000462962962962963,0.2838174254966524,false
Tox21_SR_p53,strict_scaffold,105,50_20_15_15,critical_selected_error_upper,1,23,0.5,0.05,1,0.000462962962962963,0.36149727783615326,false
Tox21_SR_p53,strict_scaffold,105,50_20_15_15,critical_selected_error_upper,1,23,0.5,0.1,2,0.000462962962962963,0.4250387310940248,false
Tox21_SR_p53,strict_scaffold,105,50_20_15_15,critical_selected_error_upper,1,27,0.6,0.0,0,0.000462962962962963,0.24750830189602518,false
Tox21_SR_p53,strict_scaffold,105,50_20_15_15,critical_selected_error_upper,1,27,0.6,0.02,1,0.000462962962962963,0.31668366023301087,false
Tox21_SR_p53,strict_scaffold,105,50_20_15_15,critical_selected_error_upper,1,27,0.6,0.05,1,0.000462962962962963,0.31668366023301087,false
Tox21_SR_p53,strict_scaffold,105,50_20_15_15,critical_selected_error_upper,1,27,0.6,0.1,3,0.000462962962962963,0.42432839150817486,false
Tox21_SR_p53,strict_scaffold,105,50_20_15_15,critical_selected_error_upper,1,32,0.7,0.0,0,0.000462962962962963,0.2133196174960368,false
Tox21_SR_p53,strict_scaffold,105,50_20_15_15,critical_selected_error_upper,1,32,0.7,0.02,1,0.000462962962962963,0.27405478014028867,false
Tox21_SR_p53,strict_scaffold,105,50_20_15_15,critical_selected_error_upper,1,32,0.7,0.05,2,0.000462962962962963,0.32445175142866634,false
Tox21_SR_p53,strict_scaffold,105,50_20_15_15,critical_selected_error_upper,1,32,0.7,0.1,3,0.000462962962962963,0.36946111650044866,false
Tox21_SR_p53,strict_scaffold,105,50_20_15_15,critical_selected_error_upper,1,36,0.8,0.0,0,0.000462962962962963,0.1920652560252177,false
Tox21_SR_p53,strict_scaffold,105,50_20_15_15,critical_selected_error_upper,1,36,0.8,0.02,1,0.000462962962962963,0.24735346552332485,false
Tox21_SR_p53,strict_scaffold,105,50_20_15_15,critical_selected_error_upper,1,36,0.8,0.05,2,0.000462962962962963,0.2934063094460247,false
Tox21_SR_p53,strict_scaffold,105,50_20_15_15,critical_selected_error_upper,1,36,0.8,0.1,4,0.000462962962962963,0.37279773107335085,false
Tox21_SR_p53,strict_scaffold,105,50_20_15_15,critical_selected_error_upper,1,41,0.9,0.0,0,0.000462962962962963,0.17077600675972007,false
Tox21_SR_p53,strict_scaffold,105,50_20_15_15,critical_selected_error_upper,1,41,0.9,0.02,1,0.000462962962962963,0.22046149460561304,false
Tox21_SR_p53,strict_scaffold,105,50_20_15_15,critical_selected_error_upper,1,41,0.9,0.05,2,0.000462962962962963,0.2619980373116526,false
Tox21_SR_p53,strict_scaffold,105,50_20_15_15,critical_selected_error_upper,1,41,0.9,0.1,4,0.000462962962962963,0.3339378261194773,false
Tox21_SR_p53,strict_scaffold,105,50_20_15_15,critical_selected_error_upper,1,46,1.0,0.0,0,0.000462962962962963,0.15372429167360144,false
Tox21_SR_p53,strict_scaffold,105,50_20_15_15,critical_selected_error_upper,1,46,1.0,0.02,1,0.000462962962962963,0.1988198205549268,false
Tox21_SR_p53,strict_scaffold,105,50_20_15_15,critical_selected_error_upper,1,46,1.0,0.05,2,0.000462962962962963,0.23662401325430257,false
Tox21_SR_p53,strict_scaffold,105,50_20_15_15,critical_selected_error_upper,1,46,1.0,0.1,5,0.000462962962962963,0.3321885504992324,false
Tox21_SR_p53,similarity_cluster,101,50_20_15_15,class_retention_lower,0,1222,,0.5,611,0.000462962962962963,0.45233514752589565,false
Tox21_SR_p53,similarity_cluster,101,50_20_15_15,class_retention_lower,0,1222,,0.6,733,0.000462962962962963,0.5524902290825211,true
Tox21_SR_p53,similarity_cluster,101,50_20_15_15,class_retention_lower,0,1222,,0.7,855,0.000462962962962963,0.6546677012500569,true
Tox21_SR_p53,similarity_cluster,101,50_20_15_15,class_retention_lower,0,1222,,0.8,978,0.000462962962962963,0.7602102269060242,true
Tox21_SR_p53,similarity_cluster,101,50_20_15_15,class_retention_lower,0,1222,,0.9,1100,0.000462962962962963,0.8688175108237872,true
Tox21_SR_p53,similarity_cluster,101,50_20_15_15,class_retention_lower,0,1222,,1.0,1222,0.000462962962962963,0.9937366662755615,true
Tox21_SR_p53,similarity_cluster,101,50_20_15_15,class_retention_lower,1,88,,0.5,44,0.000462962962962963,0.3240875729052486,false
Tox21_SR_p53,similarity_cluster,101,50_20_15_15,class_retention_lower,1,88,,0.6,53,0.000462962962962963,0.4209475153794428,false
Tox21_SR_p53,similarity_cluster,101,50_20_15_15,class_retention_lower,1,88,,0.7,62,0.000462962962962963,0.5252131336214941,true
Tox21_SR_p53,similarity_cluster,101,50_20_15_15,class_retention_lower,1,88,,0.8,70,0.000462962962962963,0.6254423438598395,true
Tox21_SR_p53,similarity_cluster,101,50_20_15_15,class_retention_lower,1,88,,0.9,79,0.000462962962962963,0.7509682651347105,true
Tox21_SR_p53,similarity_cluster,101,50_20_15_15,class_retention_lower,1,88,,1.0,88,0.000462962962962963,0.9164493765328041,true
Tox21_SR_p53,similarity_cluster,101,50_20_15_15,critical_selected_error_upper,1,44,0.5,0.0,0,0.000462962962962963,0.16012054025263323,false
Tox21_SR_p53,similarity_cluster,101,50_20_15_15,critical_selected_error_upper,1,44,0.5,0.02,1,0.000462962962962963,0.20694829102209883,false
Tox21_SR_p53,similarity_cluster,101,50_20_15_15,critical_selected_error_upper,1,44,0.5,0.05,2,0.000462962962962963,0.2461642874170728,false
Tox21_SR_p53,similarity_cluster,101,50_20_15_15,critical_selected_error_upper,1,44,0.5,0.1,4,0.000462962962962963,0.3142355327700181,false
Tox21_SR_p53,similarity_cluster,101,50_20_15_15,critical_selected_error_upper,1,52,0.6,0.0,0,0.000462962962962963,0.13726803487800732,false
Tox21_SR_p53,similarity_cluster,101,50_20_15_15,critical_selected_error_upper,1,52,0.6,0.02,1,0.000462962962962963,0.17785009836364268,false
Tox21_SR_p53,similarity_cluster,101,50_20_15_15,critical_selected_error_upper,1,52,0.6,0.05,3,0.000462962962962963,0.2427650774557131,false
Tox21_SR_p53,similarity_cluster,101,50_20_15_15,critical_selected_error_upper,1,52,0.6,0.1,5,0.000462962962962963,0.298539858005902,false
Tox21_SR_p53,similarity_cluster,101,50_20_15_15,critical_selected_error_upper,1,61,0.7,0.0,0,0.000462962962962963,0.11826755097022883,false
Tox21_SR_p53,similarity_cluster,101,50_20_15_15,critical_selected_error_upper,1,61,0.7,0.02,1,0.000462962962962963,0.15353886558235433,false
Tox21_SR_p53,similarity_cluster,101,50_20_15_15,critical_selected_error_upper,1,61,0.7,0.05,3,0.000462962962962963,0.2101856366108321,false
Tox21_SR_p53,similarity_cluster,101,50_20_15_15,critical_selected_error_upper,1,61,0.7,0.1,6,0.000462962962962963,0.28185053618912886,false
Tox21_SR_p53,similarity_cluster,101,50_20_15_15,critical_selected_error_upper,1,70,0.8,0.0,0,0.000462962962962963,0.10388252516581535,false
Tox21_SR_p53,similarity_cluster,101,50_20_15_15,critical_selected_error_upper,1,70,0.8,0.02,1,0.000462962962962963,0.1350640958749031,false
Tox21_SR_p53,similarity_cluster,101,50_20_15_15,critical_selected_error_upper,1,70,0.8,0.05,4,0.000462962962962963,0.20760247072735719,false
Tox21_SR_p53,similarity_cluster,101,50_20_15_15,critical_selected_error_upper,1,70,0.8,0.1,7,0.000462962962962963,0.2686748486467381,false
Tox21_SR_p53,similarity_cluster,101,50_20_15_15,critical_selected_error_upper,1,79,0.9,0.0,0,0.000462962962962963,0.09261473045408337,true
Tox21_SR_p53,similarity_cluster,101,50_20_15_15,critical_selected_error_upper,1,79,0.9,0.02,2,0.000462962962962963,0.14418653705174245,false
Tox21_SR_p53,similarity_cluster,101,50_20_15_15,critical_selected_error_upper,1,79,0.9,0.05,4,0.000462962962962963,0.18572628954480416,false
Tox21_SR_p53,similarity_cluster,101,50_20_15_15,critical_selected_error_upper,1,79,0.9,0.1,8,0.000462962962962963,0.2579565127711405,false
Tox21_SR_p53,similarity_cluster,101,50_20_15_15,critical_selected_error_upper,1,88,1.0,0.0,0,0.000462962962962963,0.08355062346719512,true
Tox21_SR_p53,similarity_cluster,101,50_20_15_15,critical_selected_error_upper,1,88,1.0,0.02,2,0.000462962962962963,0.13028490407061977,false
Tox21_SR_p53,similarity_cluster,101,50_20_15_15,critical_selected_error_upper,1,88,1.0,0.05,4,0.000462962962962963,0.16800998103011439,false
Tox21_SR_p53,similarity_cluster,101,50_20_15_15,critical_selected_error_upper,1,88,1.0,0.1,9,0.000462962962962963,0.24903173486528848,false
Tox21_SR_p53,similarity_cluster,102,50_20_15_15,class_retention_lower,0,1220,,0.5,610,0.000462962962962963,0.45229595427459063,false
Tox21_SR_p53,similarity_cluster,102,50_20_15_15,class_retention_lower,0,1220,,0.6,732,0.000462962962962963,0.5526165491272153,true
Tox21_SR_p53,similarity_cluster,102,50_20_15_15,class_retention_lower,0,1220,,0.7,854,0.000462962962962963,0.6549683337109846,true
Tox21_SR_p53,similarity_cluster,102,50_20_15_15,class_retention_lower,0,1220,,0.8,976,0.000462962962962963,0.7598271540848189,true
Tox21_SR_p53,similarity_cluster,102,50_20_15_15,class_retention_lower,0,1220,,0.9,1098,0.000462962962962963,0.8686062492761495,true
Tox21_SR_p53,similarity_cluster,102,50_20_15_15,class_retention_lower,0,1220,,1.0,1220,0.000462962962962963,0.9937264307906188,true
Tox21_SR_p53,similarity_cluster,102,50_20_15_15,class_retention_lower,1,90,,0.5,45,0.000462962962962963,0.3259762579894963,false
Tox21_SR_p53,similarity_cluster,102,50_20_15_15,class_retention_lower,1,90,,0.6,54,0.000462962962962963,0.42076362897696257,false
Tox21_SR_p53,similarity_cluster,102,50_20_15_15,class_retention_lower,1,90,,0.7,63,0.000462962962962963,0.522540126957635,true
Tox21_SR_p53,similarity_cluster,102,50_20_15_15,class_retention_lower,1,90,,0.8,72,0.000462962962962963,0.6328297214326128,true
Tox21_SR_p53,similarity_cluster,102,50_20_15_15,class_retention_lower,1,90,,0.9,81,0.000462962962962963,0.7560344615195586,true
Tox21_SR_p53,similarity_cluster,102,50_20_15_15,class_retention_lower,1,90,,1.0,90,0.000462962962962963,0.9182279621087043,true
Tox21_SR_p53,similarity_cluster,102,50_20_15_15,critical_selected_error_upper,1,45,0.5,0.0,0,0.000462962962962963,0.1568574096016945,false
Tox21_SR_p53,similarity_cluster,102,50_20_15_15,critical_selected_error_upper,1,45,0.5,0.02,1,0.000462962962962963,0.20280300560527742,false
Tox21_SR_p53,similarity_cluster,102,50_20_15_15,critical_selected_error_upper,1,45,0.5,0.05,2,0.000462962962962963,0.24130050259847521,false
Tox21_SR_p53,similarity_cluster,102,50_20_15_15,critical_selected_error_upper,1,45,0.5,0.1,4,0.000462962962962963,0.3081689250719554,false
Tox21_SR_p53,similarity_cluster,102,50_20_15_15,critical_selected_error_upper,1,54,0.6,0.0,0,0.000462962962962963,0.13253720650164205,false
Tox21_SR_p53,similarity_cluster,102,50_20_15_15,critical_selected_error_upper,1,54,0.6,0.02,1,0.000462962962962963,0.17180682926045762,false
Tox21_SR_p53,similarity_cluster,102,50_20_15_15,critical_selected_error_upper,1,54,0.6,0.05,3,0.000462962962962963,0.23468631518916094,false
Tox21_SR_p53,similarity_cluster,102,50_20_15_15,critical_selected_error_upper,1,54,0.6,0.1,5,0.000462962962962963,0.2887749590272147,false
Tox21_SR_p53,similarity_cluster,102,50_20_15_15,critical_selected_error_upper,1,62,0.7,0.0,0,0.000462962962962963,0.11647572184011538,false
Tox21_SR_p53,similarity_cluster,102,50_20_15_15,critical_selected_error_upper,1,62,0.7,0.02,1,0.000462962962962963,0.15124081763244338,false
Tox21_SR_p53,similarity_cluster,102,50_20_15_15,critical_selected_error_upper,1,62,0.7,0.05,3,0.000462962962962963,0.2070951936906314,false
Tox21_SR_p53,similarity_cluster,102,50_20_15_15,critical_selected_error_upper,1,62,0.7,0.1,6,0.000462962962962963,0.2777933199953223,false
Tox21_SR_p53,similarity_cluster,102,50_20_15_15,critical_selected_error_upper,1,72,0.8,0.0,0,0.000462962962962963,0.10114809675075934,false
Tox21_SR_p53,similarity_cluster,102,50_20_15_15,critical_selected_error_upper,1,72,0.8,0.02,1,0.000462962962962963,0.13154565159004905,false
Tox21_SR_p53,similarity_cluster,102,50_20_15_15,critical_selected_error_upper,1,72,0.8,0.05,4,0.000462962962962963,0.202308794318706,false
Tox21_SR_p53,similarity_cluster,102,50_20_15_15,critical_selected_error_upper,1,72,0.8,0.1,7,0.000462962962962963,0.2619376680177011,false
Tox21_SR_p53,similarity_cluster,102,50_20_15_15,critical_selected_error_upper,1,81,0.9,0.0,0,0.000462962962962963,0.09043465667715363,true
Tox21_SR_p53,similarity_cluster,102,50_20_15_15,critical_selected_error_upper,1,81,0.9,0.02,2,0.000462962962962963,0.14084730616095226,false
Tox21_SR_p53,similarity_cluster,102,50_20_15_15,critical_selected_error_upper,1,81,0.9,0.05,4,0.000462962962962963,0.18147479308331774,false
Tox21_SR_p53,similarity_cluster,102,50_20_15_15,critical_selected_error_upper,1,81,0.9,0.1,8,0.000462962962962963,0.25216244372303326,false
Tox21_SR_p53,similarity_cluster,102,50_20_15_15,critical_selected_error_upper,1,90,1.0,0.0,0,0.000462962962962963,0.08177203789129493,true
Tox21_SR_p53,similarity_cluster,102,50_20_15_15,critical_selected_error_upper,1,90,1.0,0.02,2,0.000462962962962963,0.12755151904068104,false
Tox21_SR_p53,similarity_cluster,102,50_20_15_15,critical_selected_error_upper,1,90,1.0,0.05,4,0.000462962962962963,0.16452138318949674,false
Tox21_SR_p53,similarity_cluster,102,50_20_15_15,critical_selected_error_upper,1,90,1.0,0.1,9,0.000462962962962963,0.24396553848044036,false
Tox21_SR_p53,similarity_cluster,103,50_20_15_15,class_retention_lower,0,1244,,0.5,622,0.000462962962962963,0.4527600115312881,false
Tox21_SR_p53,similarity_cluster,103,50_20_15_15,class_retention_lower,0,1244,,0.6,746,0.000462962962962963,0.5527580265029963,true
Tox21_SR_p53,similarity_cluster,103,50_20_15_15,class_retention_lower,0,1244,,0.7,871,0.000462962962962963,0.655585428288125,true
Tox21_SR_p53,similarity_cluster,103,50_20_15_15,class_retention_lower,0,1244,,0.8,995,0.000462962962962963,0.7600665303155005,true
Tox21_SR_p53,similarity_cluster,103,50_20_15_15,class_retention_lower,0,1244,,0.9,1120,0.000462962962962963,0.8692984961675251,true
Tox21_SR_p53,similarity_cluster,103,50_20_15_15,class_retention_lower,0,1244,,1.0,1244,0.000462962962962963,0.9938470911525947,true
Tox21_SR_p53,similarity_cluster,103,50_20_15_15,class_retention_lower,1,66,,0.5,33,0.000462962962962963,0.29830166105638173,false
Tox21_SR_p53,similarity_cluster,103,50_20_15_15,class_retention_lower,1,66,,0.6,40,0.000462962962962963,0.3963897599076956,false
Tox21_SR_p53,similarity_cluster,103,50_20_15_15,class_retention_lower,1,66,,0.7,46,0.000462962962962963,0.48758885964042614,false
Tox21_SR_p53,similarity_cluster,103,50_20_15_15,class_retention_lower,1,66,,0.8,53,0.000462962962962963,0.6041102745088041,true
Tox21_SR_p53,similarity_cluster,103,50_20_15_15,class_retention_lower,1,66,,0.9,59,0.000462962962962963,0.7167635880951624,true
Tox21_SR_p53,similarity_cluster,103,50_20_15_15,class_retention_lower,1,66,,1.0,66,0.000462962962962963,0.8901802887320264,true
Tox21_SR_p53,similarity_cluster,103,50_20_15_15,critical_selected_error_upper,1,33,0.5,0.0,0,0.000462962962962963,0.2075790535529643,false
Tox21_SR_p53,similarity_cluster,103,50_20_15_15,critical_selected_error_upper,1,33,0.5,0.02,1,0.000462962962962963,0.26685780332821235,false
Tox21_SR_p53,similarity_cluster,103,50_20_15_15,critical_selected_error_upper,1,33,0.5,0.05,2,0.000462962962962963,0.3160980650053901,false
Tox21_SR_p53,similarity_cluster,103,50_20_15_15,critical_selected_error_upper,1,33,0.5,0.1,3,0.000462962962962963,0.36011592863720265,false
Tox21_SR_p53,similarity_cluster,103,50_20_15_15,critical_selected_error_upper,1,39,0.6,0.0,0,0.000462962962962963,0.17870120456138364,false
Tox21_SR_p53,similarity_cluster,103,50_20_15_15,critical_selected_error_upper,1,39,0.6,0.02,1,0.000462962962962963,0.23048920737189865,false
Tox21_SR_p53,similarity_cluster,103,50_20_15_15,critical_selected_error_upper,1,39,0.6,0.05,2,0.000462962962962963,0.27372590500358884,false
Tox21_SR_p53,similarity_cluster,103,50_20_15_15,critical_selected_error_upper,1,39,0.6,0.1,4,0.000462962962962963,0.3484834132153222,false
Tox21_SR_p53,similarity_cluster,103,50_20_15_15,critical_selected_error_upper,1,46,0.7,0.0,0,0.000462962962962963,0.15372429167360144,false
Tox21_SR_p53,similarity_cluster,103,50_20_15_15,critical_selected_error_upper,1,46,0.7,0.02,1,0.000462962962962963,0.1988198205549268,false
Tox21_SR_p53,similarity_cluster,103,50_20_15_15,critical_selected_error_upper,1,46,0.7,0.05,2,0.000462962962962963,0.23662401325430257,false
Tox21_SR_p53,similarity_cluster,103,50_20_15_15,critical_selected_error_upper,1,46,0.7,0.1,5,0.000462962962962963,0.3321885504992324,false
Tox21_SR_p53,similarity_cluster,103,50_20_15_15,critical_selected_error_upper,1,52,0.8,0.0,0,0.000462962962962963,0.13726803487800732,false
Tox21_SR_p53,similarity_cluster,103,50_20_15_15,critical_selected_error_upper,1,52,0.8,0.02,1,0.000462962962962963,0.17785009836364268,false
Tox21_SR_p53,similarity_cluster,103,50_20_15_15,critical_selected_error_upper,1,52,0.8,0.05,3,0.000462962962962963,0.2427650774557131,false
Tox21_SR_p53,similarity_cluster,103,50_20_15_15,critical_selected_error_upper,1,52,0.8,0.1,5,0.000462962962962963,0.298539858005902,false
Tox21_SR_p53,similarity_cluster,103,50_20_15_15,critical_selected_error_upper,1,59,0.9,0.0,0,0.000462962962962963,0.12202159355224,false
Tox21_SR_p53,similarity_cluster,103,50_20_15_15,critical_selected_error_upper,1,59,0.9,0.02,1,0.000462962962962963,0.15835049335722734,false
Tox21_SR_p53,similarity_cluster,103,50_20_15_15,critical_selected_error_upper,1,59,0.9,0.05,3,0.000462962962962963,0.2166503861234655,false
Tox21_SR_p53,similarity_cluster,103,50_20_15_15,critical_selected_error_upper,1,59,0.9,0.1,6,0.000462962962962963,0.29032792409773156,false
Tox21_SR_p53,similarity_cluster,103,50_20_15_15,critical_selected_error_upper,1,66,1.0,0.0,0,0.000462962962962963,0.10981971126797258,false
Tox21_SR_p53,similarity_cluster,103,50_20_15_15,critical_selected_error_upper,1,66,1.0,0.02,1,0.000462962962962963,0.14269636379297643,false
Tox21_SR_p53,similarity_cluster,103,50_20_15_15,critical_selected_error_upper,1,66,1.0,0.05,3,0.000462962962962963,0.19558845304637193,false
Tox21_SR_p53,similarity_cluster,103,50_20_15_15,critical_selected_error_upper,1,66,1.0,0.1,7,0.000462962962962963,0.28323641190483634,false
Tox21_SR_p53,similarity_cluster,104,50_20_15_15,class_retention_lower,0,1232,,0.5,616,0.000462962962962963,0.45252967910555636,false
Tox21_SR_p53,similarity_cluster,104,50_20_15_15,class_retention_lower,0,1232,,0.6,739,0.000462962962962963,0.5526874169603343,true
Tox21_SR_p53,similarity_cluster,104,50_20_15_15,class_retention_lower,0,1232,,0.7,862,0.000462962962962963,0.6548594681006874,true
Tox21_SR_p53,similarity_cluster,104,50_20_15_15,class_retention_lower,0,1232,,0.8,986,0.000462962962962963,0.7603793948364983,true
Tox21_SR_p53,similarity_cluster,104,50_20_15_15,class_retention_lower,0,1232,,0.9,1109,0.000462962962962963,0.8689554839192397,true
Tox21_SR_p53,similarity_cluster,104,50_20_15_15,class_retention_lower,0,1232,,1.0,1232,0.000462962962962963,0.9937873467721698,true
Tox21_SR_p53,similarity_cluster,104,50_20_15_15,class_retention_lower,1,78,,0.5,39,0.000462962962962963,0.3136409645871689,false
Tox21_SR_p53,similarity_cluster,104,50_20_15_15,class_retention_lower,1,78,,0.6,47,0.000462962962962963,0.40985792395203263,false
Tox21_SR_p53,similarity_cluster,104,50_20_15_15,class_retention_lower,1,78,,0.7,55,0.000462962962962963,0.5139144460612297,true
Tox21_SR_p53,similarity_cluster,104,50_20_15_15,class_retention_lower,1,78,,0.8,62,0.000462962962962963,0.612756603804939,true
Tox21_SR_p53,similarity_cluster,104,50_20_15_15,class_retention_lower,1,78,,0.9,70,0.000462962962962963,0.7390461022801071,true
Tox21_SR_p53,similarity_cluster,104,50_20_15_15,class_retention_lower,1,78,,1.0,78,0.000462962962962963,0.9062553698812574,true
Tox21_SR_p53,similarity_cluster,104,50_20_15_15,critical_selected_error_upper,1,39,0.5,0.0,0,0.000462962962962963,0.17870120456138364,false
Tox21_SR_p53,similarity_cluster,104,50_20_15_15,critical_selected_error_upper,1,39,0.5,0.02,1,0.000462962962962963,0.23048920737189865,false
Tox21_SR_p53,similarity_cluster,104,50_20_15_15,critical_selected_error_upper,1,39,0.5,0.05,2,0.000462962962962963,0.27372590500358884,false
Tox21_SR_p53,similarity_cluster,104,50_20_15_15,critical_selected_error_upper,1,39,0.5,0.1,4,0.000462962962962963,0.3484834132153222,false
Tox21_SR_p53,similarity_cluster,104,50_20_15_15,critical_selected_error_upper,1,46,0.6,0.0,0,0.000462962962962963,0.15372429167360144,false
Tox21_SR_p53,similarity_cluster,104,50_20_15_15,critical_selected_error_upper,1,46,0.6,0.02,1,0.000462962962962963,0.1988198205549268,false
Tox21_SR_p53,similarity_cluster,104,50_20_15_15,critical_selected_error_upper,1,46,0.6,0.05,2,0.000462962962962963,0.23662401325430257,false
Tox21_SR_p53,similarity_cluster,104,50_20_15_15,critical_selected_error_upper,1,46,0.6,0.1,5,0.000462962962962963,0.3321885504992324,false
Tox21_SR_p53,similarity_cluster,104,50_20_15_15,critical_selected_error_upper,1,54,0.7,0.0,0,0.000462962962962963,0.13253720650164205,false
Tox21_SR_p53,similarity_cluster,104,50_20_15_15,critical_selected_error_upper,1,54,0.7,0.02,1,0.000462962962962963,0.17180682926045762,false
Tox21_SR_p53,similarity_cluster,104,50_20_15_15,critical_selected_error_upper,1,54,0.7,0.05,3,0.000462962962962963,0.23468631518916094,false
Tox21_SR_p53,similarity_cluster,104,50_20_15_15,critical_selected_error_upper,1,54,0.7,0.1,5,0.000462962962962963,0.2887749590272147,false
Tox21_SR_p53,similarity_cluster,104,50_20_15_15,critical_selected_error_upper,1,62,0.8,0.0,0,0.000462962962962963,0.11647572184011538,false
Tox21_SR_p53,similarity_cluster,104,50_20_15_15,critical_selected_error_upper,1,62,0.8,0.02,1,0.000462962962962963,0.15124081763244338,false
Tox21_SR_p53,similarity_cluster,104,50_20_15_15,critical_selected_error_upper,1,62,0.8,0.05,3,0.000462962962962963,0.2070951936906314,false
Tox21_SR_p53,similarity_cluster,104,50_20_15_15,critical_selected_error_upper,1,62,0.8,0.1,6,0.000462962962962963,0.2777933199953223,false
Tox21_SR_p53,similarity_cluster,104,50_20_15_15,critical_selected_error_upper,1,70,0.9,0.0,0,0.000462962962962963,0.10388252516581535,false
Tox21_SR_p53,similarity_cluster,104,50_20_15_15,critical_selected_error_upper,1,70,0.9,0.02,1,0.000462962962962963,0.1350640958749031,false
Tox21_SR_p53,similarity_cluster,104,50_20_15_15,critical_selected_error_upper,1,70,0.9,0.05,4,0.000462962962962963,0.20760247072735719,false
Tox21_SR_p53,similarity_cluster,104,50_20_15_15,critical_selected_error_upper,1,70,0.9,0.1,7,0.000462962962962963,0.2686748486467381,false
Tox21_SR_p53,similarity_cluster,104,50_20_15_15,critical_selected_error_upper,1,78,1.0,0.0,0,0.000462962962962963,0.09374463011874166,true
Tox21_SR_p53,similarity_cluster,104,50_20_15_15,critical_selected_error_upper,1,78,1.0,0.02,2,0.000462962962962963,0.14591612040881052,false
Tox21_SR_p53,similarity_cluster,104,50_20_15_15,critical_selected_error_upper,1,78,1.0,0.05,4,0.000462962962962963,0.18792737549937974,false
Tox21_SR_p53,similarity_cluster,104,50_20_15_15,critical_selected_error_upper,1,78,1.0,0.1,8,0.000462962962962963,0.26095389771989175,false
Tox21_SR_p53,similarity_cluster,105,50_20_15_15,class_retention_lower,0,1232,,0.5,616,0.000462962962962963,0.45252967910555636,false
Tox21_SR_p53,similarity_cluster,105,50_20_15_15,class_retention_lower,0,1232,,0.6,739,0.000462962962962963,0.5526874169603343,true
Tox21_SR_p53,similarity_cluster,105,50_20_15_15,class_retention_lower,0,1232,,0.7,862,0.000462962962962963,0.6548594681006874,true
Tox21_SR_p53,similarity_cluster,105,50_20_15_15,class_retention_lower,0,1232,,0.8,986,0.000462962962962963,0.7603793948364983,true
Tox21_SR_p53,similarity_cluster,105,50_20_15_15,class_retention_lower,0,1232,,0.9,1109,0.000462962962962963,0.8689554839192397,true
Tox21_SR_p53,similarity_cluster,105,50_20_15_15,class_retention_lower,0,1232,,1.0,1232,0.000462962962962963,0.9937873467721698,true
Tox21_SR_p53,similarity_cluster,105,50_20_15_15,class_retention_lower,1,78,,0.5,39,0.000462962962962963,0.3136409645871689,false
Tox21_SR_p53,similarity_cluster,105,50_20_15_15,class_retention_lower,1,78,,0.6,47,0.000462962962962963,0.40985792395203263,false
Tox21_SR_p53,similarity_cluster,105,50_20_15_15,class_retention_lower,1,78,,0.7,55,0.000462962962962963,0.5139144460612297,true
Tox21_SR_p53,similarity_cluster,105,50_20_15_15,class_retention_lower,1,78,,0.8,62,0.000462962962962963,0.612756603804939,true
Tox21_SR_p53,similarity_cluster,105,50_20_15_15,class_retention_lower,1,78,,0.9,70,0.000462962962962963,0.7390461022801071,true
Tox21_SR_p53,similarity_cluster,105,50_20_15_15,class_retention_lower,1,78,,1.0,78,0.000462962962962963,0.9062553698812574,true
Tox21_SR_p53,similarity_cluster,105,50_20_15_15,critical_selected_error_upper,1,39,0.5,0.0,0,0.000462962962962963,0.17870120456138364,false
Tox21_SR_p53,similarity_cluster,105,50_20_15_15,critical_selected_error_upper,1,39,0.5,0.02,1,0.000462962962962963,0.23048920737189865,false
Tox21_SR_p53,similarity_cluster,105,50_20_15_15,critical_selected_error_upper,1,39,0.5,0.05,2,0.000462962962962963,0.27372590500358884,false
Tox21_SR_p53,similarity_cluster,105,50_20_15_15,critical_selected_error_upper,1,39,0.5,0.1,4,0.000462962962962963,0.3484834132153222,false
Tox21_SR_p53,similarity_cluster,105,50_20_15_15,critical_selected_error_upper,1,46,0.6,0.0,0,0.000462962962962963,0.15372429167360144,false
Tox21_SR_p53,similarity_cluster,105,50_20_15_15,critical_selected_error_upper,1,46,0.6,0.02,1,0.000462962962962963,0.1988198205549268,false
Tox21_SR_p53,similarity_cluster,105,50_20_15_15,critical_selected_error_upper,1,46,0.6,0.05,2,0.000462962962962963,0.23662401325430257,false
Tox21_SR_p53,similarity_cluster,105,50_20_15_15,critical_selected_error_upper,1,46,0.6,0.1,5,0.000462962962962963,0.3321885504992324,false
Tox21_SR_p53,similarity_cluster,105,50_20_15_15,critical_selected_error_upper,1,54,0.7,0.0,0,0.000462962962962963,0.13253720650164205,false
Tox21_SR_p53,similarity_cluster,105,50_20_15_15,critical_selected_error_upper,1,54,0.7,0.02,1,0.000462962962962963,0.17180682926045762,false
Tox21_SR_p53,similarity_cluster,105,50_20_15_15,critical_selected_error_upper,1,54,0.7,0.05,3,0.000462962962962963,0.23468631518916094,false
Tox21_SR_p53,similarity_cluster,105,50_20_15_15,critical_selected_error_upper,1,54,0.7,0.1,5,0.000462962962962963,0.2887749590272147,false
Tox21_SR_p53,similarity_cluster,105,50_20_15_15,critical_selected_error_upper,1,62,0.8,0.0,0,0.000462962962962963,0.11647572184011538,false
Tox21_SR_p53,similarity_cluster,105,50_20_15_15,critical_selected_error_upper,1,62,0.8,0.02,1,0.000462962962962963,0.15124081763244338,false
Tox21_SR_p53,similarity_cluster,105,50_20_15_15,critical_selected_error_upper,1,62,0.8,0.05,3,0.000462962962962963,0.2070951936906314,false
Tox21_SR_p53,similarity_cluster,105,50_20_15_15,critical_selected_error_upper,1,62,0.8,0.1,6,0.000462962962962963,0.2777933199953223,false
Tox21_SR_p53,similarity_cluster,105,50_20_15_15,critical_selected_error_upper,1,70,0.9,0.0,0,0.000462962962962963,0.10388252516581535,false
Tox21_SR_p53,similarity_cluster,105,50_20_15_15,critical_selected_error_upper,1,70,0.9,0.02,1,0.000462962962962963,0.1350640958749031,false
Tox21_SR_p53,similarity_cluster,105,50_20_15_15,critical_selected_error_upper,1,70,0.9,0.05,4,0.000462962962962963,0.20760247072735719,false
Tox21_SR_p53,similarity_cluster,105,50_20_15_15,critical_selected_error_upper,1,70,0.9,0.1,7,0.000462962962962963,0.2686748486467381,false
Tox21_SR_p53,similarity_cluster,105,50_20_15_15,critical_selected_error_upper,1,78,1.0,0.0,0,0.000462962962962963,0.09374463011874166,true
Tox21_SR_p53,similarity_cluster,105,50_20_15_15,critical_selected_error_upper,1,78,1.0,0.02,2,0.000462962962962963,0.14591612040881052,false
Tox21_SR_p53,similarity_cluster,105,50_20_15_15,critical_selected_error_upper,1,78,1.0,0.05,4,0.000462962962962963,0.18792737549937974,false
Tox21_SR_p53,similarity_cluster,105,50_20_15_15,critical_selected_error_upper,1,78,1.0,0.1,8,0.000462962962962963,0.26095389771989175,false
